scenario_id,family,scope,group,metric,n,mean,p10,p50,p90,minimum,maximum
ARRIVAL_DOMINANT,composition,building,all_spaces,whole_building_peak_occupancy,30,9720.994929517656,9500.018823206603,9676.675156573152,9979.222996116321,9434.926377267455,10193.5628304064
ARRIVAL_DOMINANT,composition,building,all_spaces,peak_function_occupancy,30,3400.369864113324,3313.856962499999,3364.097348941941,3530.801025934219,3313.856962499999,3771.1812629946535
ARRIVAL_DOMINANT,composition,building,all_spaces,public_person_hours_bem,30,106615.00279153707,106382.30624982782,106632.64499741106,106832.16681363317,106173.99881646551,107078.56042410104
ARRIVAL_DOMINANT,composition,building,all_spaces,staff_person_hours_bem,30,26510.8557,26510.85569999999,26510.8557,26510.855700000007,26510.855699999986,26510.855700000015
ARRIVAL_DOMINANT,composition,building,all_spaces,tracked_person_hours_including_flow_only,30,133197.82808059303,132981.3285643067,133220.61097139848,133422.33593830548,132750.9490370281,133626.13530219832
BASELINE_SPREAD,timing,building,all_spaces,whole_building_peak_occupancy,30,12941.063543240763,12632.4162036207,12888.923772346501,13239.529188729544,12523.665978978837,13489.633482240091
BASELINE_SPREAD,timing,building,all_spaces,peak_function_occupancy,30,7240.817519168966,6985.009715758147,7228.330105941872,7493.069937693105,6889.795886723206,7673.8505443410495
BASELINE_SPREAD,timing,building,all_spaces,public_person_hours_bem,30,151876.80784958586,151596.63267686707,151895.5772828727,152185.46312638558,151265.9548494815,152351.22686277106
BASELINE_SPREAD,timing,building,all_spaces,staff_person_hours_bem,30,26510.8557,26510.85569999999,26510.8557,26510.855700000007,26510.855699999986,26510.855700000015
BASELINE_SPREAD,timing,building,all_spaces,tracked_person_hours_including_flow_only,30,178609.44738517932,178280.26262440757,178637.8891892298,178875.22513670134,177975.0941111035,179067.70996000833
DEPARTURE_DOMINANT,composition,building,all_spaces,whole_building_peak_occupancy,30,15003.255009894561,14575.104354539779,14919.239587028118,15470.94681666331,14277.050879577848,15838.938953772176
DEPARTURE_DOMINANT,composition,building,all_spaces,peak_function_occupancy,30,9488.423537005552,9105.82972446434,9421.75561864817,9981.753931326097,9061.633760463534,10188.533085177822
DEPARTURE_DOMINANT,composition,building,all_spaces,public_person_hours_bem,30,177746.8652696471,177401.0486889922,177772.01815631735,178156.59883087638,176903.19179063314,178342.77998746483
DEPARTURE_DOMINANT,composition,building,all_spaces,staff_person_hours_bem,30,26510.8557,26510.85569999999,26510.8557,26510.855700000007,26510.855699999986,26510.855700000015
DEPARTURE_DOMINANT,composition,building,all_spaces,tracked_person_hours_including_flow_only,30,204581.33932577274,204171.14178621405,204580.77684434297,204966.8281509002,203766.55160018356,205250.2028107132
DETOUR_BASE,discretionary,building,all_spaces,whole_building_peak_occupancy,30,12941.063543240763,12632.4162036207,12888.923772346501,13239.529188729544,12523.665978978837,13489.633482240091
DETOUR_BASE,discretionary,building,all_spaces,peak_function_occupancy,30,7240.817519168966,6985.009715758147,7228.330105941872,7493.069937693105,6889.795886723206,7673.8505443410495
DETOUR_BASE,discretionary,building,all_spaces,public_person_hours_bem,30,151876.80784958586,151596.63267686707,151895.5772828727,152185.46312638558,151265.9548494815,152351.22686277106
DETOUR_BASE,discretionary,building,all_spaces,staff_person_hours_bem,30,26510.8557,26510.85569999999,26510.8557,26510.855700000007,26510.855699999986,26510.855700000015
DETOUR_BASE,discretionary,building,all_spaces,tracked_person_hours_including_flow_only,30,178609.44738517932,178280.26262440757,178637.8891892298,178875.22513670134,177975.0941111035,179067.70996000833
DETOUR_HIGH,discretionary,building,all_spaces,whole_building_peak_occupancy,30,13001.633065344939,12701.093731198938,13006.747550622731,13250.500167930768,12535.564421390798,13375.559825335278
DETOUR_HIGH,discretionary,building,all_spaces,peak_function_occupancy,30,7111.753764390347,6894.475321646756,7120.073800643837,7281.3996648780685,6759.221822542713,7516.246475815321
DETOUR_HIGH,discretionary,building,all_spaces,public_person_hours_bem,30,151602.95431907766,151264.12349568034,151624.5026913809,151938.35277240575,150751.32942071158,152186.6440071034
DETOUR_HIGH,discretionary,building,all_spaces,staff_person_hours_bem,30,26510.8557,26510.85569999999,26510.8557,26510.855700000007,26510.855699999986,26510.855700000015
DETOUR_HIGH,discretionary,building,all_spaces,tracked_person_hours_including_flow_only,30,178612.45645741245,178291.98522305727,178637.14808003337,178930.4454196332,177783.59744945847,179160.16135091626
DETOUR_LOW,discretionary,building,all_spaces,whole_building_peak_occupancy,30,12984.313952150564,12642.783297930779,12982.926699542328,13300.606848529813,12462.270697945529,13778.933075684918
DETOUR_LOW,discretionary,building,all_spaces,peak_function_occupancy,30,7372.451311071781,7037.680761937264,7358.075671566725,7662.68063964619,6993.259197537668,7930.854968447414
DETOUR_LOW,discretionary,building,all_spaces,public_person_hours_bem,30,152060.03254914298,151776.1532621426,152110.34415265947,152316.14373429155,151340.24738965606,152560.36215630977
DETOUR_LOW,discretionary,building,all_spaces,staff_person_hours_bem,30,26510.8557,26510.85569999999,26510.8557,26510.855700000007,26510.855699999986,26510.855700000015
DETOUR_LOW,discretionary,building,all_spaces,tracked_person_hours_including_flow_only,30,178602.221947749,178302.4310169131,178649.9799407376,178841.2611690728,177873.13459648262,179093.24936313462
DOUBLE_BANK,timing,building,all_spaces,whole_building_peak_occupancy,30,21202.31818723643,20522.50355763395,21225.8811417058,21802.992768206008,20126.57923213011,21994.49430234357
DOUBLE_BANK,timing,building,all_spaces,peak_function_occupancy,30,13119.10276581656,12860.344107467105,13077.778465276177,13363.972841961757,12664.450007968,13987.78827604895
DOUBLE_BANK,timing,building,all_spaces,public_person_hours_bem,30,151876.80784958586,151596.63267686707,151895.57728287266,152185.4631263856,151265.9548494815,152351.22686277106
DOUBLE_BANK,timing,building,all_spaces,staff_person_hours_bem,30,26510.8557,26510.85569999999,26510.8557,26510.855700000007,26510.855699999986,26510.855700000015
DOUBLE_BANK,timing,building,all_spaces,tracked_person_hours_including_flow_only,30,178609.44738517932,178280.26262440765,178637.88918922984,178875.22513670134,177975.09411110354,179067.70996000833
EVENING_BANK,timing,building,all_spaces,whole_building_peak_occupancy,30,33779.95883050039,33208.73397472856,33744.64550080869,34508.822347166606,32586.661352751635,35023.46428185273
EVENING_BANK,timing,building,all_spaces,peak_function_occupancy,30,24295.24677426772,23844.058825528722,24191.94426140165,24896.200897668732,23652.833434308304,25314.44036678312
EVENING_BANK,timing,building,all_spaces,public_person_hours_bem,30,151876.80784958586,151596.63267686707,151895.57728287266,152185.46312638558,151265.9548494815,152351.22686277106
EVENING_BANK,timing,building,all_spaces,staff_person_hours_bem,30,26510.8557,26510.85569999999,26510.8557,26510.855700000007,26510.855699999986,26510.855700000015
EVENING_BANK,timing,building,all_spaces,tracked_person_hours_including_flow_only,30,178609.44738517932,178280.2626244076,178637.8891892298,178875.22513670134,177975.09411110356,179067.70996000836
INTERNATIONAL_BOUNDARY_DOMINANT,composition,building,all_spaces,whole_building_peak_occupancy,30,8424.080711325352,8206.505628046627,8451.871945538445,8641.005770502812,8145.27408168258,8758.930597741486
INTERNATIONAL_BOUNDARY_DOMINANT,composition,building,all_spaces,peak_function_occupancy,30,3329.8397450810885,3313.856962499999,3313.8569625000005,3360.5885738633947,3313.856962499999,3551.88092255786
INTERNATIONAL_BOUNDARY_DOMINANT,composition,building,all_spaces,public_person_hours_bem,30,85130.36668455924,84941.75971399588,85138.53567485664,85311.12163202073,84620.07279663795,85519.30413720873
INTERNATIONAL_BOUNDARY_DOMINANT,composition,building,all_spaces,staff_person_hours_bem,30,26510.8557,26510.85569999999,26510.8557,26510.855700000007,26510.855699999986,26510.855700000015
INTERNATIONAL_BOUNDARY_DOMINANT,composition,building,all_spaces,tracked_person_hours_including_flow_only,30,111713.19197360816,111545.8979564313,111717.45612703857,111899.47522534589,111197.02301719373,112118.28586461386
MIDDAY_BANK,timing,building,all_spaces,whole_building_peak_occupancy,30,37106.407309650145,36578.90590737003,36972.027424147615,37820.696646288845,36557.55232959907,38582.06820239647
MIDDAY_BANK,timing,building,all_spaces,peak_function_occupancy,30,24409.442563463053,24002.33558695425,24292.577491628217,25070.460631217087,23731.08597486248,25515.719561004396
MIDDAY_BANK,timing,building,all_spaces,public_person_hours_bem,30,151876.80784958586,151596.6326768671,151895.5772828727,152185.46312638558,151265.9548494815,152351.22686277106
MIDDAY_BANK,timing,building,all_spaces,staff_person_hours_bem,30,26510.8557,26510.85569999999,26510.8557,26510.855700000007,26510.855699999986,26510.855700000015
MIDDAY_BANK,timing,building,all_spaces,tracked_person_hours_including_flow_only,30,178609.44738517932,178280.26262440762,178637.8891892298,178875.22513670134,177975.09411110354,179067.70996000833
MORNING_BANK,timing,building,all_spaces,whole_building_peak_occupancy,30,37124.02569055319,36562.74388085381,37126.799781904105,37599.0729958044,36421.31401038414,38471.45031193557
MORNING_BANK,timing,building,all_spaces,peak_function_occupancy,30,24414.857966465144,23991.28632933071,24396.01608310769,24834.0899923612,23702.48860547664,25246.972572752326
MORNING_BANK,timing,building,all_spaces,public_person_hours_bem,30,151876.80784958586,151596.63267686707,151895.5772828727,152185.4631263856,151265.9548494815,152351.22686277106
MORNING_BANK,timing,building,all_spaces,staff_person_hours_bem,30,26510.8557,26510.85569999999,26510.8557,26510.855700000007,26510.855699999986,26510.855700000015
MORNING_BANK,timing,building,all_spaces,tracked_person_hours_including_flow_only,30,178609.4473851793,178280.26262440762,178637.8891892298,178875.22513670134,177975.09411110354,179067.70996000833
TRANSFER_DOMINANT,composition,building,all_spaces,whole_building_peak_occupancy,30,13223.580277938812,12822.386419340337,13178.883146335167,13653.761627987391,12748.255535564535,14118.622561144275
TRANSFER_DOMINANT,composition,building,all_spaces,peak_function_occupancy,30,8465.564272818816,8189.392388666935,8412.931722683137,8816.101711859548,7902.3937348738655,9169.529705378984
TRANSFER_DOMINANT,composition,building,all_spaces,public_person_hours_bem,30,162451.28739913722,162103.7396505348,162387.96918215184,162834.19097851423,162063.2336197336,163142.32520420774
TRANSFER_DOMINANT,composition,building,all_spaces,staff_person_hours_bem,30,26510.8557,26510.85569999999,26510.8557,26510.855700000007,26510.855699999986,26510.855700000015
TRANSFER_DOMINANT,composition,building,all_spaces,tracked_person_hours_including_flow_only,30,189034.11268814764,188687.54418975968,188983.27899170946,189378.09393875743,188653.79335837133,189741.30693157387
VOLUME_0P50,volume,building,all_spaces,whole_building_peak_occupancy,30,8295.966508151927,8052.557075309013,8322.534219668996,8565.572484262715,7742.925654624167,8647.415774832998
VOLUME_0P50,volume,building,all_spaces,peak_function_occupancy,30,3762.363603852944,3596.8903153232905,3757.5141522049657,3979.8221311622465,3403.3837881174577,4119.160712377825
VOLUME_0P50,volume,building,all_spaces,public_person_hours_bem,30,75935.3290890363,75672.41124292328,75922.4678086904,76191.03019909703,75618.7265387044,76465.18302596438
VOLUME_0P50,volume,building,all_spaces,staff_person_hours_bem,30,26510.8557,26510.85569999999,26510.8557,26510.855700000007,26510.855699999986,26510.855700000015
VOLUME_0P50,volume,building,all_spaces,tracked_person_hours_including_flow_only,30,102557.32150136698,102310.4169283061,102566.43584089722,102754.1318694503,102232.39593733639,103064.16475336361
VOLUME_0P75,volume,building,all_spaces,whole_building_peak_occupancy,30,10613.271801426466,10354.836829626951,10610.727480729078,10862.926310233126,10284.421081631048,11156.708336805763
VOLUME_0P75,volume,building,all_spaces,peak_function_occupancy,30,5490.8917196178945,5283.5162821342765,5495.5095558669345,5715.641433164145,5158.98009222116,5824.250437684279
VOLUME_0P75,volume,building,all_spaces,public_person_hours_bem,30,113920.5076061861,113650.93190421602,113933.0212825755,114153.39417026502,113467.97319749578,114487.526599144
VOLUME_0P75,volume,building,all_spaces,staff_person_hours_bem,30,26510.8557,26510.85569999999,26510.8557,26510.855700000007,26510.855699999986,26510.855700000015
VOLUME_0P75,volume,building,all_spaces,tracked_person_hours_including_flow_only,30,140597.8235801657,140283.56217440852,140627.47287299356,140808.42052852776,140125.7056098314,141130.57134024668
VOLUME_1P00,volume,building,all_spaces,whole_building_peak_occupancy,30,12941.063543240763,12632.4162036207,12888.923772346501,13239.529188729544,12523.665978978837,13489.633482240091
VOLUME_1P00,volume,building,all_spaces,peak_function_occupancy,30,7240.817519168966,6985.009715758147,7228.330105941872,7493.069937693105,6889.795886723206,7673.8505443410495
VOLUME_1P00,volume,building,all_spaces,public_person_hours_bem,30,151876.80784958586,151596.63267686707,151895.5772828727,152185.46312638558,151265.9548494815,152351.22686277106
VOLUME_1P00,volume,building,all_spaces,staff_person_hours_bem,30,26510.8557,26510.85569999999,26510.8557,26510.855700000007,26510.855699999986,26510.855700000015
VOLUME_1P00,volume,building,all_spaces,tracked_person_hours_including_flow_only,30,178609.44738517932,178280.26262440757,178637.8891892298,178875.22513670134,177975.0941111035,179067.70996000833
VOLUME_1P25,volume,building,all_spaces,whole_building_peak_occupancy,30,15330.202856771364,14928.102938484539,15269.992724279644,15817.656430720916,14739.362317274969,16214.033848393534
VOLUME_1P25,volume,building,all_spaces,peak_function_occupancy,30,8996.805489834993,8650.34954869354,8959.047575993092,9389.024964101649,8584.139829260532,9798.439877393825
VOLUME_1P25,volume,building,all_spaces,public_person_hours_bem,30,189854.49774003262,189542.6105598411,189877.0603141761,190231.93517039611,189174.941300062,190452.5080791953
VOLUME_1P25,volume,building,all_spaces,staff_person_hours_bem,30,26510.8557,26510.85569999999,26510.8557,26510.855700000007,26510.855699999986,26510.855700000015
VOLUME_1P25,volume,building,all_spaces,tracked_person_hours_including_flow_only,30,216641.2368646317,216264.96872553625,216676.99175526534,217004.23141828267,215972.20658904462,217301.18021749187
VOLUME_1P50,volume,building,all_spaces,whole_building_peak_occupancy,30,17730.69173828035,17271.38233021834,17658.865997712353,18335.214378808836,16884.059265777752,18674.424271812837
VOLUME_1P50,volume,building,all_spaces,peak_function_occupancy,30,10827.764291491498,10440.793846004584,10772.03819933976,11264.192138172339,10271.596358508896,11680.859159650729
VOLUME_1P50,volume,building,all_spaces,public_person_hours_bem,30,227835.69867593513,227405.1441727118,227879.8288571327,228177.52043434483,227017.76662518902,228493.41006954442
VOLUME_1P50,volume,building,all_spaces,staff_person_hours_bem,30,26510.8557,26510.85569999999,26510.8557,26510.855700000007,26510.855699999986,26510.855700000015
VOLUME_1P50,volume,building,all_spaces,tracked_person_hours_including_flow_only,30,254678.9853347488,254258.95699590904,254711.52658733737,255013.11822938803,253903.1579415376,255408.17672835744
WAIT_LONG,dwell,building,all_spaces,whole_building_peak_occupancy,30,15213.309862498743,14798.373681262383,15237.527883400404,15598.164322011507,14674.487411627391,15757.602943060396
WAIT_LONG,dwell,building,all_spaces,peak_function_occupancy,30,9499.725164559517,9243.212376079922,9488.68164621687,9802.483186355574,8998.970042425284,10251.396989724144
WAIT_LONG,dwell,building,all_spaces,public_person_hours_bem,30,187127.21880848997,186847.04363577117,187145.98824177682,187435.87408528966,186516.36580838542,187601.63782167516
WAIT_LONG,dwell,building,all_spaces,staff_person_hours_bem,30,26510.8557,26510.85569999999,26510.8557,26510.855700000007,26510.855699999986,26510.855700000015
WAIT_LONG,dwell,building,all_spaces,tracked_person_hours_including_flow_only,30,213859.85834406,213530.6735832887,213888.30014811066,214125.6360955821,213225.5050699828,214318.12091888842
WAIT_MEDIUM,dwell,building,all_spaces,whole_building_peak_occupancy,30,12941.063543240763,12632.4162036207,12888.923772346501,13239.529188729544,12523.665978978837,13489.633482240091
WAIT_MEDIUM,dwell,building,all_spaces,peak_function_occupancy,30,7240.817519168966,6985.009715758147,7228.330105941872,7493.069937693105,6889.795886723206,7673.8505443410495
WAIT_MEDIUM,dwell,building,all_spaces,public_person_hours_bem,30,151876.80784958586,151596.63267686707,151895.5772828727,152185.46312638558,151265.9548494815,152351.22686277106
WAIT_MEDIUM,dwell,building,all_spaces,staff_person_hours_bem,30,26510.8557,26510.85569999999,26510.8557,26510.855700000007,26510.855699999986,26510.855700000015
WAIT_MEDIUM,dwell,building,all_spaces,tracked_person_hours_including_flow_only,30,178609.44738517932,178280.26262440757,178637.8891892298,178875.22513670134,177975.0941111035,179067.70996000833
WAIT_SHORT,dwell,building,all_spaces,whole_building_peak_occupancy,30,10685.716287354817,10410.108205516563,10638.115601702479,10944.12398119765,10301.715901447516,11307.624769942602
WAIT_SHORT,dwell,building,all_spaces,peak_function_occupancy,30,4981.197569783219,4820.967444919127,4941.149732205993,5211.233016164991,4736.564946774298,5522.956387396258
WAIT_SHORT,dwell,building,all_spaces,public_person_hours_bem,30,116626.39689068175,116346.22171796297,116645.1663239685,116935.05216748152,116015.54389057739,117100.815903867
WAIT_SHORT,dwell,building,all_spaces,staff_person_hours_bem,30,26510.8557,26510.85569999999,26510.8557,26510.855700000007,26510.855699999986,26510.855700000015
WAIT_SHORT,dwell,building,all_spaces,tracked_person_hours_including_flow_only,30,143359.03642630807,143029.85166553568,143387.47823035845,143624.814177831,142724.68315223075,143817.29900113706
BASELINE_SPREAD,timing,function,arrival_exit,daily_mean_occupancy,30,32.63926940639269,32.63926940639269,32.63926940639269,32.63926940639269,32.63926940639269,32.6392694063927
BASELINE_SPREAD,timing,function,arrival_exit,daily_peak_occupancy,30,67.52296356639498,61.394022925463055,67.52986605306548,71.7240476877796,60.11981418004396,80.74142176918157
BASELINE_SPREAD,timing,function,arrival_exit,person_hours,30,783.3424657534247,783.3424657534246,783.3424657534247,783.3424657534247,783.3424657534246,783.3424657534248
BASELINE_SPREAD,timing,function,baggage_claim,daily_mean_occupancy,30,652.7853881278538,652.7853881278538,652.7853881278538,652.7853881278538,652.7853881278538,652.7853881278538
BASELINE_SPREAD,timing,function,baggage_claim,daily_peak_occupancy,30,1237.4946518808952,1153.8554711332063,1224.49185145146,1352.3647706760528,1130.6705322669422,1431.1536555369862
BASELINE_SPREAD,timing,function,baggage_claim,person_hours,30,15666.849315068492,15666.849315068492,15666.849315068492,15666.849315068492,15666.849315068492,15666.849315068492
BASELINE_SPREAD,timing,function,breakroom,daily_mean_occupancy,30,6.928415760486113,5.928121899583335,6.903868671875003,8.118949558125003,4.970785443750001,8.744900317708336
BASELINE_SPREAD,timing,function,breakroom,daily_peak_occupancy,30,365.82035215366676,313.00483629800004,364.5242658750001,428.68053666900016,262.45747143000006,461.730736775
BASELINE_SPREAD,timing,function,breakroom,person_hours,30,166.28197825166671,142.27492559000004,165.69284812500007,194.85478939500007,119.29885065000003,209.87760762500005
BASELINE_SPREAD,timing,function,central_hall,daily_mean_occupancy,30,469.18949771689495,469.18949771689495,469.18949771689495,469.18949771689495,469.18949771689495,469.18949771689495
BASELINE_SPREAD,timing,function,central_hall,daily_peak_occupancy,30,809.2805275705801,762.3163976072269,809.6562835777149,840.3024198778503,746.7700860145916,904.135868353051
BASELINE_SPREAD,timing,function,central_hall,person_hours,30,11260.547945205479,11260.547945205479,11260.547945205479,11260.547945205479,11260.547945205479,11260.547945205479
BASELINE_SPREAD,timing,function,commercial,daily_mean_occupancy,30,48.09192351598173,44.644400684931504,48.193921232876704,51.71284246575342,39.473116438356165,52.01883561643836
BASELINE_SPREAD,timing,function,commercial,daily_peak_occupancy,30,173.2401700592559,142.0483265848098,173.18433470645755,203.6214911064205,127.94302310355837,229.61610049946523
BASELINE_SPREAD,timing,function,commercial,person_hours,30,1154.2061643835616,1071.465616438356,1156.6541095890411,1241.108219178082,947.3547945205479,1248.4520547945206
BASELINE_SPREAD,timing,function,concourse,daily_mean_occupancy,30,184.80966324200912,181.53553652968037,185.17685502283103,188.34898401826484,177.06803652968037,191.95970319634702
BASELINE_SPREAD,timing,function,concourse,daily_peak_occupancy,30,363.5711663546754,336.64539089627965,362.4350216452492,393.8506322125408,320.9683354635225,409.413274910666
BASELINE_SPREAD,timing,function,concourse,person_hours,30,4435.431917808219,4356.852876712329,4444.244520547945,4520.375616438356,4249.632876712329,4607.032876712328
BASELINE_SPREAD,timing,function,departure_entry,daily_mean_occupancy,30,244.79452054794515,244.79452054794515,244.79452054794515,244.7945205479452,244.79452054794515,244.7945205479452
BASELINE_SPREAD,timing,function,departure_entry,daily_peak_occupancy,30,494.9427128374875,462.12316080259626,483.38404919273404,542.5643616383169,432.17187594164596,577.2455041284258
BASELINE_SPREAD,timing,function,departure_entry,person_hours,30,5875.068493150684,5875.068493150684,5875.068493150684,5875.068493150685,5875.068493150684,5875.068493150685
BASELINE_SPREAD,timing,function,domestic_waiting,daily_mean_occupancy,30,4554.490629577494,4539.9671280767125,4556.457918020284,4567.023269909211,4528.089842472687,4580.143356725052
BASELINE_SPREAD,timing,function,domestic_waiting,daily_peak_occupancy,30,7240.817519168966,6985.009715758147,7228.330105941872,7493.069937693105,6889.795886723206,7673.8505443410495
BASELINE_SPREAD,timing,function,domestic_waiting,person_hours,30,109307.77510985984,108959.2110738411,109354.99003248679,109608.55847782106,108674.1562193445,109923.44056140125
BASELINE_SPREAD,timing,function,info,daily_mean_occupancy,30,0.0,0.0,0.0,0.0,0.0,0.0
BASELINE_SPREAD,timing,function,info,daily_peak_occupancy,30,0.0,0.0,0.0,0.0,0.0,0.0
BASELINE_SPREAD,timing,function,info,person_hours,30,0.0,0.0,0.0,0.0,0.0,0.0
BASELINE_SPREAD,timing,function,international_arrival,daily_mean_occupancy,30,40.799086757990864,40.799086757990864,40.79908675799087,40.79908675799087,40.79908675799086,40.79908675799087
BASELINE_SPREAD,timing,function,international_arrival,daily_peak_occupancy,30,106.72704817100863,93.15940314914246,105.70504156435597,129.42677179328982,85.47260494171302,136.492391733921
BASELINE_SPREAD,timing,function,international_arrival,person_hours,30,979.1780821917807,979.1780821917807,979.1780821917808,979.1780821917808,979.1780821917806,979.178082191781
BASELINE_SPREAD,timing,function,international_hall,daily_mean_occupancy,30,40.799086757990864,40.799086757990864,40.799086757990864,40.79908675799087,40.79908675799086,40.79908675799087
BASELINE_SPREAD,timing,function,international_hall,daily_peak_occupancy,30,105.7851753054772,85.34783027165967,104.13760175034369,129.0938605278824,80.35191784046785,136.49889677165805
BASELINE_SPREAD,timing,function,international_hall,person_hours,30,979.1780821917807,979.1780821917807,979.1780821917807,979.1780821917808,979.1780821917806,979.1780821917808
BASELINE_SPREAD,timing,function,office,daily_mean_occupancy,30,1097.6905717395139,1096.5000379418748,1097.715118828125,1098.6908656004175,1095.8740871822918,1099.64820205625
BASELINE_SPREAD,timing,function,office,daily_peak_occupancy,30,3313.8569625000005,3313.856962499999,3313.8569625000005,3313.856962500001,3313.856962499999,3313.8569625000023
BASELINE_SPREAD,timing,function,office,person_hours,30,26344.573721748333,26316.000910604995,26345.162851875,26368.580774410017,26300.978092375,26391.55684935
BASELINE_SPREAD,timing,function,restaurant,daily_mean_occupancy,30,19.002174657534244,15.269058219178083,19.277568493150685,22.337499999999995,13.157705479452055,26.00941780821918
BASELINE_SPREAD,timing,function,restaurant,daily_peak_occupancy,30,94.7783606498782,72.82797866589253,91.19229548902139,122.41186496088623,67.85616216963477,153.65932235372713
BASELINE_SPREAD,timing,function,restaurant,person_hours,30,456.0521917808219,366.45739726027404,462.6616438356164,536.0999999999999,315.7849315068493,624.2260273972603
BASELINE_SPREAD,timing,function,restroom,daily_mean_occupancy,30,9.240993150684933,7.007243150684931,9.33279109589041,11.321746575342464,6.7318493150684935,13.769691780821917
BASELINE_SPREAD,timing,function,restroom,daily_peak_occupancy,30,68.9125278242909,50.210240366878914,63.90776450363044,96.66139026364141,43.31426235157045,129.2039489123641
BASELINE_SPREAD,timing,function,restroom,person_hours,30,221.78383561643835,168.17383561643837,223.98698630136985,271.72191780821913,161.56438356164384,330.472602739726
BASELINE_SPREAD,timing,function,transfer,daily_mean_occupancy,30,40.799086757990864,40.799086757990864,40.799086757990864,40.79908675799087,40.799086757990864,40.79908675799087
BASELINE_SPREAD,timing,function,transfer,daily_peak_occupancy,30,110.0326567261799,94.25876029637203,109.54688100062876,127.54822053219812,87.08791831683382,138.53686453158517
BASELINE_SPREAD,timing,function,transfer,person_hours,30,979.1780821917807,979.1780821917807,979.1780821917807,979.1780821917808,979.1780821917807,979.1780821917808
BASELINE_SPREAD,timing,hvac_group,C1-DOAS,daily_mean_occupancy,30,408.40218676736106,381.19480742802074,406.8679937291666,437.9906337019791,367.0096585968749,457.3122608249999
BASELINE_SPREAD,timing,hvac_group,C1-DOAS,daily_peak_occupancy,30,1312.6113787196664,1223.8736533904996,1311.1827381624998,1394.7361183769997,1195.1977444749998,1481.9568336299994
BASELINE_SPREAD,timing,hvac_group,C1-DOAS,person_hours,30,9801.652482416664,9148.675378272497,9764.831849499998,10511.775208847499,8808.231806324997,10975.494259799998
BASELINE_SPREAD,timing,hvac_group,C1-VAV,daily_mean_occupancy,30,930.2191780821918,930.2191780821917,930.2191780821918,930.2191780821918,930.2191780821917,930.2191780821918
BASELINE_SPREAD,timing,hvac_group,C1-VAV,daily_peak_occupancy,30,1618.6800135693522,1532.759475760507,1602.6483714834628,1754.5413427000403,1486.4616930503626,1823.4330774051766
BASELINE_SPREAD,timing,hvac_group,C1-VAV,person_hours,30,22325.2602739726,22325.2602739726,22325.260273972603,22325.260273972603,22325.2602739726,22325.260273972603
BASELINE_SPREAD,timing,hvac_group,C2-DOAS,daily_mean_occupancy,30,202.97680733920143,175.40429005677078,200.81052676927084,232.74322066625012,171.40004622708332,268.42241396250023
BASELINE_SPREAD,timing,hvac_group,C2-DOAS,daily_peak_occupancy,30,612.6216904675001,530.2171139999998,606.4358241375,702.5376760500004,516.96168615,808.5810988500008
BASELINE_SPREAD,timing,hvac_group,C2-DOAS,person_hours,30,4871.443376140834,4209.702961362499,4819.4526424625,5585.837295990003,4113.60110945,6442.137935100006
BASELINE_SPREAD,timing,hvac_group,C2-VAV,daily_mean_occupancy,30,528.4807705479451,527.3179965753425,528.1951769406392,530.0005365296803,525.6962328767123,532.4280821917808
BASELINE_SPREAD,timing,hvac_group,C2-VAV,daily_peak_occupancy,30,884.4174157916987,841.6877748053138,868.1621395330944,944.3509140615797,799.2413837264036,1024.350625554375
BASELINE_SPREAD,timing,hvac_group,C2-VAV,person_hours,30,12683.538493150683,12655.63191780822,12676.684246575342,12720.012876712328,12616.709589041095,12778.27397260274
BASELINE_SPREAD,timing,hvac_group,NE-DOAS,daily_mean_occupancy,30,104.6104865023264,86.62053893645836,102.26930792604168,125.95418004968752,80.72923766979167,126.66297723333334
BASELINE_SPREAD,timing,hvac_group,NE-DOAS,daily_peak_occupancy,30,341.9753102768334,297.2750619160001,325.6416775150001,392.890881474,261.57377624000003,435.6617286700001
BASELINE_SPREAD,timing,hvac_group,NE-DOAS,person_hours,30,2510.651676055834,2078.8929344750004,2454.463390225,3022.9003211925005,1937.5017040750001,3039.9114536
BASELINE_SPREAD,timing,hvac_group,NE-VAV,daily_mean_occupancy,30,959.7712065026669,915.8195449697445,959.1344922297302,1007.8229159347131,890.7016585578534,1016.4444463585425
BASELINE_SPREAD,timing,hvac_group,NE-VAV,daily_peak_occupancy,30,1698.3946052436186,1535.225532605499,1699.626513447237,1850.2478836922533,1468.3577313277178,1972.2443513792248
BASELINE_SPREAD,timing,hvac_group,NE-VAV,person_hours,30,23034.508956064008,21979.66907927387,23019.227813513524,24187.749982433117,21376.83980538848,24394.66671260502
BASELINE_SPREAD,timing,hvac_group,NW-DOAS,daily_mean_occupancy,30,154.20174226892362,137.6631413171875,154.7387098322917,168.1966511633333,126.29477090416667,199.9360367375
BASELINE_SPREAD,timing,hvac_group,NW-DOAS,daily_peak_occupancy,30,471.03899277633343,424.1736912,468.80029829500006,521.5127163785,397.22098790500013,603.121967175
BASELINE_SPREAD,timing,hvac_group,NW-DOAS,person_hours,30,3700.841814454167,3303.9153916125006,3713.7290359750004,4036.7196279199998,3031.0745017,4798.4648817
BASELINE_SPREAD,timing,hvac_group,NW-VAV,daily_mean_occupancy,30,838.3918422562296,799.0440531365058,837.7909791795787,871.8819104928791,780.5152111847464,909.2141421457121
BASELINE_SPREAD,timing,hvac_group,NW-VAV,daily_peak_occupancy,30,1527.5685681826108,1441.3519640602526,1512.4523350124045,1609.5055270794699,1374.1076675175966,1771.9791430008574
BASELINE_SPREAD,timing,hvac_group,NW-VAV,person_hours,30,20121.404214149512,19177.05727527614,20106.98350030989,20925.1658518291,18732.36506843391,21821.13941149709
BASELINE_SPREAD,timing,hvac_group,S-DOAS,daily_mean_occupancy,30,91.41642637385416,74.46052491572918,89.10593165833333,108.05014729395833,63.60764336354168,129.60862786666664
BASELINE_SPREAD,timing,hvac_group,S-DOAS,daily_peak_occupancy,30,275.93382307750005,224.67950205750003,268.42241396250006,326.08352511000004,192.20370382500005,391.03512157499995
BASELINE_SPREAD,timing,hvac_group,S-DOAS,person_hours,30,2193.9942329725004,1787.0525979775002,2138.5423597999998,2593.2035350549995,1526.5834407250004,3110.6070687999995
BASELINE_SPREAD,timing,hvac_group,S-VAV,daily_mean_occupancy,30,40.799086757990864,40.799086757990864,40.79908675799087,40.79908675799087,40.79908675799086,40.79908675799087
BASELINE_SPREAD,timing,hvac_group,S-VAV,daily_peak_occupancy,30,106.72704817100863,93.15940314914246,105.70504156435597,129.42677179328982,85.47260494171302,136.492391733921
BASELINE_SPREAD,timing,hvac_group,S-VAV,person_hours,30,979.1780821917807,979.1780821917807,979.1780821917808,979.1780821917808,979.1780821917806,979.178082191781
BASELINE_SPREAD,timing,hvac_group,SE-DOAS,daily_mean_occupancy,30,32.396020194513895,23.99784750343751,31.02138323229167,41.80062351864584,17.6739038,47.95887437395834
BASELINE_SPREAD,timing,hvac_group,SE-DOAS,daily_peak_occupancy,30,99.37152411550001,72.24208178250002,99.1947850775,125.92656457500001,53.02171140000001,145.80970635
BASELINE_SPREAD,timing,hvac_group,SE-DOAS,person_hours,30,777.5044846683335,575.9483400825002,744.513197575,1003.2149644475002,424.17369120000006,1151.012984975
BASELINE_SPREAD,timing,hvac_group,SE-VAV,daily_mean_occupancy,30,1549.5436029901039,1501.2619223528977,1552.7685878431644,1590.487482435348,1496.4363674964072,1617.0377298079818
BASELINE_SPREAD,timing,hvac_group,SE-VAV,daily_peak_occupancy,30,2637.2569099214434,2516.651320240505,2639.0782144456593,2753.1437551921144,2390.014371973555,2855.7158277040794
BASELINE_SPREAD,timing,hvac_group,SE-VAV,person_hours,30,37189.04647176249,36030.28613646954,37266.44610823595,38171.69957844835,35914.472819913775,38808.90551539156
BASELINE_SPREAD,timing,hvac_group,SW-DOAS,daily_mean_occupancy,30,110.61531805381946,94.6934627034375,111.01420824375003,125.39266539770833,90.21055064583335,134.30325856354168
BASELINE_SPREAD,timing,hvac_group,SW-DOAS,daily_peak_occupancy,30,333.63911898450004,284.3289273825,334.69955321250006,377.779693725,271.73627092500004,404.29054942500005
BASELINE_SPREAD,timing,hvac_group,SW-DOAS,person_hours,30,2654.767633291667,2272.6431048825,2664.3409978500003,3009.423969545,2165.0532155000005,3223.2782055250004
BASELINE_SPREAD,timing,hvac_group,SW-VAV,daily_mean_occupancy,30,1490.2356330796342,1454.2890819063678,1480.9893538465963,1543.122962100061,1410.531526113518,1572.469598840756
BASELINE_SPREAD,timing,hvac_group,SW-VAV,daily_peak_occupancy,30,2529.874263509318,2347.1406594122836,2509.7909261960394,2690.82896916751,2291.94772806851,2770.706516081535
BASELINE_SPREAD,timing,hvac_group,SW-VAV,person_hours,30,35765.65519391122,34902.937965752826,35543.744492318314,37034.95109040146,33852.75662672443,37739.27037217814
BASELINE_SPREAD,timing,hvac_group,zuoffice11-FCU,daily_mean_occupancy,30,0.0,0.0,0.0,0.0,0.0,0.0
BASELINE_SPREAD,timing,hvac_group,zuoffice11-FCU,daily_peak_occupancy,30,0.0,0.0,0.0,0.0,0.0,0.0
BASELINE_SPREAD,timing,hvac_group,zuoffice11-FCU,person_hours,30,0.0,0.0,0.0,0.0,0.0,0.0
BASELINE_SPREAD,timing,region,central_sector_1,daily_mean_occupancy,30,1338.6213648495527,1311.4139855102123,1337.0871718113583,1368.2098117841708,1297.2288366790665,1387.5314389071916
BASELINE_SPREAD,timing,region,central_sector_1,daily_peak_occupancy,30,2704.7240542881395,2583.0310931941503,2700.751247355522,2850.2086600205375,2463.3658073860934,2933.023478853115
BASELINE_SPREAD,timing,region,central_sector_1,person_hours,30,32126.912756389265,31473.935652245094,32090.092123472597,32837.0354828201,31133.492080297598,33300.7545337726
BASELINE_SPREAD,timing,region,central_sector_2,daily_mean_occupancy,30,731.4575778871466,704.4144341842252,728.659926020812,760.7127743140584,698.9322380079052,797.076580629167
BASELINE_SPREAD,timing,region,central_sector_2,daily_peak_occupancy,30,1463.54702857851,1373.5276263453854,1445.3214317550792,1560.1015340869571,1351.6506235137886,1650.1552417301211
BASELINE_SPREAD,timing,region,central_sector_2,person_hours,30,17554.981869291518,16905.946420421402,17487.838224499486,18257.106583537403,16774.373712189725,19129.837935100008
BASELINE_SPREAD,timing,region,northeast_pier,daily_mean_occupancy,30,1064.3816930049934,1022.9000867593769,1062.0492734668514,1107.5064667084941,986.3432525588952,1133.3999384393524
BASELINE_SPREAD,timing,region,northeast_pier,daily_peak_occupancy,30,1970.5126300392078,1810.4159348115722,1951.8817578892204,2149.288571831524,1765.0216663302792,2250.6083362292247
BASELINE_SPREAD,timing,region,northeast_pier,person_hours,30,25545.160632119845,24549.602082225047,25489.182563204435,26580.155201003858,23672.238061413485,27201.598522544457
BASELINE_SPREAD,timing,region,northwest_pier,daily_mean_occupancy,30,992.5935845251533,944.046693950915,990.149656436474,1040.671927504655,940.5984126698421,1055.9772520646068
BASELINE_SPREAD,timing,region,northwest_pier,daily_peak_occupancy,30,1961.4363206122885,1845.3303462807817,1960.0897012172813,2073.147144924689,1762.9369216238156,2119.13283088646
BASELINE_SPREAD,timing,region,northwest_pier,person_hours,30,23822.24602860368,22657.12065482196,23763.591754475376,24976.126260111723,22574.36190407621,25343.45404955056
BASELINE_SPREAD,timing,region,south_central_pier,daily_mean_occupancy,30,132.21551313184506,115.25961167372004,129.9050184163242,148.8492340519492,104.40673012153253,170.40771462465753
BASELINE_SPREAD,timing,region,south_central_pier,daily_peak_occupancy,30,355.9438301589867,303.04805700410606,353.2709835342571,415.9949625493184,270.439663084764,473.4948579228235
BASELINE_SPREAD,timing,region,south_central_pier,person_hours,30,3173.172315164281,2766.2306801692807,3117.7204419917807,3572.381617246781,2505.761522916781,4089.7851509917805
BASELINE_SPREAD,timing,region,southeast_pier,daily_mean_occupancy,30,1581.9396231846179,1536.4397681296475,1582.3430182332215,1630.4694326436993,1517.1591777349279,1645.66577190069
BASELINE_SPREAD,timing,region,southeast_pier,daily_peak_occupancy,30,2722.073819603858,2595.322618927943,2729.599976770952,2876.1671982467155,2496.057794773555,2948.503822654079
BASELINE_SPREAD,timing,region,southeast_pier,person_hours,30,37966.55095643083,36874.554435111546,37976.23243759732,39131.266383448776,36411.82026563827,39495.97852561656
BASELINE_SPREAD,timing,region,southwest_pier,daily_mean_occupancy,30,1600.8509511334537,1555.3311030423633,1591.8803632383124,1659.7150638909395,1518.87623847081,1686.6135608824225
BASELINE_SPREAD,timing,region,southwest_pier,daily_peak_occupancy,30,2841.2754672780584,2723.6593937925286,2810.828795967029,3030.9798399418596,2520.5386286892895,3052.7661076745503
BASELINE_SPREAD,timing,region,southwest_pier,person_hours,30,38420.42282720289,37327.946473016724,38205.12871771949,39833.161533382554,36453.02972329944,40478.72546117814
DOUBLE_BANK,timing,function,arrival_exit,daily_mean_occupancy,30,32.63926940639269,32.63926940639269,32.63926940639269,32.6392694063927,32.63926940639269,32.6392694063927
DOUBLE_BANK,timing,function,arrival_exit,daily_peak_occupancy,30,114.40385285086911,106.69674875947713,115.04278409252437,122.06089395700225,106.38084061492722,125.6788008241642
DOUBLE_BANK,timing,function,arrival_exit,person_hours,30,783.3424657534247,783.3424657534247,783.3424657534247,783.3424657534248,783.3424657534246,783.3424657534248
DOUBLE_BANK,timing,function,baggage_claim,daily_mean_occupancy,30,652.7853881278538,652.7853881278538,652.7853881278538,652.7853881278539,652.7853881278538,652.7853881278539
DOUBLE_BANK,timing,function,baggage_claim,daily_peak_occupancy,30,2153.949584967055,2026.5665720911472,2180.0832456292333,2252.376363336823,1976.5415054367636,2363.395006494224
DOUBLE_BANK,timing,function,baggage_claim,person_hours,30,15666.849315068492,15666.849315068492,15666.849315068492,15666.849315068494,15666.849315068492,15666.849315068494
DOUBLE_BANK,timing,function,breakroom,daily_mean_occupancy,30,6.928415760486113,5.928121899583335,6.903868671875003,8.118949558125003,4.970785443750001,8.744900317708336
DOUBLE_BANK,timing,function,breakroom,daily_peak_occupancy,30,365.82035215366676,313.00483629800004,364.5242658750001,428.68053666900016,262.45747143000006,461.730736775
DOUBLE_BANK,timing,function,breakroom,person_hours,30,166.28197825166671,142.27492559000004,165.69284812500007,194.85478939500007,119.29885065000003,209.87760762500005
DOUBLE_BANK,timing,function,central_hall,daily_mean_occupancy,30,469.18949771689495,469.18949771689495,469.18949771689495,469.189497716895,469.18949771689495,469.189497716895
DOUBLE_BANK,timing,function,central_hall,daily_peak_occupancy,30,1479.8319915745262,1414.7789012683086,1465.6402886134938,1558.1723822869733,1389.9968761040645,1591.0955857606025
DOUBLE_BANK,timing,function,central_hall,person_hours,30,11260.547945205479,11260.547945205479,11260.547945205479,11260.54794520548,11260.547945205479,11260.54794520548
DOUBLE_BANK,timing,function,commercial,daily_mean_occupancy,30,48.09192351598173,44.64440068493151,48.19392123287671,51.71284246575342,39.473116438356165,52.01883561643836
DOUBLE_BANK,timing,function,commercial,daily_peak_occupancy,30,244.33891119318392,204.55184888283003,239.6309409328182,273.90126905458305,181.88177539377963,355.81567225870725
DOUBLE_BANK,timing,function,commercial,person_hours,30,1154.2061643835616,1071.4656164383562,1156.6541095890411,1241.108219178082,947.3547945205479,1248.4520547945206
DOUBLE_BANK,timing,function,concourse,daily_mean_occupancy,30,184.80966324200912,181.53553652968037,185.17685502283103,188.34898401826484,177.06803652968037,191.95970319634705
DOUBLE_BANK,timing,function,concourse,daily_peak_occupancy,30,627.4769451348972,594.1775729126432,623.9883046410729,651.0808162423033,561.3511914618216,821.8373861568596
DOUBLE_BANK,timing,function,concourse,person_hours,30,4435.43191780822,4356.852876712329,4444.244520547945,4520.375616438356,4249.632876712329,4607.032876712329
DOUBLE_BANK,timing,function,departure_entry,daily_mean_occupancy,30,244.7945205479452,244.79452054794524,244.7945205479452,244.7945205479452,244.7945205479452,244.79452054794524
DOUBLE_BANK,timing,function,departure_entry,daily_peak_occupancy,30,819.4590222875281,777.0631179132189,810.4557401883949,880.3496882711256,752.7542757969337,915.3974395666487
DOUBLE_BANK,timing,function,departure_entry,person_hours,30,5875.068493150685,5875.068493150685,5875.068493150685,5875.068493150685,5875.068493150685,5875.068493150686
DOUBLE_BANK,timing,function,domestic_waiting,daily_mean_occupancy,30,4554.490629577494,4539.9671280767125,4556.457918020284,4567.023269909211,4528.089842472687,4580.1433567250515
DOUBLE_BANK,timing,function,domestic_waiting,daily_peak_occupancy,30,13119.10276581656,12860.344107467105,13077.778465276177,13363.972841961757,12664.450007968,13987.78827604895
DOUBLE_BANK,timing,function,domestic_waiting,person_hours,30,109307.77510985984,108959.2110738411,109354.99003248679,109608.55847782108,108674.1562193445,109923.44056140124
DOUBLE_BANK,timing,function,info,daily_mean_occupancy,30,0.0,0.0,0.0,0.0,0.0,0.0
DOUBLE_BANK,timing,function,info,daily_peak_occupancy,30,0.0,0.0,0.0,0.0,0.0,0.0
DOUBLE_BANK,timing,function,info,person_hours,30,0.0,0.0,0.0,0.0,0.0,0.0
DOUBLE_BANK,timing,function,international_arrival,daily_mean_occupancy,30,40.799086757990864,40.799086757990864,40.79908675799087,40.79908675799087,40.79908675799086,40.799086757990885
DOUBLE_BANK,timing,function,international_arrival,daily_peak_occupancy,30,173.03673058520295,159.31085318012134,167.96797801162944,203.27954830481485,150.27002272886452,208.2792489381536
DOUBLE_BANK,timing,function,international_arrival,person_hours,30,979.1780821917807,979.1780821917807,979.1780821917808,979.1780821917808,979.1780821917806,979.1780821917813
DOUBLE_BANK,timing,function,international_hall,daily_mean_occupancy,30,40.799086757990864,40.799086757990864,40.799086757990864,40.79908675799087,40.79908675799086,40.79908675799087
DOUBLE_BANK,timing,function,international_hall,daily_peak_occupancy,30,173.27983990567708,154.73764771944496,171.19795278488093,201.25205871940648,148.91675104082984,207.14667618113577
DOUBLE_BANK,timing,function,international_hall,person_hours,30,979.1780821917807,979.1780821917807,979.1780821917807,979.178082191781,979.1780821917806,979.178082191781
DOUBLE_BANK,timing,function,office,daily_mean_occupancy,30,1097.6905717395139,1096.5000379418748,1097.715118828125,1098.6908656004175,1095.8740871822918,1099.64820205625
DOUBLE_BANK,timing,function,office,daily_peak_occupancy,30,3313.8569625000005,3313.856962499999,3313.8569625000005,3313.856962500001,3313.856962499999,3313.8569625000023
DOUBLE_BANK,timing,function,office,person_hours,30,26344.573721748333,26316.000910604995,26345.162851875,26368.580774410017,26300.978092375,26391.55684935
DOUBLE_BANK,timing,function,restaurant,daily_mean_occupancy,30,19.002174657534244,15.269058219178083,19.277568493150685,22.337499999999995,13.157705479452055,26.009417808219172
DOUBLE_BANK,timing,function,restaurant,daily_peak_occupancy,30,124.38416799032515,92.88778875192568,125.06529228882667,155.69102956612647,82.46836948635942,183.73952397329361
DOUBLE_BANK,timing,function,restaurant,person_hours,30,456.0521917808219,366.457397260274,462.6616438356165,536.0999999999999,315.7849315068493,624.2260273972602
DOUBLE_BANK,timing,function,restroom,daily_mean_occupancy,30,9.240993150684933,7.007243150684931,9.33279109589041,11.321746575342466,6.731849315068492,13.769691780821917
DOUBLE_BANK,timing,function,restroom,daily_peak_occupancy,30,79.85334393327008,65.6654646439498,74.40946339376615,101.28558583502237,50.213772669950174,132.76582772801345
DOUBLE_BANK,timing,function,restroom,person_hours,30,221.78383561643835,168.17383561643837,223.98698630136988,271.7219178082192,161.5643835616438,330.472602739726
DOUBLE_BANK,timing,function,transfer,daily_mean_occupancy,30,40.799086757990864,40.799086757990864,40.79908675799087,40.79908675799087,40.79908675799086,40.79908675799087
DOUBLE_BANK,timing,function,transfer,daily_peak_occupancy,30,173.49421237165734,158.94143860271998,171.94546191736333,194.64099328759434,150.04435851962558,199.94080149938793
DOUBLE_BANK,timing,function,transfer,person_hours,30,979.1780821917807,979.1780821917807,979.1780821917808,979.1780821917808,979.1780821917806,979.178082191781
DOUBLE_BANK,timing,hvac_group,C1-DOAS,daily_mean_occupancy,30,408.40218676736106,381.19480742802074,406.8679937291666,437.9906337019791,367.0096585968749,457.3122608249999
DOUBLE_BANK,timing,hvac_group,C1-DOAS,daily_peak_occupancy,30,1312.6113787196664,1223.8736533904996,1311.1827381624998,1394.7361183769997,1195.1977444749998,1481.9568336299994
DOUBLE_BANK,timing,hvac_group,C1-DOAS,person_hours,30,9801.652482416664,9148.675378272497,9764.831849499998,10511.775208847499,8808.231806324997,10975.494259799998
DOUBLE_BANK,timing,hvac_group,C1-VAV,daily_mean_occupancy,30,930.2191780821918,930.2191780821918,930.2191780821918,930.2191780821918,930.2191780821918,930.2191780821918
DOUBLE_BANK,timing,hvac_group,C1-VAV,daily_peak_occupancy,30,2931.725462172025,2833.0620641621713,2911.323939087286,3064.3459600146266,2748.8908622501876,3221.3399573307897
DOUBLE_BANK,timing,hvac_group,C1-VAV,person_hours,30,22325.260273972603,22325.260273972603,22325.260273972603,22325.260273972603,22325.260273972603,22325.260273972603
DOUBLE_BANK,timing,hvac_group,C2-DOAS,daily_mean_occupancy,30,202.97680733920143,175.40429005677078,200.81052676927084,232.74322066625012,171.40004622708332,268.42241396250023
DOUBLE_BANK,timing,hvac_group,C2-DOAS,daily_peak_occupancy,30,612.6216904675001,530.2171139999998,606.4358241375,702.5376760500004,516.96168615,808.5810988500008
DOUBLE_BANK,timing,hvac_group,C2-DOAS,person_hours,30,4871.443376140834,4209.702961362499,4819.4526424625,5585.837295990003,4113.60110945,6442.137935100006
DOUBLE_BANK,timing,hvac_group,C2-VAV,daily_mean_occupancy,30,528.4807705479452,527.3179965753425,528.1951769406393,530.0005365296803,525.6962328767123,532.4280821917808
DOUBLE_BANK,timing,hvac_group,C2-VAV,daily_peak_occupancy,30,1644.1221913407308,1588.1505173332566,1639.2405930390594,1683.7190952245044,1545.649876585297,1852.2387815285908
DOUBLE_BANK,timing,hvac_group,C2-VAV,person_hours,30,12683.538493150683,12655.63191780822,12676.684246575343,12720.012876712328,12616.709589041096,12778.27397260274
DOUBLE_BANK,timing,hvac_group,NE-DOAS,daily_mean_occupancy,30,104.6104865023264,86.62053893645836,102.26930792604168,125.95418004968752,80.72923766979167,126.66297723333334
DOUBLE_BANK,timing,hvac_group,NE-DOAS,daily_peak_occupancy,30,341.9753102768334,297.2750619160001,325.6416775150001,392.890881474,261.57377624000003,435.6617286700001
DOUBLE_BANK,timing,hvac_group,NE-DOAS,person_hours,30,2510.651676055834,2078.8929344750004,2454.463390225,3022.9003211925005,1937.5017040750001,3039.9114536
DOUBLE_BANK,timing,hvac_group,NE-VAV,daily_mean_occupancy,30,959.771206502667,915.8195449697444,959.1344922297303,1007.8229159347131,890.7016585578534,1016.4444463585425
DOUBLE_BANK,timing,hvac_group,NE-VAV,daily_peak_occupancy,30,3018.5097208712978,2763.365225499721,2999.587021788414,3314.3223036714944,2679.6907113171214,3450.4229163496675
DOUBLE_BANK,timing,hvac_group,NE-VAV,person_hours,30,23034.508956064008,21979.669079273866,23019.227813513528,24187.749982433117,21376.83980538848,24394.66671260502
DOUBLE_BANK,timing,hvac_group,NW-DOAS,daily_mean_occupancy,30,154.20174226892362,137.6631413171875,154.7387098322917,168.1966511633333,126.29477090416667,199.9360367375
DOUBLE_BANK,timing,hvac_group,NW-DOAS,daily_peak_occupancy,30,471.03899277633343,424.1736912,468.80029829500006,521.5127163785,397.22098790500013,603.121967175
DOUBLE_BANK,timing,hvac_group,NW-DOAS,person_hours,30,3700.841814454167,3303.9153916125006,3713.7290359750004,4036.7196279199998,3031.0745017,4798.4648817
DOUBLE_BANK,timing,hvac_group,NW-VAV,daily_mean_occupancy,30,838.3918422562296,799.0440531365058,837.7909791795787,871.881910492879,780.5152111847465,909.2141421457121
DOUBLE_BANK,timing,hvac_group,NW-VAV,daily_peak_occupancy,30,2627.9537238350267,2441.1862909927872,2618.111097633967,2772.543193273524,2331.55749578235,3035.8362352497306
DOUBLE_BANK,timing,hvac_group,NW-VAV,person_hours,30,20121.404214149512,19177.05727527614,20106.98350030989,20925.165851829097,18732.365068433915,21821.13941149709
DOUBLE_BANK,timing,hvac_group,S-DOAS,daily_mean_occupancy,30,91.41642637385416,74.46052491572918,89.10593165833333,108.05014729395833,63.60764336354168,129.60862786666664
DOUBLE_BANK,timing,hvac_group,S-DOAS,daily_peak_occupancy,30,275.93382307750005,224.67950205750003,268.42241396250006,326.08352511000004,192.20370382500005,391.03512157499995
DOUBLE_BANK,timing,hvac_group,S-DOAS,person_hours,30,2193.9942329725004,1787.0525979775002,2138.5423597999998,2593.2035350549995,1526.5834407250004,3110.6070687999995
DOUBLE_BANK,timing,hvac_group,S-VAV,daily_mean_occupancy,30,40.799086757990864,40.799086757990864,40.79908675799087,40.79908675799087,40.79908675799086,40.799086757990885
DOUBLE_BANK,timing,hvac_group,S-VAV,daily_peak_occupancy,30,173.03673058520295,159.31085318012134,167.96797801162944,203.27954830481485,150.27002272886452,208.2792489381536
DOUBLE_BANK,timing,hvac_group,S-VAV,person_hours,30,979.1780821917807,979.1780821917807,979.1780821917808,979.1780821917808,979.1780821917806,979.1780821917813
DOUBLE_BANK,timing,hvac_group,SE-DOAS,daily_mean_occupancy,30,32.396020194513895,23.99784750343751,31.02138323229167,41.80062351864584,17.6739038,47.95887437395834
DOUBLE_BANK,timing,hvac_group,SE-DOAS,daily_peak_occupancy,30,99.37152411550001,72.24208178250002,99.1947850775,125.92656457500001,53.02171140000001,145.80970635
DOUBLE_BANK,timing,hvac_group,SE-DOAS,person_hours,30,777.5044846683335,575.9483400825002,744.513197575,1003.2149644475002,424.17369120000006,1151.012984975
DOUBLE_BANK,timing,hvac_group,SE-VAV,daily_mean_occupancy,30,1549.5436029901039,1501.2619223528977,1552.7685878431644,1590.487482435348,1496.4363674964072,1617.0377298079818
DOUBLE_BANK,timing,hvac_group,SE-VAV,daily_peak_occupancy,30,4630.828252943449,4458.494691438514,4615.884961894108,4901.7508156948525,4344.711789349429,5009.498666473612
DOUBLE_BANK,timing,hvac_group,SE-VAV,person_hours,30,37189.04647176249,36030.28613646954,37266.44610823595,38171.69957844835,35914.472819913775,38808.90551539156
DOUBLE_BANK,timing,hvac_group,SW-DOAS,daily_mean_occupancy,30,110.61531805381946,94.6934627034375,111.01420824375003,125.39266539770833,90.21055064583335,134.30325856354168
DOUBLE_BANK,timing,hvac_group,SW-DOAS,daily_peak_occupancy,30,333.63911898450004,284.3289273825,334.69955321250006,377.779693725,271.73627092500004,404.29054942500005
DOUBLE_BANK,timing,hvac_group,SW-DOAS,person_hours,30,2654.767633291667,2272.6431048825,2664.3409978500003,3009.423969545,2165.0532155000005,3223.2782055250004
DOUBLE_BANK,timing,hvac_group,SW-VAV,daily_mean_occupancy,30,1490.2356330796342,1454.2890819063678,1480.9893538465967,1543.122962100061,1410.531526113518,1572.4695988407557
DOUBLE_BANK,timing,hvac_group,SW-VAV,daily_peak_occupancy,30,4553.711268080321,4314.348745970713,4534.763667736028,4797.790073451718,4196.254727183797,5107.979379077291
DOUBLE_BANK,timing,hvac_group,SW-VAV,person_hours,30,35765.65519391122,34902.937965752826,35543.74449231832,37034.95109040146,33852.75662672443,37739.270372178136
DOUBLE_BANK,timing,hvac_group,zuoffice11-FCU,daily_mean_occupancy,30,0.0,0.0,0.0,0.0,0.0,0.0
DOUBLE_BANK,timing,hvac_group,zuoffice11-FCU,daily_peak_occupancy,30,0.0,0.0,0.0,0.0,0.0,0.0
DOUBLE_BANK,timing,hvac_group,zuoffice11-FCU,person_hours,30,0.0,0.0,0.0,0.0,0.0,0.0
DOUBLE_BANK,timing,region,central_sector_1,daily_mean_occupancy,30,1338.621364849553,1311.4139855102126,1337.0871718113583,1368.2098117841708,1297.2288366790665,1387.5314389071918
DOUBLE_BANK,timing,region,central_sector_1,daily_peak_occupancy,30,4046.6136390055026,3873.3547886550473,4048.6890585025008,4229.557913298944,3737.6037598933194,4309.0812011358685
DOUBLE_BANK,timing,region,central_sector_1,person_hours,30,32126.912756389265,31473.935652245098,32090.092123472597,32837.0354828201,31133.492080297598,33300.754533772604
DOUBLE_BANK,timing,region,central_sector_2,daily_mean_occupancy,30,731.4575778871466,704.4144341842252,728.659926020812,760.7127743140584,698.9322380079052,797.0765806291669
DOUBLE_BANK,timing,region,central_sector_2,daily_peak_occupancy,30,2204.287129507694,2089.2865163472434,2194.325293090108,2317.648476888014,2055.4578658334035,2491.2489468214135
DOUBLE_BANK,timing,region,central_sector_2,person_hours,30,17554.981869291518,16905.946420421402,17487.838224499486,18257.106583537403,16774.373712189725,19129.837935100004
DOUBLE_BANK,timing,region,northeast_pier,daily_mean_occupancy,30,1064.3816930049934,1022.9000867593768,1062.0492734668514,1107.506466708494,986.3432525588951,1133.3999384393526
DOUBLE_BANK,timing,region,northeast_pier,daily_peak_occupancy,30,3219.26406985309,2913.464403613645,3234.971632918144,3504.4761354476436,2875.9877026819504,3690.5095503291072
DOUBLE_BANK,timing,region,northeast_pier,person_hours,30,25545.160632119845,24549.602082225043,25489.18256320443,26580.15520100385,23672.23806141348,27201.59852254446
DOUBLE_BANK,timing,region,northwest_pier,daily_mean_occupancy,30,992.5935845251532,944.046693950915,990.1496564364736,1040.6719275046548,940.5984126698419,1055.9772520646068
DOUBLE_BANK,timing,region,northwest_pier,daily_peak_occupancy,30,2991.3138447061588,2765.9311234005336,3009.1735884269674,3174.791477125351,2637.475858424339,3393.0835925648294
DOUBLE_BANK,timing,region,northwest_pier,person_hours,30,23822.246028603677,22657.12065482196,23763.59175447537,24976.126260111716,22574.361904076206,25343.45404955056
DOUBLE_BANK,timing,region,south_central_pier,daily_mean_occupancy,30,132.21551313184506,115.25961167372004,129.9050184163242,148.8492340519492,104.40673012153256,170.40771462465753
DOUBLE_BANK,timing,region,south_central_pier,daily_peak_occupancy,30,432.75360075761176,379.1564259983071,419.52855535889296,494.8386598414354,354.89126413126826,599.3143705131536
DOUBLE_BANK,timing,region,south_central_pier,person_hours,30,3173.172315164281,2766.2306801692807,3117.7204419917807,3572.381617246781,2505.7615229167814,4089.7851509917805
DOUBLE_BANK,timing,region,southeast_pier,daily_mean_occupancy,30,1581.9396231846179,1536.4397681296475,1582.3430182332215,1630.4694326436993,1517.1591777349279,1645.66577190069
DOUBLE_BANK,timing,region,southeast_pier,daily_peak_occupancy,30,4684.752920558543,4486.833277196473,4638.268722415119,4947.342452025915,4411.519225467944,5064.712859058208
DOUBLE_BANK,timing,region,southeast_pier,person_hours,30,37966.55095643083,36874.554435111546,37976.23243759732,39131.266383448776,36411.82026563827,39495.97852561656
DOUBLE_BANK,timing,region,southwest_pier,daily_mean_occupancy,30,1600.8509511334535,1555.3311030423633,1591.880363238312,1659.7150638909393,1518.8762384708098,1686.6135608824225
DOUBLE_BANK,timing,region,southwest_pier,daily_peak_occupancy,30,4743.577271635388,4432.212618424271,4775.227683339002,4984.178244648269,4333.1694814042985,5211.088063535287
DOUBLE_BANK,timing,region,southwest_pier,person_hours,30,38420.42282720289,37327.94647301672,38205.12871771949,39833.16153338255,36453.029723299434,40478.72546117814
EVENING_BANK,timing,function,arrival_exit,daily_mean_occupancy,30,32.63926940639269,32.63926940639269,32.63926940639269,32.63926940639269,32.63926940639269,32.6392694063927
EVENING_BANK,timing,function,arrival_exit,daily_peak_occupancy,30,201.01302083658902,189.7337304601107,199.59260544336115,211.96540168364868,187.50338514671776,223.6560560182748
EVENING_BANK,timing,function,arrival_exit,person_hours,30,783.3424657534247,783.3424657534246,783.3424657534246,783.3424657534247,783.3424657534246,783.3424657534248
EVENING_BANK,timing,function,baggage_claim,daily_mean_occupancy,30,652.7853881278538,652.7853881278538,652.7853881278538,652.7853881278539,652.7853881278538,652.7853881278539
EVENING_BANK,timing,function,baggage_claim,daily_peak_occupancy,30,3861.126428490279,3683.4970494451136,3840.7609072580635,4063.8923657372434,3607.0046074023685,4179.976585820049
EVENING_BANK,timing,function,baggage_claim,person_hours,30,15666.849315068492,15666.849315068492,15666.849315068492,15666.849315068494,15666.849315068492,15666.849315068494
EVENING_BANK,timing,function,breakroom,daily_mean_occupancy,30,6.928415760486113,5.928121899583335,6.903868671875003,8.118949558125003,4.970785443750001,8.744900317708336
EVENING_BANK,timing,function,breakroom,daily_peak_occupancy,30,365.82035215366676,313.00483629800004,364.5242658750001,428.68053666900016,262.45747143000006,461.730736775
EVENING_BANK,timing,function,breakroom,person_hours,30,166.28197825166671,142.27492559000004,165.69284812500007,194.85478939500007,119.29885065000003,209.87760762500005
EVENING_BANK,timing,function,central_hall,daily_mean_occupancy,30,469.189497716895,469.18949771689495,469.189497716895,469.189497716895,469.18949771689495,469.189497716895
EVENING_BANK,timing,function,central_hall,daily_peak_occupancy,30,2675.5492124389307,2599.9521498110626,2673.1938534682167,2744.1146061183167,2561.0654777304417,2793.9391193986125
EVENING_BANK,timing,function,central_hall,person_hours,30,11260.547945205479,11260.547945205479,11260.54794520548,11260.54794520548,11260.547945205479,11260.54794520548
EVENING_BANK,timing,function,commercial,daily_mean_occupancy,30,48.09192351598173,44.64440068493151,48.19392123287671,51.71284246575342,39.473116438356165,52.018835616438345
EVENING_BANK,timing,function,commercial,daily_peak_occupancy,30,381.83173395570054,327.63426121307964,369.8982014419797,446.7256460911839,291.4180957914986,574.4174503482944
EVENING_BANK,timing,function,commercial,person_hours,30,1154.2061643835616,1071.4656164383562,1156.6541095890411,1241.108219178082,947.3547945205479,1248.4520547945203
EVENING_BANK,timing,function,concourse,daily_mean_occupancy,30,184.80966324200915,181.53553652968037,185.17685502283103,188.34898401826484,177.06803652968037,191.95970319634705
EVENING_BANK,timing,function,concourse,daily_peak_occupancy,30,1105.889888092828,1057.353531155118,1096.9538627871639,1165.8251338685563,1020.4740948694123,1229.6769059261676
EVENING_BANK,timing,function,concourse,person_hours,30,4435.43191780822,4356.852876712329,4444.244520547945,4520.375616438357,4249.632876712329,4607.032876712329
EVENING_BANK,timing,function,departure_entry,daily_mean_occupancy,30,244.79452054794515,244.79452054794515,244.79452054794515,244.7945205479452,244.79452054794513,244.7945205479452
EVENING_BANK,timing,function,departure_entry,daily_peak_occupancy,30,1448.8372172179625,1388.1704149462096,1445.9168363259303,1492.568862938158,1365.2012142450392,1583.5423299451888
EVENING_BANK,timing,function,departure_entry,person_hours,30,5875.068493150684,5875.068493150684,5875.068493150684,5875.068493150685,5875.068493150683,5875.068493150685
EVENING_BANK,timing,function,domestic_waiting,daily_mean_occupancy,30,4554.490629577494,4539.9671280767125,4556.457918020284,4567.023269909211,4528.089842472687,4580.143356725052
EVENING_BANK,timing,function,domestic_waiting,daily_peak_occupancy,30,24295.24677426772,23844.058825528722,24191.94426140165,24896.200897668732,23652.833434308304,25314.44036678312
EVENING_BANK,timing,function,domestic_waiting,person_hours,30,109307.77510985984,108959.2110738411,109354.99003248679,109608.55847782106,108674.1562193445,109923.44056140125
EVENING_BANK,timing,function,info,daily_mean_occupancy,30,0.0,0.0,0.0,0.0,0.0,0.0
EVENING_BANK,timing,function,info,daily_peak_occupancy,30,0.0,0.0,0.0,0.0,0.0,0.0
EVENING_BANK,timing,function,info,person_hours,30,0.0,0.0,0.0,0.0,0.0,0.0
EVENING_BANK,timing,function,international_arrival,daily_mean_occupancy,30,40.799086757990864,40.799086757990864,40.799086757990864,40.79908675799087,40.79908675799086,40.799086757990885
EVENING_BANK,timing,function,international_arrival,daily_peak_occupancy,30,289.12183889138703,264.22600076850415,289.7511156119622,311.09005697186086,251.67575261772075,347.5508299389518
EVENING_BANK,timing,function,international_arrival,person_hours,30,979.1780821917807,979.1780821917806,979.1780821917807,979.1780821917808,979.1780821917805,979.1780821917812
EVENING_BANK,timing,function,international_hall,daily_mean_occupancy,30,40.799086757990864,40.799086757990864,40.79908675799087,40.79908675799087,40.79908675799086,40.79908675799087
EVENING_BANK,timing,function,international_hall,daily_peak_occupancy,30,287.3243368302845,257.13262884943157,292.15215942370696,309.1061527728181,251.91011122625017,348.21318610295333
EVENING_BANK,timing,function,international_hall,person_hours,30,979.1780821917807,979.1780821917807,979.1780821917808,979.1780821917808,979.1780821917806,979.178082191781
EVENING_BANK,timing,function,office,daily_mean_occupancy,30,1097.6905717395139,1096.5000379418748,1097.715118828125,1098.6908656004175,1095.8740871822918,1099.64820205625
EVENING_BANK,timing,function,office,daily_peak_occupancy,30,3313.8569625000005,3313.856962499999,3313.8569625000005,3313.856962500001,3313.856962499999,3313.8569625000023
EVENING_BANK,timing,function,office,person_hours,30,26344.573721748333,26316.000910604995,26345.162851875,26368.580774410017,26300.978092375,26391.55684935
EVENING_BANK,timing,function,restaurant,daily_mean_occupancy,30,19.002174657534244,15.26905821917808,19.277568493150685,22.337499999999995,13.157705479452055,26.009417808219172
EVENING_BANK,timing,function,restaurant,daily_peak_occupancy,30,169.51259569342557,135.04374323016998,168.30845669756,206.89107562231857,116.47885466511173,233.99078288992223
EVENING_BANK,timing,function,restaurant,person_hours,30,456.0521917808219,366.4573972602739,462.6616438356165,536.0999999999999,315.7849315068493,624.2260273972602
EVENING_BANK,timing,function,restroom,daily_mean_occupancy,30,9.240993150684933,7.007243150684931,9.33279109589041,11.321746575342466,6.731849315068492,13.769691780821917
EVENING_BANK,timing,function,restroom,daily_peak_occupancy,30,103.53799179483318,74.78433115021967,100.3785554755538,123.96983431770536,69.44317492922214,155.32878433892105
EVENING_BANK,timing,function,restroom,person_hours,30,221.78383561643835,168.17383561643837,223.98698630136985,271.7219178082192,161.5643835616438,330.472602739726
EVENING_BANK,timing,function,transfer,daily_mean_occupancy,30,40.799086757990864,40.799086757990864,40.79908675799087,40.79908675799087,40.79908675799086,40.799086757990885
EVENING_BANK,timing,function,transfer,daily_peak_occupancy,30,288.87318946336177,272.3314310527521,285.2308720741781,311.50945750395664,247.7779907231544,337.7566624277115
EVENING_BANK,timing,function,transfer,person_hours,30,979.1780821917808,979.1780821917807,979.1780821917808,979.178082191781,979.1780821917806,979.1780821917812
EVENING_BANK,timing,hvac_group,C1-DOAS,daily_mean_occupancy,30,408.40218676736106,381.19480742802074,406.8679937291666,437.9906337019791,367.0096585968749,457.3122608249999
EVENING_BANK,timing,hvac_group,C1-DOAS,daily_peak_occupancy,30,1312.6113787196664,1223.8736533904996,1311.1827381624998,1394.7361183769997,1195.1977444749998,1481.9568336299994
EVENING_BANK,timing,hvac_group,C1-DOAS,person_hours,30,9801.652482416664,9148.675378272497,9764.831849499998,10511.775208847499,8808.231806324997,10975.494259799998
EVENING_BANK,timing,hvac_group,C1-VAV,daily_mean_occupancy,30,930.2191780821918,930.2191780821917,930.2191780821918,930.2191780821918,930.2191780821917,930.2191780821918
EVENING_BANK,timing,hvac_group,C1-VAV,daily_peak_occupancy,30,5325.000808992735,5117.631250672342,5313.440965948352,5540.401888618836,5027.350098312101,5621.033954890862
EVENING_BANK,timing,hvac_group,C1-VAV,person_hours,30,22325.2602739726,22325.2602739726,22325.260273972603,22325.260273972603,22325.2602739726,22325.260273972603
EVENING_BANK,timing,hvac_group,C2-DOAS,daily_mean_occupancy,30,202.97680733920143,175.40429005677078,200.81052676927084,232.74322066625012,171.40004622708332,268.42241396250023
EVENING_BANK,timing,hvac_group,C2-DOAS,daily_peak_occupancy,30,612.6216904675001,530.2171139999998,606.4358241375,702.5376760500004,516.96168615,808.5810988500008
EVENING_BANK,timing,hvac_group,C2-DOAS,person_hours,30,4871.443376140834,4209.702961362499,4819.4526424625,5585.837295990003,4113.60110945,6442.137935100006
EVENING_BANK,timing,hvac_group,C2-VAV,daily_mean_occupancy,30,528.4807705479452,527.3179965753425,528.1951769406393,530.0005365296803,525.6962328767123,532.4280821917808
EVENING_BANK,timing,hvac_group,C2-VAV,daily_peak_occupancy,30,3004.8730674013536,2930.648043264258,2998.3958833538727,3085.516120794009,2875.6756449235604,3142.775618157839
EVENING_BANK,timing,hvac_group,C2-VAV,person_hours,30,12683.538493150687,12655.63191780822,12676.684246575343,12720.012876712328,12616.709589041096,12778.27397260274
EVENING_BANK,timing,hvac_group,NE-DOAS,daily_mean_occupancy,30,104.6104865023264,86.62053893645836,102.26930792604168,125.95418004968752,80.72923766979167,126.66297723333334
EVENING_BANK,timing,hvac_group,NE-DOAS,daily_peak_occupancy,30,341.9753102768334,297.2750619160001,325.6416775150001,392.890881474,261.57377624000003,435.6617286700001
EVENING_BANK,timing,hvac_group,NE-DOAS,person_hours,30,2510.651676055834,2078.8929344750004,2454.463390225,3022.9003211925005,1937.5017040750001,3039.9114536
EVENING_BANK,timing,hvac_group,NE-VAV,daily_mean_occupancy,30,959.771206502667,915.8195449697445,959.1344922297303,1007.8229159347131,890.7016585578534,1016.4444463585425
EVENING_BANK,timing,hvac_group,NE-VAV,daily_peak_occupancy,30,5319.676576523156,4923.543204117598,5370.699394707939,5679.304178370872,4591.360471501381,5887.7856424905885
EVENING_BANK,timing,hvac_group,NE-VAV,person_hours,30,23034.508956064008,21979.66907927387,23019.227813513528,24187.749982433117,21376.83980538848,24394.66671260502
EVENING_BANK,timing,hvac_group,NW-DOAS,daily_mean_occupancy,30,154.20174226892362,137.6631413171875,154.7387098322917,168.1966511633333,126.29477090416667,199.9360367375
EVENING_BANK,timing,hvac_group,NW-DOAS,daily_peak_occupancy,30,471.03899277633343,424.1736912,468.80029829500006,521.5127163785,397.22098790500013,603.121967175
EVENING_BANK,timing,hvac_group,NW-DOAS,person_hours,30,3700.841814454167,3303.9153916125006,3713.7290359750004,4036.7196279199998,3031.0745017,4798.4648817
EVENING_BANK,timing,hvac_group,NW-VAV,daily_mean_occupancy,30,838.3918422562296,799.0440531365058,837.7909791795787,871.8819104928791,780.5152111847464,909.2141421457121
EVENING_BANK,timing,hvac_group,NW-VAV,daily_peak_occupancy,30,4702.748722793058,4397.62778208434,4690.726892286511,5174.062810207523,4221.558498276334,5309.800129608486
EVENING_BANK,timing,hvac_group,NW-VAV,person_hours,30,20121.404214149512,19177.05727527614,20106.98350030989,20925.1658518291,18732.36506843391,21821.13941149709
EVENING_BANK,timing,hvac_group,S-DOAS,daily_mean_occupancy,30,91.41642637385416,74.46052491572918,89.10593165833333,108.05014729395833,63.60764336354168,129.60862786666664
EVENING_BANK,timing,hvac_group,S-DOAS,daily_peak_occupancy,30,275.93382307750005,224.67950205750003,268.42241396250006,326.08352511000004,192.20370382500005,391.03512157499995
EVENING_BANK,timing,hvac_group,S-DOAS,person_hours,30,2193.9942329725004,1787.0525979775002,2138.5423597999998,2593.2035350549995,1526.5834407250004,3110.6070687999995
EVENING_BANK,timing,hvac_group,S-VAV,daily_mean_occupancy,30,40.799086757990864,40.799086757990864,40.799086757990864,40.79908675799087,40.79908675799086,40.799086757990885
EVENING_BANK,timing,hvac_group,S-VAV,daily_peak_occupancy,30,289.12183889138703,264.22600076850415,289.7511156119622,311.09005697186086,251.67575261772075,347.5508299389518
EVENING_BANK,timing,hvac_group,S-VAV,person_hours,30,979.1780821917807,979.1780821917806,979.1780821917807,979.1780821917808,979.1780821917805,979.1780821917812
EVENING_BANK,timing,hvac_group,SE-DOAS,daily_mean_occupancy,30,32.396020194513895,23.99784750343751,31.02138323229167,41.80062351864584,17.6739038,47.95887437395834
EVENING_BANK,timing,hvac_group,SE-DOAS,daily_peak_occupancy,30,99.37152411550001,72.24208178250002,99.1947850775,125.92656457500001,53.02171140000001,145.80970635
EVENING_BANK,timing,hvac_group,SE-DOAS,person_hours,30,777.5044846683335,575.9483400825002,744.513197575,1003.2149644475002,424.17369120000006,1151.012984975
EVENING_BANK,timing,hvac_group,SE-VAV,daily_mean_occupancy,30,1549.5436029901039,1501.2619223528977,1552.7685878431644,1590.4874824353478,1496.4363674964072,1617.037729807982
EVENING_BANK,timing,hvac_group,SE-VAV,daily_peak_occupancy,30,8469.747448630304,8155.340269305198,8471.709725031626,8720.353125451464,7942.626726293322,9182.836979489719
EVENING_BANK,timing,hvac_group,SE-VAV,person_hours,30,37189.04647176249,36030.28613646954,37266.44610823595,38171.699578448344,35914.472819913775,38808.90551539157
EVENING_BANK,timing,hvac_group,SW-DOAS,daily_mean_occupancy,30,110.61531805381946,94.6934627034375,111.01420824375003,125.39266539770833,90.21055064583335,134.30325856354168
EVENING_BANK,timing,hvac_group,SW-DOAS,daily_peak_occupancy,30,333.63911898450004,284.3289273825,334.69955321250006,377.779693725,271.73627092500004,404.29054942500005
EVENING_BANK,timing,hvac_group,SW-DOAS,person_hours,30,2654.767633291667,2272.6431048825,2664.3409978500003,3009.423969545,2165.0532155000005,3223.2782055250004
EVENING_BANK,timing,hvac_group,SW-VAV,daily_mean_occupancy,30,1490.2356330796342,1454.2890819063678,1480.9893538465967,1543.122962100061,1410.531526113518,1572.469598840756
EVENING_BANK,timing,hvac_group,SW-VAV,daily_peak_occupancy,30,8152.909498380244,7814.1316009589755,8196.831053927628,8480.519846718586,7545.151373688292,9193.568943409404
EVENING_BANK,timing,hvac_group,SW-VAV,person_hours,30,35765.65519391122,34902.937965752826,35543.74449231832,37034.95109040146,33852.75662672443,37739.27037217814
EVENING_BANK,timing,hvac_group,zuoffice11-FCU,daily_mean_occupancy,30,0.0,0.0,0.0,0.0,0.0,0.0
EVENING_BANK,timing,hvac_group,zuoffice11-FCU,daily_peak_occupancy,30,0.0,0.0,0.0,0.0,0.0,0.0
EVENING_BANK,timing,hvac_group,zuoffice11-FCU,person_hours,30,0.0,0.0,0.0,0.0,0.0,0.0
EVENING_BANK,timing,region,central_sector_1,daily_mean_occupancy,30,1338.6213648495527,1311.4139855102123,1337.0871718113583,1368.2098117841708,1297.2288366790665,1387.5314389071916
EVENING_BANK,timing,region,central_sector_1,daily_peak_occupancy,30,5325.000808992735,5117.631250672342,5313.440965948352,5540.401888618836,5027.350098312101,5621.033954890862
EVENING_BANK,timing,region,central_sector_1,person_hours,30,32126.912756389265,31473.935652245094,32090.0921234726,32837.0354828201,31133.492080297598,33300.7545337726
EVENING_BANK,timing,region,central_sector_2,daily_mean_occupancy,30,731.4575778871466,704.414434184225,728.659926020812,760.7127743140584,698.9322380079052,797.076580629167
EVENING_BANK,timing,region,central_sector_2,daily_peak_occupancy,30,3004.8730674013536,2930.648043264258,2998.3958833538727,3085.516120794009,2875.6756449235604,3142.775618157839
EVENING_BANK,timing,region,central_sector_2,person_hours,30,17554.981869291518,16905.9464204214,17487.838224499486,18257.106583537403,16774.373712189725,19129.837935100008
EVENING_BANK,timing,region,northeast_pier,daily_mean_occupancy,30,1064.3816930049934,1022.9000867593768,1062.0492734668514,1107.5064667084941,986.3432525588951,1133.3999384393524
EVENING_BANK,timing,region,northeast_pier,daily_peak_occupancy,30,5319.676576523156,4923.543204117598,5370.699394707939,5679.304178370872,4591.360471501381,5887.7856424905885
EVENING_BANK,timing,region,northeast_pier,person_hours,30,25545.160632119845,24549.602082225043,25489.18256320443,26580.155201003858,23672.23806141348,27201.598522544457
EVENING_BANK,timing,region,northwest_pier,daily_mean_occupancy,30,992.5935845251532,944.046693950915,990.1496564364736,1040.6719275046548,940.5984126698418,1055.9772520646068
EVENING_BANK,timing,region,northwest_pier,daily_peak_occupancy,30,4702.748722793058,4397.62778208434,4690.726892286511,5174.062810207523,4221.558498276334,5309.800129608486
EVENING_BANK,timing,region,northwest_pier,person_hours,30,23822.24602860368,22657.12065482196,23763.59175447537,24976.126260111716,22574.361904076202,25343.45404955056
EVENING_BANK,timing,region,south_central_pier,daily_mean_occupancy,30,132.21551313184503,115.25961167372002,129.9050184163242,148.8492340519492,104.40673012153253,170.40771462465753
EVENING_BANK,timing,region,south_central_pier,daily_peak_occupancy,30,316.25087997334714,275.9316157735304,310.8049600102116,355.4584651506059,261.0703735547128,425.0461206964907
EVENING_BANK,timing,region,south_central_pier,person_hours,30,3173.172315164281,2766.2306801692803,3117.7204419917807,3572.381617246781,2505.761522916781,4089.7851509917805
EVENING_BANK,timing,region,southeast_pier,daily_mean_occupancy,30,1581.9396231846179,1536.4397681296475,1582.3430182332215,1630.4694326436988,1517.1591777349279,1645.66577190069
EVENING_BANK,timing,region,southeast_pier,daily_peak_occupancy,30,8469.747448630304,8155.340269305198,8471.709725031626,8720.353125451464,7942.626726293322,9182.836979489719
EVENING_BANK,timing,region,southeast_pier,person_hours,30,37966.55095643083,36874.554435111546,37976.23243759732,39131.26638344877,36411.82026563827,39495.97852561656
EVENING_BANK,timing,region,southwest_pier,daily_mean_occupancy,30,1600.8509511334537,1555.3311030423636,1591.8803632383124,1659.7150638909395,1518.8762384708098,1686.6135608824225
EVENING_BANK,timing,region,southwest_pier,daily_peak_occupancy,30,8152.909498380244,7814.1316009589755,8196.831053927628,8480.519846718586,7545.151373688292,9193.568943409404
EVENING_BANK,timing,region,southwest_pier,person_hours,30,38420.42282720289,37327.946473016724,38205.12871771949,39833.161533382554,36453.029723299434,40478.72546117814
MIDDAY_BANK,timing,function,arrival_exit,daily_mean_occupancy,30,32.63926940639269,32.63926940639269,32.63926940639269,32.63926940639269,32.63926940639269,32.63926940639269
MIDDAY_BANK,timing,function,arrival_exit,daily_peak_occupancy,30,197.6372448515436,186.08942670100876,196.64768924871856,211.89949399448219,183.60126116514698,215.6914217284464
MIDDAY_BANK,timing,function,arrival_exit,person_hours,30,783.3424657534247,783.3424657534246,783.3424657534247,783.3424657534247,783.3424657534246,783.3424657534247
MIDDAY_BANK,timing,function,baggage_claim,daily_mean_occupancy,30,652.7853881278538,652.7853881278538,652.7853881278538,652.7853881278539,652.7853881278538,652.7853881278539
MIDDAY_BANK,timing,function,baggage_claim,daily_peak_occupancy,30,3811.335883986462,3687.2808170016046,3770.354511112502,4000.8114332341793,3640.8111609490825,4147.0130560593025
MIDDAY_BANK,timing,function,baggage_claim,person_hours,30,15666.849315068492,15666.849315068492,15666.849315068492,15666.849315068494,15666.849315068492,15666.849315068494
MIDDAY_BANK,timing,function,breakroom,daily_mean_occupancy,30,6.928415760486113,5.928121899583335,6.903868671875003,8.118949558125003,4.970785443750001,8.744900317708336
MIDDAY_BANK,timing,function,breakroom,daily_peak_occupancy,30,365.82035215366676,313.00483629800004,364.5242658750001,428.68053666900016,262.45747143000006,461.730736775
MIDDAY_BANK,timing,function,breakroom,person_hours,30,166.28197825166671,142.27492559000004,165.69284812500007,194.85478939500007,119.29885065000003,209.87760762500005
MIDDAY_BANK,timing,function,central_hall,daily_mean_occupancy,30,469.18949771689495,469.18949771689495,469.18949771689495,469.189497716895,469.18949771689495,469.189497716895
MIDDAY_BANK,timing,function,central_hall,daily_peak_occupancy,30,2677.98697248486,2606.098067654271,2686.0904196005868,2750.416563507015,2581.8926632214543,2792.968123562536
MIDDAY_BANK,timing,function,central_hall,person_hours,30,11260.547945205479,11260.547945205479,11260.547945205479,11260.54794520548,11260.547945205479,11260.54794520548
MIDDAY_BANK,timing,function,commercial,daily_mean_occupancy,30,48.09192351598173,44.644400684931504,48.19392123287671,51.71284246575342,39.473116438356165,52.018835616438345
MIDDAY_BANK,timing,function,commercial,daily_peak_occupancy,30,374.8486592447906,311.4669588598702,363.33990136839304,441.3129924542937,291.4180957914982,548.6651477713365
MIDDAY_BANK,timing,function,commercial,person_hours,30,1154.2061643835616,1071.465616438356,1156.6541095890411,1241.108219178082,947.3547945205479,1248.4520547945203
MIDDAY_BANK,timing,function,concourse,daily_mean_occupancy,30,184.80966324200915,181.53553652968037,185.17685502283103,188.34898401826484,177.06803652968037,191.95970319634705
MIDDAY_BANK,timing,function,concourse,daily_peak_occupancy,30,1107.523605449177,1051.9445863953183,1111.2103486644169,1153.433528313117,1036.9213448133025,1219.0147081516707
MIDDAY_BANK,timing,function,concourse,person_hours,30,4435.43191780822,4356.852876712329,4444.244520547945,4520.375616438357,4249.632876712329,4607.032876712329
MIDDAY_BANK,timing,function,departure_entry,daily_mean_occupancy,30,244.79452054794515,244.79452054794515,244.79452054794515,244.79452054794513,244.79452054794515,244.7945205479452
MIDDAY_BANK,timing,function,departure_entry,daily_peak_occupancy,30,1466.636212359351,1409.8240833319112,1466.1446802725732,1514.1501104088961,1323.3309270320035,1592.9256129570767
MIDDAY_BANK,timing,function,departure_entry,person_hours,30,5875.068493150684,5875.068493150684,5875.068493150684,5875.068493150684,5875.068493150684,5875.068493150685
MIDDAY_BANK,timing,function,domestic_waiting,daily_mean_occupancy,30,4554.490629577494,4539.9671280767125,4556.457918020284,4567.023269909211,4528.089842472687,4580.1433567250515
MIDDAY_BANK,timing,function,domestic_waiting,daily_peak_occupancy,30,24409.442563463053,24002.33558695425,24292.577491628217,25070.460631217087,23731.08597486248,25515.719561004396
MIDDAY_BANK,timing,function,domestic_waiting,person_hours,30,109307.77510985984,108959.2110738411,109354.99003248679,109608.55847782106,108674.1562193445,109923.44056140124
MIDDAY_BANK,timing,function,info,daily_mean_occupancy,30,0.0,0.0,0.0,0.0,0.0,0.0
MIDDAY_BANK,timing,function,info,daily_peak_occupancy,30,0.0,0.0,0.0,0.0,0.0,0.0
MIDDAY_BANK,timing,function,info,person_hours,30,0.0,0.0,0.0,0.0,0.0,0.0
MIDDAY_BANK,timing,function,international_arrival,daily_mean_occupancy,30,40.799086757990864,40.799086757990864,40.799086757990864,40.79908675799087,40.799086757990864,40.79908675799087
MIDDAY_BANK,timing,function,international_arrival,daily_peak_occupancy,30,287.1045443088879,258.6153351390277,282.9898629923312,327.2479731878959,250.36290669508577,337.7590491170331
MIDDAY_BANK,timing,function,international_arrival,person_hours,30,979.1780821917807,979.1780821917807,979.1780821917807,979.1780821917808,979.1780821917807,979.1780821917808
MIDDAY_BANK,timing,function,international_hall,daily_mean_occupancy,30,40.79908675799087,40.79908675799087,40.79908675799087,40.79908675799087,40.79908675799087,40.79908675799087
MIDDAY_BANK,timing,function,international_hall,daily_peak_occupancy,30,287.22639791856415,259.7177347362699,286.14034442681725,317.4900611883436,255.04368052954874,327.4517450026823
MIDDAY_BANK,timing,function,international_hall,person_hours,30,979.1780821917808,979.178082191781,979.1780821917808,979.1780821917808,979.1780821917808,979.178082191781
MIDDAY_BANK,timing,function,office,daily_mean_occupancy,30,1097.6905717395139,1096.5000379418748,1097.715118828125,1098.6908656004175,1095.8740871822918,1099.64820205625
MIDDAY_BANK,timing,function,office,daily_peak_occupancy,30,3313.8569625000005,3313.856962499999,3313.8569625000005,3313.856962500001,3313.856962499999,3313.8569625000023
MIDDAY_BANK,timing,function,office,person_hours,30,26344.573721748333,26316.000910604995,26345.162851875,26368.580774410017,26300.978092375,26391.55684935
MIDDAY_BANK,timing,function,restaurant,daily_mean_occupancy,30,19.002174657534244,15.269058219178083,19.277568493150685,22.337499999999995,13.157705479452055,26.00941780821918
MIDDAY_BANK,timing,function,restaurant,daily_peak_occupancy,30,174.5239538239071,135.14374601835684,173.99366983232275,215.58917913627192,120.51502347791494,266.58944126814686
MIDDAY_BANK,timing,function,restaurant,person_hours,30,456.0521917808219,366.457397260274,462.6616438356164,536.0999999999999,315.7849315068493,624.2260273972603
MIDDAY_BANK,timing,function,restroom,daily_mean_occupancy,30,9.240993150684933,7.007243150684931,9.33279109589041,11.321746575342466,6.7318493150684935,13.769691780821917
MIDDAY_BANK,timing,function,restroom,daily_peak_occupancy,30,107.67074020114983,77.92474889719435,107.2182598310105,136.52549081283902,68.00697115604312,155.32878433892128
MIDDAY_BANK,timing,function,restroom,person_hours,30,221.78383561643835,168.17383561643837,223.98698630136985,271.7219178082192,161.56438356164384,330.472602739726
MIDDAY_BANK,timing,function,transfer,daily_mean_occupancy,30,40.79908675799087,40.799086757990864,40.79908675799087,40.79908675799087,40.799086757990864,40.79908675799087
MIDDAY_BANK,timing,function,transfer,daily_peak_occupancy,30,289.6999710787041,265.58042405969246,286.0255572200849,315.3869093829257,248.0176392043794,353.2901770202389
MIDDAY_BANK,timing,function,transfer,person_hours,30,979.1780821917807,979.1780821917808,979.1780821917808,979.1780821917808,979.1780821917807,979.1780821917808
MIDDAY_BANK,timing,hvac_group,C1-DOAS,daily_mean_occupancy,30,408.40218676736106,381.19480742802074,406.8679937291666,437.9906337019791,367.0096585968749,457.3122608249999
MIDDAY_BANK,timing,hvac_group,C1-DOAS,daily_peak_occupancy,30,1312.6113787196664,1223.8736533904996,1311.1827381624998,1394.7361183769997,1195.1977444749998,1481.9568336299994
MIDDAY_BANK,timing,hvac_group,C1-DOAS,person_hours,30,9801.652482416664,9148.675378272497,9764.831849499998,10511.775208847499,8808.231806324997,10975.494259799998
MIDDAY_BANK,timing,hvac_group,C1-VAV,daily_mean_occupancy,30,930.2191780821918,930.2191780821917,930.2191780821918,930.2191780821918,930.2191780821917,930.2191780821918
MIDDAY_BANK,timing,hvac_group,C1-VAV,daily_peak_occupancy,30,5291.487582751702,5157.403917816758,5258.190408439583,5493.443665438684,5089.3060830024615,5610.975099713594
MIDDAY_BANK,timing,hvac_group,C1-VAV,person_hours,30,22325.2602739726,22325.2602739726,22325.260273972603,22325.260273972603,22325.2602739726,22325.260273972603
MIDDAY_BANK,timing,hvac_group,C2-DOAS,daily_mean_occupancy,30,202.97680733920143,175.40429005677078,200.81052676927084,232.74322066625012,171.40004622708332,268.42241396250023
MIDDAY_BANK,timing,hvac_group,C2-DOAS,daily_peak_occupancy,30,612.6216904675001,530.2171139999998,606.4358241375,702.5376760500004,516.96168615,808.5810988500008
MIDDAY_BANK,timing,hvac_group,C2-DOAS,person_hours,30,4871.443376140834,4209.702961362499,4819.4526424625,5585.837295990003,4113.60110945,6442.137935100006
MIDDAY_BANK,timing,hvac_group,C2-VAV,daily_mean_occupancy,30,528.4807705479452,527.3179965753425,528.1951769406392,530.0005365296804,525.6962328767123,532.4280821917808
MIDDAY_BANK,timing,hvac_group,C2-VAV,daily_peak_occupancy,30,3007.0206895416495,2928.5603163311453,3007.191321961842,3105.430683227495,2892.5515151299633,3146.14437571141
MIDDAY_BANK,timing,hvac_group,C2-VAV,person_hours,30,12683.538493150683,12655.63191780822,12676.684246575342,12720.01287671233,12616.709589041096,12778.27397260274
MIDDAY_BANK,timing,hvac_group,NE-DOAS,daily_mean_occupancy,30,104.6104865023264,86.62053893645836,102.26930792604168,125.95418004968752,80.72923766979167,126.66297723333334
MIDDAY_BANK,timing,hvac_group,NE-DOAS,daily_peak_occupancy,30,341.9753102768334,297.2750619160001,325.6416775150001,392.890881474,261.57377624000003,435.6617286700001
MIDDAY_BANK,timing,hvac_group,NE-DOAS,person_hours,30,2510.651676055834,2078.8929344750004,2454.463390225,3022.9003211925005,1937.5017040750001,3039.9114536
MIDDAY_BANK,timing,hvac_group,NE-VAV,daily_mean_occupancy,30,959.7712065026669,915.8195449697444,959.1344922297302,1007.8229159347131,890.7016585578534,1016.4444463585425
MIDDAY_BANK,timing,hvac_group,NE-VAV,daily_peak_occupancy,30,5338.139279796101,4918.589444612672,5344.214331778187,5708.97936794223,4566.188355292919,5980.499823141266
MIDDAY_BANK,timing,hvac_group,NE-VAV,person_hours,30,23034.508956064008,21979.669079273866,23019.227813513524,24187.749982433117,21376.83980538848,24394.66671260502
MIDDAY_BANK,timing,hvac_group,NW-DOAS,daily_mean_occupancy,30,154.20174226892362,137.6631413171875,154.7387098322917,168.1966511633333,126.29477090416667,199.9360367375
MIDDAY_BANK,timing,hvac_group,NW-DOAS,daily_peak_occupancy,30,471.03899277633343,424.1736912,468.80029829500006,521.5127163785,397.22098790500013,603.121967175
MIDDAY_BANK,timing,hvac_group,NW-DOAS,person_hours,30,3700.841814454167,3303.9153916125006,3713.7290359750004,4036.7196279199998,3031.0745017,4798.4648817
MIDDAY_BANK,timing,hvac_group,NW-VAV,daily_mean_occupancy,30,838.3918422562296,799.0440531365058,837.7909791795787,871.881910492879,780.5152111847464,909.2141421457121
MIDDAY_BANK,timing,hvac_group,NW-VAV,daily_peak_occupancy,30,4695.855380875503,4377.4390589074155,4653.356611906828,5197.0940543979905,4231.169822323935,5268.800635549578
MIDDAY_BANK,timing,hvac_group,NW-VAV,person_hours,30,20121.404214149512,19177.05727527614,20106.98350030989,20925.165851829097,18732.36506843391,21821.13941149709
MIDDAY_BANK,timing,hvac_group,S-DOAS,daily_mean_occupancy,30,91.41642637385416,74.46052491572918,89.10593165833333,108.05014729395833,63.60764336354168,129.60862786666664
MIDDAY_BANK,timing,hvac_group,S-DOAS,daily_peak_occupancy,30,275.93382307750005,224.67950205750003,268.42241396250006,326.08352511000004,192.20370382500005,391.03512157499995
MIDDAY_BANK,timing,hvac_group,S-DOAS,person_hours,30,2193.9942329725004,1787.0525979775002,2138.5423597999998,2593.2035350549995,1526.5834407250004,3110.6070687999995
MIDDAY_BANK,timing,hvac_group,S-VAV,daily_mean_occupancy,30,40.799086757990864,40.799086757990864,40.799086757990864,40.79908675799087,40.799086757990864,40.79908675799087
MIDDAY_BANK,timing,hvac_group,S-VAV,daily_peak_occupancy,30,287.1045443088879,258.6153351390277,282.9898629923312,327.2479731878959,250.36290669508577,337.7590491170331
MIDDAY_BANK,timing,hvac_group,S-VAV,person_hours,30,979.1780821917807,979.1780821917807,979.1780821917807,979.1780821917808,979.1780821917807,979.1780821917808
MIDDAY_BANK,timing,hvac_group,SE-DOAS,daily_mean_occupancy,30,32.396020194513895,23.99784750343751,31.02138323229167,41.80062351864584,17.6739038,47.95887437395834
MIDDAY_BANK,timing,hvac_group,SE-DOAS,daily_peak_occupancy,30,99.37152411550001,72.24208178250002,99.1947850775,125.92656457500001,53.02171140000001,145.80970635
MIDDAY_BANK,timing,hvac_group,SE-DOAS,person_hours,30,777.5044846683335,575.9483400825002,744.513197575,1003.2149644475002,424.17369120000006,1151.012984975
MIDDAY_BANK,timing,hvac_group,SE-VAV,daily_mean_occupancy,30,1549.5436029901039,1501.2619223528977,1552.7685878431644,1590.487482435348,1496.4363674964072,1617.0377298079818
MIDDAY_BANK,timing,hvac_group,SE-VAV,daily_peak_occupancy,30,8548.254609322028,8141.677275537357,8601.467619412986,8805.675206750688,7997.920917363726,9136.219436652382
MIDDAY_BANK,timing,hvac_group,SE-VAV,person_hours,30,37189.04647176249,36030.28613646954,37266.44610823595,38171.69957844835,35914.472819913775,38808.90551539156
MIDDAY_BANK,timing,hvac_group,SW-DOAS,daily_mean_occupancy,30,110.61531805381946,94.6934627034375,111.01420824375003,125.39266539770833,90.21055064583335,134.30325856354168
MIDDAY_BANK,timing,hvac_group,SW-DOAS,daily_peak_occupancy,30,333.63911898450004,284.3289273825,334.69955321250006,377.779693725,271.73627092500004,404.29054942500005
MIDDAY_BANK,timing,hvac_group,SW-DOAS,person_hours,30,2654.767633291667,2272.6431048825,2664.3409978500003,3009.423969545,2165.0532155000005,3223.2782055250004
MIDDAY_BANK,timing,hvac_group,SW-VAV,daily_mean_occupancy,30,1490.2356330796342,1454.2890819063678,1480.9893538465967,1543.122962100061,1410.531526113518,1572.4695988407557
MIDDAY_BANK,timing,hvac_group,SW-VAV,daily_peak_occupancy,30,8155.057482164617,7731.431790116151,8137.863471833338,8563.243004151398,7533.515860919096,9145.757826697947
MIDDAY_BANK,timing,hvac_group,SW-VAV,person_hours,30,35765.65519391122,34902.937965752826,35543.74449231832,37034.95109040146,33852.75662672443,37739.270372178136
MIDDAY_BANK,timing,hvac_group,zuoffice11-FCU,daily_mean_occupancy,30,0.0,0.0,0.0,0.0,0.0,0.0
MIDDAY_BANK,timing,hvac_group,zuoffice11-FCU,daily_peak_occupancy,30,0.0,0.0,0.0,0.0,0.0,0.0
MIDDAY_BANK,timing,hvac_group,zuoffice11-FCU,person_hours,30,0.0,0.0,0.0,0.0,0.0,0.0
MIDDAY_BANK,timing,region,central_sector_1,daily_mean_occupancy,30,1338.6213648495527,1311.4139855102126,1337.0871718113583,1368.2098117841713,1297.2288366790665,1387.5314389071916
MIDDAY_BANK,timing,region,central_sector_1,daily_peak_occupancy,30,6511.4287925467015,6368.879294468258,6504.833835990032,6681.43824575756,6260.495774328981,6863.613031538595
MIDDAY_BANK,timing,region,central_sector_1,person_hours,30,32126.912756389265,31473.935652245098,32090.092123472597,32837.03548282011,31133.492080297594,33300.7545337726
MIDDAY_BANK,timing,region,central_sector_2,daily_mean_occupancy,30,731.4575778871466,704.4144341842252,728.659926020812,760.7127743140584,698.9322380079052,797.076580629167
MIDDAY_BANK,timing,region,central_sector_2,daily_peak_occupancy,30,3619.6423800091497,3495.116407725942,3596.3085675842885,3749.185073442798,3482.2568399199054,3954.725474561411
MIDDAY_BANK,timing,region,central_sector_2,person_hours,30,17554.981869291518,16905.946420421402,17487.838224499486,18257.106583537403,16774.373712189725,19129.837935100008
MIDDAY_BANK,timing,region,northeast_pier,daily_mean_occupancy,30,1064.3816930049934,1022.9000867593768,1062.049273466851,1107.5064667084941,986.343252558895,1133.3999384393524
MIDDAY_BANK,timing,region,northeast_pier,daily_peak_occupancy,30,5645.514637226075,5234.62756184077,5615.238082497701,6021.14469380973,4851.180054067919,6331.768661166266
MIDDAY_BANK,timing,region,northeast_pier,person_hours,30,25545.16063211984,24549.602082225043,25489.182563204427,26580.155201003854,23672.238061413478,27201.598522544457
MIDDAY_BANK,timing,region,northwest_pier,daily_mean_occupancy,30,992.5935845251531,944.0466939509148,990.1496564364736,1040.6719275046548,940.5984126698419,1055.9772520646063
MIDDAY_BANK,timing,region,northwest_pier,daily_peak_occupancy,30,5158.4698128405025,4866.990196020553,5097.871878719083,5687.857448556776,4675.226655298932,5732.360637032897
MIDDAY_BANK,timing,region,northwest_pier,person_hours,30,23822.246028603677,22657.120654821956,23763.59175447537,24976.12626011172,22574.361904076206,25343.454049550553
MIDDAY_BANK,timing,region,south_central_pier,daily_mean_occupancy,30,132.21551313184503,115.25961167372004,129.9050184163242,148.8492340519492,104.40673012153253,170.40771462465753
MIDDAY_BANK,timing,region,south_central_pier,daily_peak_occupancy,30,563.0383673863879,502.4923992790914,567.0754482708383,622.7786890154051,469.1502792010905,686.9089948176538
MIDDAY_BANK,timing,region,south_central_pier,person_hours,30,3173.172315164281,2766.2306801692807,3117.7204419917807,3572.381617246781,2505.761522916781,4089.7851509917805
MIDDAY_BANK,timing,region,southeast_pier,daily_mean_occupancy,30,1581.9396231846179,1536.4397681296475,1582.3430182332215,1630.4694326436993,1517.1591777349279,1645.66577190069
MIDDAY_BANK,timing,region,southeast_pier,daily_peak_occupancy,30,8645.682004019527,8249.046241122356,8704.041679816735,8899.629677080882,8103.964340163726,9275.401429077381
MIDDAY_BANK,timing,region,southeast_pier,person_hours,30,37966.55095643083,36874.554435111546,37976.23243759732,39131.266383448776,36411.82026563827,39495.97852561656
MIDDAY_BANK,timing,region,southwest_pier,daily_mean_occupancy,30,1600.8509511334535,1555.3311030423633,1591.880363238312,1659.7150638909393,1518.8762384708098,1686.6135608824222
MIDDAY_BANK,timing,region,southwest_pier,daily_peak_occupancy,30,8487.112823082374,8048.979482903198,8453.647533028536,8911.197985213896,7858.273843244095,9477.143522947947
MIDDAY_BANK,timing,region,southwest_pier,person_hours,30,38420.42282720288,37327.94647301672,38205.12871771949,39833.16153338255,36453.029723299434,40478.72546117813
MORNING_BANK,timing,function,arrival_exit,daily_mean_occupancy,30,32.63926940639269,32.63926940639269,32.63926940639269,32.63926940639269,32.63926940639269,32.63926940639269
MORNING_BANK,timing,function,arrival_exit,daily_peak_occupancy,30,197.44132154679764,186.58264198917064,196.77629950606143,209.8457256405194,177.9607158248798,213.7747716493135
MORNING_BANK,timing,function,arrival_exit,person_hours,30,783.3424657534247,783.3424657534246,783.3424657534247,783.3424657534247,783.3424657534246,783.3424657534247
MORNING_BANK,timing,function,baggage_claim,daily_mean_occupancy,30,652.7853881278538,652.7853881278538,652.7853881278538,652.7853881278539,652.7853881278538,652.7853881278539
MORNING_BANK,timing,function,baggage_claim,daily_peak_occupancy,30,3778.8684168561385,3615.1329076549673,3766.5157902149385,3969.1892097937607,3537.442103094484,4122.298014114041
MORNING_BANK,timing,function,baggage_claim,person_hours,30,15666.849315068492,15666.849315068492,15666.849315068492,15666.849315068494,15666.849315068492,15666.849315068494
MORNING_BANK,timing,function,breakroom,daily_mean_occupancy,30,6.928415760486113,5.928121899583335,6.903868671875003,8.118949558125003,4.970785443750001,8.744900317708336
MORNING_BANK,timing,function,breakroom,daily_peak_occupancy,30,365.82035215366676,313.00483629800004,364.5242658750001,428.68053666900016,262.45747143000006,461.730736775
MORNING_BANK,timing,function,breakroom,person_hours,30,166.28197825166671,142.27492559000004,165.69284812500007,194.85478939500007,119.29885065000003,209.87760762500005
MORNING_BANK,timing,function,central_hall,daily_mean_occupancy,30,469.18949771689495,469.18949771689495,469.18949771689495,469.189497716895,469.18949771689495,469.189497716895
MORNING_BANK,timing,function,central_hall,daily_peak_occupancy,30,2674.6599842686933,2581.59394056318,2676.1094280622356,2785.9432390066527,2532.453582014795,2813.7814321796445
MORNING_BANK,timing,function,central_hall,person_hours,30,11260.547945205479,11260.547945205479,11260.547945205479,11260.54794520548,11260.547945205479,11260.54794520548
MORNING_BANK,timing,function,commercial,daily_mean_occupancy,30,48.09192351598173,44.6444006849315,48.193921232876704,51.71284246575342,39.473116438356165,52.01883561643836
MORNING_BANK,timing,function,commercial,daily_peak_occupancy,30,377.66470989637554,314.0997148300337,368.54744913336583,448.61486397970674,291.4180957914984,547.2195948072375
MORNING_BANK,timing,function,commercial,person_hours,30,1154.2061643835616,1071.465616438356,1156.6541095890411,1241.108219178082,947.3547945205479,1248.4520547945206
MORNING_BANK,timing,function,concourse,daily_mean_occupancy,30,184.80966324200915,181.53553652968037,185.17685502283103,188.34898401826484,177.06803652968037,191.95970319634702
MORNING_BANK,timing,function,concourse,daily_peak_occupancy,30,1112.910111409858,1060.9962189507505,1101.2671372424506,1167.34965621339,1017.202215838914,1267.6365926414821
MORNING_BANK,timing,function,concourse,person_hours,30,4435.43191780822,4356.852876712329,4444.244520547945,4520.375616438357,4249.632876712329,4607.032876712328
MORNING_BANK,timing,function,departure_entry,daily_mean_occupancy,30,244.79452054794515,244.79452054794515,244.79452054794515,244.79452054794513,244.79452054794513,244.7945205479452
MORNING_BANK,timing,function,departure_entry,daily_peak_occupancy,30,1454.1619037303585,1403.4262552613893,1451.0106195510457,1534.7217399687252,1348.5103975296952,1578.811311412915
MORNING_BANK,timing,function,departure_entry,person_hours,30,5875.068493150684,5875.068493150684,5875.068493150684,5875.068493150684,5875.068493150683,5875.068493150685
MORNING_BANK,timing,function,domestic_waiting,daily_mean_occupancy,30,4554.490629577494,4539.9671280767125,4556.457918020284,4567.023269909211,4528.089842472687,4580.143356725052
MORNING_BANK,timing,function,domestic_waiting,daily_peak_occupancy,30,24414.857966465144,23991.28632933071,24396.01608310769,24834.0899923612,23702.48860547664,25246.972572752326
MORNING_BANK,timing,function,domestic_waiting,person_hours,30,109307.77510985984,108959.2110738411,109354.99003248679,109608.55847782106,108674.1562193445,109923.44056140125
MORNING_BANK,timing,function,info,daily_mean_occupancy,30,0.0,0.0,0.0,0.0,0.0,0.0
MORNING_BANK,timing,function,info,daily_peak_occupancy,30,0.0,0.0,0.0,0.0,0.0,0.0
MORNING_BANK,timing,function,info,person_hours,30,0.0,0.0,0.0,0.0,0.0,0.0
MORNING_BANK,timing,function,international_arrival,daily_mean_occupancy,30,40.799086757990864,40.799086757990864,40.799086757990864,40.79908675799087,40.799086757990864,40.79908675799087
MORNING_BANK,timing,function,international_arrival,daily_peak_occupancy,30,283.7015444475797,253.65981617668385,281.1021849368957,309.8216718790269,249.26544052716574,337.7590491170331
MORNING_BANK,timing,function,international_arrival,person_hours,30,979.1780821917807,979.1780821917807,979.1780821917807,979.1780821917808,979.1780821917807,979.1780821917808
MORNING_BANK,timing,function,international_hall,daily_mean_occupancy,30,40.79908675799087,40.799086757990864,40.79908675799087,40.79908675799087,40.799086757990864,40.79908675799087
MORNING_BANK,timing,function,international_hall,daily_peak_occupancy,30,284.4384011193495,255.12032202225865,288.29821825475915,308.5528228295383,253.4379305629629,337.2435258246003
MORNING_BANK,timing,function,international_hall,person_hours,30,979.1780821917807,979.1780821917807,979.1780821917808,979.1780821917808,979.1780821917807,979.178082191781
MORNING_BANK,timing,function,office,daily_mean_occupancy,30,1097.6905717395139,1096.5000379418748,1097.715118828125,1098.6908656004175,1095.8740871822918,1099.64820205625
MORNING_BANK,timing,function,office,daily_peak_occupancy,30,3313.8569625000005,3313.856962499999,3313.8569625000005,3313.856962500001,3313.856962499999,3313.8569625000023
MORNING_BANK,timing,function,office,person_hours,30,26344.573721748333,26316.000910604995,26345.162851875,26368.580774410017,26300.978092375,26391.55684935
MORNING_BANK,timing,function,restaurant,daily_mean_occupancy,30,19.002174657534244,15.269058219178083,19.27756849315068,22.337500000000002,13.157705479452055,26.009417808219172
MORNING_BANK,timing,function,restaurant,daily_peak_occupancy,30,173.0474318751068,130.83609911961105,168.95166866264327,226.24225626697836,120.99719077443447,233.99078288992177
MORNING_BANK,timing,function,restaurant,person_hours,30,456.0521917808219,366.457397260274,462.66164383561636,536.1,315.7849315068493,624.2260273972602
MORNING_BANK,timing,function,restroom,daily_mean_occupancy,30,9.240993150684933,7.007243150684931,9.33279109589041,11.321746575342466,6.731849315068492,13.769691780821917
MORNING_BANK,timing,function,restroom,daily_peak_occupancy,30,104.40519492538395,82.7285901132602,101.430510453652,127.20621781134601,69.44317492922214,155.32878433892128
MORNING_BANK,timing,function,restroom,person_hours,30,221.78383561643835,168.17383561643837,223.98698630136988,271.7219178082192,161.5643835616438,330.472602739726
MORNING_BANK,timing,function,transfer,daily_mean_occupancy,30,40.79908675799087,40.799086757990864,40.79908675799087,40.79908675799087,40.799086757990864,40.79908675799087
MORNING_BANK,timing,function,transfer,daily_peak_occupancy,30,287.48539750802763,265.1168382132593,285.4557702900446,312.3874216459799,252.08929596144844,333.08206374383735
MORNING_BANK,timing,function,transfer,person_hours,30,979.1780821917807,979.1780821917807,979.1780821917808,979.1780821917808,979.1780821917807,979.178082191781
MORNING_BANK,timing,hvac_group,C1-DOAS,daily_mean_occupancy,30,408.40218676736106,381.19480742802074,406.8679937291666,437.9906337019791,367.0096585968749,457.3122608249999
MORNING_BANK,timing,hvac_group,C1-DOAS,daily_peak_occupancy,30,1312.6113787196664,1223.8736533904996,1311.1827381624998,1394.7361183769997,1195.1977444749998,1481.9568336299994
MORNING_BANK,timing,hvac_group,C1-DOAS,person_hours,30,9801.652482416664,9148.675378272497,9764.831849499998,10511.775208847499,8808.231806324997,10975.494259799998
MORNING_BANK,timing,hvac_group,C1-VAV,daily_mean_occupancy,30,930.2191780821918,930.2191780821917,930.2191780821918,930.2191780821918,930.2191780821917,930.2191780821918
MORNING_BANK,timing,hvac_group,C1-VAV,daily_peak_occupancy,30,5266.699110096975,5096.480697692347,5255.6382735263105,5456.6122624004865,5042.991737287492,5606.890827238853
MORNING_BANK,timing,hvac_group,C1-VAV,person_hours,30,22325.2602739726,22325.2602739726,22325.260273972603,22325.260273972603,22325.2602739726,22325.260273972603
MORNING_BANK,timing,hvac_group,C2-DOAS,daily_mean_occupancy,30,202.97680733920143,175.40429005677078,200.81052676927084,232.74322066625012,171.40004622708332,268.42241396250023
MORNING_BANK,timing,hvac_group,C2-DOAS,daily_peak_occupancy,30,612.6216904675001,530.2171139999998,606.4358241375,702.5376760500004,516.96168615,808.5810988500008
MORNING_BANK,timing,hvac_group,C2-DOAS,person_hours,30,4871.443376140834,4209.702961362499,4819.4526424625,5585.837295990003,4113.60110945,6442.137935100006
MORNING_BANK,timing,hvac_group,C2-VAV,daily_mean_occupancy,30,528.4807705479452,527.3179965753425,528.1951769406393,530.0005365296803,525.6962328767123,532.4280821917808
MORNING_BANK,timing,hvac_group,C2-VAV,daily_peak_occupancy,30,2999.7408684593206,2942.25739488727,2980.318693949015,3108.0076844779956,2867.3276805866135,3127.534544218231
MORNING_BANK,timing,hvac_group,C2-VAV,person_hours,30,12683.538493150687,12655.63191780822,12676.684246575343,12720.012876712328,12616.709589041096,12778.27397260274
MORNING_BANK,timing,hvac_group,NE-DOAS,daily_mean_occupancy,30,104.6104865023264,86.62053893645836,102.26930792604168,125.95418004968752,80.72923766979167,126.66297723333334
MORNING_BANK,timing,hvac_group,NE-DOAS,daily_peak_occupancy,30,341.9753102768334,297.2750619160001,325.6416775150001,392.890881474,261.57377624000003,435.6617286700001
MORNING_BANK,timing,hvac_group,NE-DOAS,person_hours,30,2510.651676055834,2078.8929344750004,2454.463390225,3022.9003211925005,1937.5017040750001,3039.9114536
MORNING_BANK,timing,hvac_group,NE-VAV,daily_mean_occupancy,30,959.771206502667,915.8195449697444,959.1344922297303,1007.8229159347131,890.7016585578534,1016.4444463585425
MORNING_BANK,timing,hvac_group,NE-VAV,daily_peak_occupancy,30,5312.558166808586,4912.953438561559,5369.16715329584,5709.892174685088,4655.979233234275,5776.704987453793
MORNING_BANK,timing,hvac_group,NE-VAV,person_hours,30,23034.508956064008,21979.669079273866,23019.227813513528,24187.749982433117,21376.83980538848,24394.66671260502
MORNING_BANK,timing,hvac_group,NW-DOAS,daily_mean_occupancy,30,154.20174226892362,137.6631413171875,154.7387098322917,168.1966511633333,126.29477090416667,199.9360367375
MORNING_BANK,timing,hvac_group,NW-DOAS,daily_peak_occupancy,30,471.03899277633343,424.1736912,468.80029829500006,521.5127163785,397.22098790500013,603.121967175
MORNING_BANK,timing,hvac_group,NW-DOAS,person_hours,30,3700.841814454167,3303.9153916125006,3713.7290359750004,4036.7196279199998,3031.0745017,4798.4648817
MORNING_BANK,timing,hvac_group,NW-VAV,daily_mean_occupancy,30,838.3918422562296,799.0440531365058,837.7909791795787,871.8819104928791,780.5152111847464,909.2141421457121
MORNING_BANK,timing,hvac_group,NW-VAV,daily_peak_occupancy,30,4717.985576272214,4416.06812592451,4735.71883654253,5123.698774078411,4233.159767271269,5363.208874173824
MORNING_BANK,timing,hvac_group,NW-VAV,person_hours,30,20121.404214149512,19177.05727527614,20106.98350030989,20925.1658518291,18732.36506843391,21821.13941149709
MORNING_BANK,timing,hvac_group,S-DOAS,daily_mean_occupancy,30,91.41642637385416,74.46052491572918,89.10593165833333,108.05014729395833,63.60764336354168,129.60862786666664
MORNING_BANK,timing,hvac_group,S-DOAS,daily_peak_occupancy,30,275.93382307750005,224.67950205750003,268.42241396250006,326.08352511000004,192.20370382500005,391.03512157499995
MORNING_BANK,timing,hvac_group,S-DOAS,person_hours,30,2193.9942329725004,1787.0525979775002,2138.5423597999998,2593.2035350549995,1526.5834407250004,3110.6070687999995
MORNING_BANK,timing,hvac_group,S-VAV,daily_mean_occupancy,30,40.799086757990864,40.799086757990864,40.799086757990864,40.79908675799087,40.799086757990864,40.79908675799087
MORNING_BANK,timing,hvac_group,S-VAV,daily_peak_occupancy,30,283.7015444475797,253.65981617668385,281.1021849368957,309.8216718790269,249.26544052716574,337.7590491170331
MORNING_BANK,timing,hvac_group,S-VAV,person_hours,30,979.1780821917807,979.1780821917807,979.1780821917807,979.1780821917808,979.1780821917807,979.1780821917808
MORNING_BANK,timing,hvac_group,SE-DOAS,daily_mean_occupancy,30,32.396020194513895,23.99784750343751,31.02138323229167,41.80062351864584,17.6739038,47.95887437395834
MORNING_BANK,timing,hvac_group,SE-DOAS,daily_peak_occupancy,30,99.37152411550001,72.24208178250002,99.1947850775,125.92656457500001,53.02171140000001,145.80970635
MORNING_BANK,timing,hvac_group,SE-DOAS,person_hours,30,777.5044846683335,575.9483400825002,744.513197575,1003.2149644475002,424.17369120000006,1151.012984975
MORNING_BANK,timing,hvac_group,SE-VAV,daily_mean_occupancy,30,1549.5436029901039,1501.2619223528977,1552.7685878431644,1590.4874824353478,1496.4363674964072,1617.037729807982
MORNING_BANK,timing,hvac_group,SE-VAV,daily_peak_occupancy,30,8511.326084150964,8231.40419013911,8513.428813851697,8880.74473791163,7807.124119485114,8929.791324420668
MORNING_BANK,timing,hvac_group,SE-VAV,person_hours,30,37189.04647176249,36030.28613646954,37266.44610823595,38171.699578448344,35914.472819913775,38808.90551539157
MORNING_BANK,timing,hvac_group,SW-DOAS,daily_mean_occupancy,30,110.61531805381946,94.6934627034375,111.01420824375003,125.39266539770833,90.21055064583335,134.30325856354168
MORNING_BANK,timing,hvac_group,SW-DOAS,daily_peak_occupancy,30,333.63911898450004,284.3289273825,334.69955321250006,377.779693725,271.73627092500004,404.29054942500005
MORNING_BANK,timing,hvac_group,SW-DOAS,person_hours,30,2654.767633291667,2272.6431048825,2664.3409978500003,3009.423969545,2165.0532155000005,3223.2782055250004
MORNING_BANK,timing,hvac_group,SW-VAV,daily_mean_occupancy,30,1490.2356330796342,1454.2890819063678,1480.9893538465967,1543.122962100061,1410.531526113518,1572.4695988407557
MORNING_BANK,timing,hvac_group,SW-VAV,daily_peak_occupancy,30,8176.950033532374,7860.126443932981,8153.784150764641,8529.863822551673,7734.1386607969125,9138.190080013474
MORNING_BANK,timing,hvac_group,SW-VAV,person_hours,30,35765.65519391122,34902.937965752826,35543.74449231832,37034.95109040146,33852.75662672443,37739.270372178136
MORNING_BANK,timing,hvac_group,zuoffice11-FCU,daily_mean_occupancy,30,0.0,0.0,0.0,0.0,0.0,0.0
MORNING_BANK,timing,hvac_group,zuoffice11-FCU,daily_peak_occupancy,30,0.0,0.0,0.0,0.0,0.0,0.0
MORNING_BANK,timing,hvac_group,zuoffice11-FCU,person_hours,30,0.0,0.0,0.0,0.0,0.0,0.0
MORNING_BANK,timing,region,central_sector_1,daily_mean_occupancy,30,1338.6213648495527,1311.4139855102126,1337.0871718113583,1368.2098117841708,1297.2288366790665,1387.5314389071916
MORNING_BANK,timing,region,central_sector_1,daily_peak_occupancy,30,6474.336621417979,6312.99967706775,6500.185142014956,6652.301959567284,6071.291530875254,6746.857622338853
MORNING_BANK,timing,region,central_sector_1,person_hours,30,32126.912756389265,31473.935652245098,32090.0921234726,32837.0354828201,31133.492080297598,33300.7545337726
MORNING_BANK,timing,region,central_sector_2,daily_mean_occupancy,30,731.4575778871466,704.4144341842252,728.659926020812,760.7127743140583,698.9322380079052,797.076580629167
MORNING_BANK,timing,region,central_sector_2,daily_peak_occupancy,30,3599.3676049451506,3473.07901993964,3568.689921730712,3725.172180815149,3422.229885652957,3936.1156430682317
MORNING_BANK,timing,region,central_sector_2,person_hours,30,17554.981869291518,16905.946420421402,17487.838224499486,18257.1065835374,16774.373712189725,19129.837935100008
MORNING_BANK,timing,region,northeast_pier,daily_mean_occupancy,30,1064.3816930049934,1022.9000867593769,1062.049273466851,1107.5064667084941,986.343252558895,1133.3999384393524
MORNING_BANK,timing,region,northeast_pier,daily_peak_occupancy,30,5624.723492676086,5255.364950236478,5678.351657562162,5995.821042969728,4940.970932009274,6118.427961402343
MORNING_BANK,timing,region,northeast_pier,person_hours,30,25545.16063211984,24549.602082225047,25489.182563204427,26580.155201003854,23672.238061413478,27201.598522544457
MORNING_BANK,timing,region,northwest_pier,daily_mean_occupancy,30,992.5935845251532,944.046693950915,990.1496564364736,1040.6719275046548,940.5984126698419,1055.9772520646065
MORNING_BANK,timing,region,northwest_pier,daily_peak_occupancy,30,5180.600008237214,4897.902928272013,5145.709040480759,5602.7085197270835,4677.216600246266,5780.754851448824
MORNING_BANK,timing,region,northwest_pier,person_hours,30,23822.246028603677,22657.12065482196,23763.59175447537,24976.12626011172,22574.361904076206,25343.454049550557
MORNING_BANK,timing,region,south_central_pier,daily_mean_occupancy,30,132.21551313184503,115.25961167372004,129.9050184163242,148.8492340519492,104.40673012153253,170.40771462465753
MORNING_BANK,timing,region,south_central_pier,daily_peak_occupancy,30,552.929177423128,501.84946535319426,542.4384687902118,629.2281012465879,464.2318655376091,674.7932240492191
MORNING_BANK,timing,region,south_central_pier,person_hours,30,3173.172315164281,2766.2306801692807,3117.7204419917807,3572.381617246781,2505.761522916781,4089.7851509917805
MORNING_BANK,timing,region,southeast_pier,daily_mean_occupancy,30,1581.9396231846179,1536.4397681296475,1582.3430182332215,1630.4694326436993,1517.1591777349279,1645.66577190069
MORNING_BANK,timing,region,southeast_pier,daily_peak_occupancy,30,8608.753478848463,8349.377498004109,8615.059430516298,8991.42756045913,7913.167542285113,9068.97331684567
MORNING_BANK,timing,region,southeast_pier,person_hours,30,37966.55095643083,36874.554435111546,37976.23243759732,39131.266383448776,36411.82026563827,39495.97852561656
MORNING_BANK,timing,region,southwest_pier,daily_mean_occupancy,30,1600.8509511334535,1555.3311030423629,1591.880363238312,1659.7150638909393,1518.8762384708098,1686.6135608824222
MORNING_BANK,timing,region,southwest_pier,daily_peak_occupancy,30,8510.103120162374,8145.814266869575,8491.59503852962,8877.818803614171,8077.7974200976405,9469.575776263473
MORNING_BANK,timing,region,southwest_pier,person_hours,30,38420.42282720288,37327.94647301671,38205.12871771949,39833.16153338255,36453.029723299434,40478.72546117813
