scenario_id,run_kind,period_id,scope,group,metric,n,p10,p50,p90,unit,aggregation
BASELINE_SPREAD,shoulder,shoulder,function,arrival_exit,air_temperature_maximum_c,1,23.256862525490465,23.256862525490465,23.256862525490465,C,maximum
BASELINE_SPREAD,shoulder,shoulder,function,arrival_exit,air_temperature_mean_c,1,21.116634238993854,21.116634238993854,21.116634238993854,C,area_weighted_mean
BASELINE_SPREAD,shoulder,shoulder,function,arrival_exit,air_temperature_minimum_c,1,19.995214706559132,19.995214706559132,19.995214706559132,C,minimum
BASELINE_SPREAD,shoulder,shoulder,function,arrival_exit,maximum_zone_people_latent_gain_interval_peak_kw,1,0.9734535639880795,0.9734535639880795,0.9734535639880795,kW,maximum
BASELINE_SPREAD,shoulder,shoulder,function,arrival_exit,maximum_zone_people_radiant_gain_interval_peak_kw,1,0.5751126436263274,0.5751126436263274,0.5751126436263274,kW,maximum
BASELINE_SPREAD,shoulder,shoulder,function,arrival_exit,maximum_zone_people_sensible_gain_interval_peak_kw,1,1.9170421454210915,1.9170421454210915,1.9170421454210915,kW,maximum
BASELINE_SPREAD,shoulder,shoulder,function,arrival_exit,maximum_zone_sensible_cooling_interval_peak_kw,1,68.29603420698237,68.29603420698237,68.29603420698237,kW,maximum
BASELINE_SPREAD,shoulder,shoulder,function,arrival_exit,maximum_zone_sensible_heating_interval_peak_kw,1,5.719440951654367,5.719440951654367,5.719440951654367,kW,maximum
BASELINE_SPREAD,shoulder,shoulder,function,arrival_exit,outdoor_air_maximum_m3_s,1,5.489597680647116,5.489597680647116,5.489597680647116,m3/s,maximum
BASELINE_SPREAD,shoulder,shoulder,function,arrival_exit,outdoor_air_mean_m3_s,1,19.409956188887467,19.409956188887467,19.409956188887467,m3/s,sum
BASELINE_SPREAD,shoulder,shoulder,function,arrival_exit,outdoor_air_minimum_m3_s,1,0.7434648854357249,0.7434648854357249,0.7434648854357249,m3/s,minimum
BASELINE_SPREAD,shoulder,shoulder,function,arrival_exit,people_latent_gain_kwh,1,30.73412821583711,30.73412821583711,30.73412821583711,kWh,sum
BASELINE_SPREAD,shoulder,shoulder,function,arrival_exit,people_radiant_gain_kwh,1,18.98008891372399,18.98008891372399,18.98008891372399,kWh,sum
BASELINE_SPREAD,shoulder,shoulder,function,arrival_exit,people_sensible_gain_kwh,1,63.266963045746635,63.266963045746635,63.266963045746635,kWh,sum
BASELINE_SPREAD,shoulder,shoulder,function,arrival_exit,relative_humidity_maximum_percent,1,42.94176087203912,42.94176087203912,42.94176087203912,%,maximum
BASELINE_SPREAD,shoulder,shoulder,function,arrival_exit,relative_humidity_mean_percent,1,34.42877406725696,34.42877406725696,34.42877406725696,%,area_weighted_mean
BASELINE_SPREAD,shoulder,shoulder,function,arrival_exit,relative_humidity_minimum_percent,1,26.235821798578584,26.235821798578584,26.235821798578584,%,minimum
BASELINE_SPREAD,shoulder,shoulder,function,arrival_exit,sensible_cooling_kwh,1,3742.872006894956,3742.872006894956,3742.872006894956,kWh,sum
BASELINE_SPREAD,shoulder,shoulder,function,arrival_exit,sensible_heating_kwh,1,59.37529317595857,59.37529317595857,59.37529317595857,kWh,sum
BASELINE_SPREAD,shoulder,shoulder,function,baggage_claim,air_temperature_maximum_c,1,23.766523398017206,23.766523398017206,23.766523398017206,C,maximum
BASELINE_SPREAD,shoulder,shoulder,function,baggage_claim,air_temperature_mean_c,1,21.402368311926423,21.402368311926423,21.402368311926423,C,area_weighted_mean
BASELINE_SPREAD,shoulder,shoulder,function,baggage_claim,air_temperature_minimum_c,1,19.996417363786286,19.996417363786286,19.996417363786286,C,minimum
BASELINE_SPREAD,shoulder,shoulder,function,baggage_claim,maximum_zone_people_latent_gain_interval_peak_kw,1,23.699968534550862,23.699968534550862,23.699968534550862,kW,maximum
BASELINE_SPREAD,shoulder,shoulder,function,baggage_claim,maximum_zone_people_radiant_gain_interval_peak_kw,1,12.170491885230557,12.170491885230557,12.170491885230557,kW,maximum
BASELINE_SPREAD,shoulder,shoulder,function,baggage_claim,maximum_zone_people_sensible_gain_interval_peak_kw,1,40.568306284101865,40.568306284101865,40.568306284101865,kW,maximum
BASELINE_SPREAD,shoulder,shoulder,function,baggage_claim,maximum_zone_sensible_cooling_interval_peak_kw,1,155.86663028243092,155.86663028243092,155.86663028243092,kW,maximum
BASELINE_SPREAD,shoulder,shoulder,function,baggage_claim,maximum_zone_sensible_heating_interval_peak_kw,1,2.3141893570908576,2.3141893570908576,2.3141893570908576,kW,maximum
BASELINE_SPREAD,shoulder,shoulder,function,baggage_claim,outdoor_air_maximum_m3_s,1,12.131847284730087,12.131847284730087,12.131847284730087,m3/s,maximum
BASELINE_SPREAD,shoulder,shoulder,function,baggage_claim,outdoor_air_mean_m3_s,1,32.09209195796971,32.09209195796971,32.09209195796971,m3/s,sum
BASELINE_SPREAD,shoulder,shoulder,function,baggage_claim,outdoor_air_minimum_m3_s,1,3.8920612197685767,3.8920612197685767,3.8920612197685767,m3/s,minimum
BASELINE_SPREAD,shoulder,shoulder,function,baggage_claim,people_latent_gain_kwh,1,640.6383595572389,640.6383595572389,640.6383595572389,kWh,sum
BASELINE_SPREAD,shoulder,shoulder,function,baggage_claim,people_radiant_gain_kwh,1,371.81504001193775,371.81504001193775,371.81504001193775,kWh,sum
BASELINE_SPREAD,shoulder,shoulder,function,baggage_claim,people_sensible_gain_kwh,1,1239.3834667064593,1239.3834667064593,1239.3834667064593,kWh,sum
BASELINE_SPREAD,shoulder,shoulder,function,baggage_claim,relative_humidity_maximum_percent,1,40.876601227023286,40.876601227023286,40.876601227023286,%,maximum
BASELINE_SPREAD,shoulder,shoulder,function,baggage_claim,relative_humidity_mean_percent,1,34.65530498592401,34.65530498592401,34.65530498592401,%,area_weighted_mean
BASELINE_SPREAD,shoulder,shoulder,function,baggage_claim,relative_humidity_minimum_percent,1,26.551474255939738,26.551474255939738,26.551474255939738,%,minimum
BASELINE_SPREAD,shoulder,shoulder,function,baggage_claim,sensible_cooling_kwh,1,6993.759884591893,6993.759884591893,6993.759884591893,kWh,sum
BASELINE_SPREAD,shoulder,shoulder,function,baggage_claim,sensible_heating_kwh,1,3.452240889838678,3.452240889838678,3.452240889838678,kWh,sum
BASELINE_SPREAD,shoulder,shoulder,function,central_hall,air_temperature_maximum_c,1,22.615433297743664,22.615433297743664,22.615433297743664,C,maximum
BASELINE_SPREAD,shoulder,shoulder,function,central_hall,air_temperature_mean_c,1,20.75052357037713,20.75052357037713,20.75052357037713,C,area_weighted_mean
BASELINE_SPREAD,shoulder,shoulder,function,central_hall,air_temperature_minimum_c,1,19.995964196973024,19.995964196973024,19.995964196973024,C,minimum
BASELINE_SPREAD,shoulder,shoulder,function,central_hall,maximum_zone_people_latent_gain_interval_peak_kw,1,4.118082775206018,4.118082775206018,4.118082775206018,kW,maximum
BASELINE_SPREAD,shoulder,shoulder,function,central_hall,maximum_zone_people_radiant_gain_interval_peak_kw,1,2.2458521151943938,2.2458521151943938,2.2458521151943938,kW,maximum
BASELINE_SPREAD,shoulder,shoulder,function,central_hall,maximum_zone_people_sensible_gain_interval_peak_kw,1,7.486173717314647,7.486173717314647,7.486173717314647,kW,maximum
BASELINE_SPREAD,shoulder,shoulder,function,central_hall,maximum_zone_sensible_cooling_interval_peak_kw,1,92.3591626633121,92.3591626633121,92.3591626633121,kW,maximum
BASELINE_SPREAD,shoulder,shoulder,function,central_hall,maximum_zone_sensible_heating_interval_peak_kw,1,28.965058929052205,28.965058929052205,28.965058929052205,kW,maximum
BASELINE_SPREAD,shoulder,shoulder,function,central_hall,outdoor_air_maximum_m3_s,1,8.122206603218102,8.122206603218102,8.122206603218102,m3/s,maximum
BASELINE_SPREAD,shoulder,shoulder,function,central_hall,outdoor_air_mean_m3_s,1,56.012400236284904,56.012400236284904,56.012400236284904,m3/s,sum
BASELINE_SPREAD,shoulder,shoulder,function,central_hall,outdoor_air_minimum_m3_s,1,0.9179858606952367,0.9179858606952367,0.9179858606952367,m3/s,minimum
BASELINE_SPREAD,shoulder,shoulder,function,central_hall,people_latent_gain_kwh,1,420.86457814219,420.86457814219,420.86457814219,kWh,sum
BASELINE_SPREAD,shoulder,shoulder,function,central_hall,people_radiant_gain_kwh,1,279.12041298224966,279.12041298224966,279.12041298224966,kWh,sum
BASELINE_SPREAD,shoulder,shoulder,function,central_hall,people_sensible_gain_kwh,1,930.4013766074988,930.4013766074988,930.4013766074988,kWh,sum
BASELINE_SPREAD,shoulder,shoulder,function,central_hall,relative_humidity_maximum_percent,1,44.15302027699806,44.15302027699806,44.15302027699806,%,maximum
BASELINE_SPREAD,shoulder,shoulder,function,central_hall,relative_humidity_mean_percent,1,35.43501838991785,35.43501838991785,35.43501838991785,%,area_weighted_mean
BASELINE_SPREAD,shoulder,shoulder,function,central_hall,relative_humidity_minimum_percent,1,27.967705839411945,27.967705839411945,27.967705839411945,%,minimum
BASELINE_SPREAD,shoulder,shoulder,function,central_hall,sensible_cooling_kwh,1,9343.381895678198,9343.381895678198,9343.381895678198,kWh,sum
BASELINE_SPREAD,shoulder,shoulder,function,central_hall,sensible_heating_kwh,1,563.2633138833789,563.2633138833789,563.2633138833789,kWh,sum
BASELINE_SPREAD,shoulder,shoulder,function,concourse,air_temperature_maximum_c,1,22.537062423790175,22.537062423790175,22.537062423790175,C,maximum
BASELINE_SPREAD,shoulder,shoulder,function,concourse,air_temperature_mean_c,1,20.619832935509656,20.619832935509656,20.619832935509656,C,area_weighted_mean
BASELINE_SPREAD,shoulder,shoulder,function,concourse,air_temperature_minimum_c,1,19.996033870366222,19.996033870366222,19.996033870366222,C,minimum
BASELINE_SPREAD,shoulder,shoulder,function,concourse,maximum_zone_people_latent_gain_interval_peak_kw,1,2.4329134609767236,2.4329134609767236,2.4329134609767236,kW,maximum
BASELINE_SPREAD,shoulder,shoulder,function,concourse,maximum_zone_people_radiant_gain_interval_peak_kw,1,1.5069054506910795,1.5069054506910795,1.5069054506910795,kW,maximum
BASELINE_SPREAD,shoulder,shoulder,function,concourse,maximum_zone_people_sensible_gain_interval_peak_kw,1,5.023018168970265,5.023018168970265,5.023018168970265,kW,maximum
BASELINE_SPREAD,shoulder,shoulder,function,concourse,maximum_zone_sensible_cooling_interval_peak_kw,1,37.545240827823974,37.545240827823974,37.545240827823974,kW,maximum
BASELINE_SPREAD,shoulder,shoulder,function,concourse,maximum_zone_sensible_heating_interval_peak_kw,1,17.505376129512225,17.505376129512225,17.505376129512225,kW,maximum
BASELINE_SPREAD,shoulder,shoulder,function,concourse,outdoor_air_maximum_m3_s,1,3.3355891978357937,3.3355891978357937,3.3355891978357937,m3/s,maximum
BASELINE_SPREAD,shoulder,shoulder,function,concourse,outdoor_air_mean_m3_s,1,22.98405233351659,22.98405233351659,22.98405233351659,m3/s,sum
BASELINE_SPREAD,shoulder,shoulder,function,concourse,outdoor_air_minimum_m3_s,1,0.46600102599830934,0.46600102599830934,0.46600102599830934,m3/s,minimum
BASELINE_SPREAD,shoulder,shoulder,function,concourse,people_latent_gain_kwh,1,164.42475462632308,164.42475462632308,164.42475462632308,kWh,sum
BASELINE_SPREAD,shoulder,shoulder,function,concourse,people_radiant_gain_kwh,1,111.7669857844643,111.7669857844643,111.7669857844643,kWh,sum
BASELINE_SPREAD,shoulder,shoulder,function,concourse,people_sensible_gain_kwh,1,372.5566192815477,372.5566192815477,372.5566192815477,kWh,sum
BASELINE_SPREAD,shoulder,shoulder,function,concourse,relative_humidity_maximum_percent,1,43.85707714568194,43.85707714568194,43.85707714568194,%,maximum
BASELINE_SPREAD,shoulder,shoulder,function,concourse,relative_humidity_mean_percent,1,36.12647753057705,36.12647753057705,36.12647753057705,%,area_weighted_mean
BASELINE_SPREAD,shoulder,shoulder,function,concourse,relative_humidity_minimum_percent,1,28.494575644896226,28.494575644896226,28.494575644896226,%,minimum
BASELINE_SPREAD,shoulder,shoulder,function,concourse,sensible_cooling_kwh,1,3540.6979983015103,3540.6979983015103,3540.6979983015103,kWh,sum
BASELINE_SPREAD,shoulder,shoulder,function,concourse,sensible_heating_kwh,1,390.9613590847984,390.9613590847984,390.9613590847984,kWh,sum
BASELINE_SPREAD,shoulder,shoulder,function,departure_entry,air_temperature_maximum_c,1,22.808656730591757,22.808656730591757,22.808656730591757,C,maximum
BASELINE_SPREAD,shoulder,shoulder,function,departure_entry,air_temperature_mean_c,1,20.922970584854447,20.922970584854447,20.922970584854447,C,area_weighted_mean
BASELINE_SPREAD,shoulder,shoulder,function,departure_entry,air_temperature_minimum_c,1,19.996397634707222,19.996397634707222,19.996397634707222,C,minimum
BASELINE_SPREAD,shoulder,shoulder,function,departure_entry,maximum_zone_people_latent_gain_interval_peak_kw,1,11.148426328948378,11.148426328948378,11.148426328948378,kW,maximum
BASELINE_SPREAD,shoulder,shoulder,function,departure_entry,maximum_zone_people_radiant_gain_interval_peak_kw,1,7.085732713729367,7.085732713729367,7.085732713729367,kW,maximum
BASELINE_SPREAD,shoulder,shoulder,function,departure_entry,maximum_zone_people_sensible_gain_interval_peak_kw,1,23.61910904576456,23.61910904576456,23.61910904576456,kW,maximum
BASELINE_SPREAD,shoulder,shoulder,function,departure_entry,maximum_zone_sensible_cooling_interval_peak_kw,1,45.97010733864467,45.97010733864467,45.97010733864467,kW,maximum
BASELINE_SPREAD,shoulder,shoulder,function,departure_entry,maximum_zone_sensible_heating_interval_peak_kw,1,12.658130004269566,12.658130004269566,12.658130004269566,kW,maximum
BASELINE_SPREAD,shoulder,shoulder,function,departure_entry,outdoor_air_maximum_m3_s,1,3.8505706857494215,3.8505706857494215,3.8505706857494215,m3/s,maximum
BASELINE_SPREAD,shoulder,shoulder,function,departure_entry,outdoor_air_mean_m3_s,1,6.894390942391218,6.894390942391218,6.894390942391218,m3/s,sum
BASELINE_SPREAD,shoulder,shoulder,function,departure_entry,outdoor_air_minimum_m3_s,1,2.5952077618842444,2.5952077618842444,2.5952077618842444,m3/s,minimum
BASELINE_SPREAD,shoulder,shoulder,function,departure_entry,people_latent_gain_kwh,1,223.58829940924932,223.58829940924932,223.58829940924932,kWh,sum
BASELINE_SPREAD,shoulder,shoulder,function,departure_entry,people_radiant_gain_kwh,1,144.4259264351204,144.4259264351204,144.4259264351204,kWh,sum
BASELINE_SPREAD,shoulder,shoulder,function,departure_entry,people_sensible_gain_kwh,1,481.4197547837347,481.4197547837347,481.4197547837347,kWh,sum
BASELINE_SPREAD,shoulder,shoulder,function,departure_entry,relative_humidity_maximum_percent,1,43.06651572808393,43.06651572808393,43.06651572808393,%,maximum
BASELINE_SPREAD,shoulder,shoulder,function,departure_entry,relative_humidity_mean_percent,1,35.993112537972586,35.993112537972586,35.993112537972586,%,area_weighted_mean
BASELINE_SPREAD,shoulder,shoulder,function,departure_entry,relative_humidity_minimum_percent,1,28.982177884486962,28.982177884486962,28.982177884486962,%,minimum
BASELINE_SPREAD,shoulder,shoulder,function,departure_entry,sensible_cooling_kwh,1,1256.5601233489358,1256.5601233489358,1256.5601233489358,kWh,sum
BASELINE_SPREAD,shoulder,shoulder,function,departure_entry,sensible_heating_kwh,1,56.710368418463325,56.710368418463325,56.710368418463325,kWh,sum
BASELINE_SPREAD,shoulder,shoulder,function,domestic_waiting,air_temperature_maximum_c,1,24.12711222704141,24.12711222704141,24.12711222704141,C,maximum
BASELINE_SPREAD,shoulder,shoulder,function,domestic_waiting,air_temperature_mean_c,1,21.27060628565826,21.27060628565826,21.27060628565826,C,area_weighted_mean
BASELINE_SPREAD,shoulder,shoulder,function,domestic_waiting,air_temperature_minimum_c,1,19.994389187467597,19.994389187467597,19.994389187467597,C,minimum
BASELINE_SPREAD,shoulder,shoulder,function,domestic_waiting,maximum_zone_people_latent_gain_interval_peak_kw,1,20.268612656208443,20.268612656208443,20.268612656208443,kW,maximum
BASELINE_SPREAD,shoulder,shoulder,function,domestic_waiting,maximum_zone_people_radiant_gain_interval_peak_kw,1,11.059996199953257,11.059996199953257,11.059996199953257,kW,maximum
BASELINE_SPREAD,shoulder,shoulder,function,domestic_waiting,maximum_zone_people_sensible_gain_interval_peak_kw,1,36.866653999844196,36.866653999844196,36.866653999844196,kW,maximum
BASELINE_SPREAD,shoulder,shoulder,function,domestic_waiting,maximum_zone_sensible_cooling_interval_peak_kw,1,59.53100661610544,59.53100661610544,59.53100661610544,kW,maximum
BASELINE_SPREAD,shoulder,shoulder,function,domestic_waiting,maximum_zone_sensible_heating_interval_peak_kw,1,6.738519857317762,6.738519857317762,6.738519857317762,kW,maximum
BASELINE_SPREAD,shoulder,shoulder,function,domestic_waiting,outdoor_air_maximum_m3_s,1,4.459392546741517,4.459392546741517,4.459392546741517,m3/s,maximum
BASELINE_SPREAD,shoulder,shoulder,function,domestic_waiting,outdoor_air_mean_m3_s,1,115.43096741714918,115.43096741714918,115.43096741714918,m3/s,sum
BASELINE_SPREAD,shoulder,shoulder,function,domestic_waiting,outdoor_air_minimum_m3_s,1,0.2916929124869776,0.2916929124869776,0.2916929124869776,m3/s,minimum
BASELINE_SPREAD,shoulder,shoulder,function,domestic_waiting,people_latent_gain_kwh,1,4450.95463222204,4450.95463222204,4450.95463222204,kWh,sum
BASELINE_SPREAD,shoulder,shoulder,function,domestic_waiting,people_radiant_gain_kwh,1,2592.2455498489203,2592.2455498489203,2592.2455498489203,kWh,sum
BASELINE_SPREAD,shoulder,shoulder,function,domestic_waiting,people_sensible_gain_kwh,1,8640.818499496401,8640.818499496401,8640.818499496401,kWh,sum
BASELINE_SPREAD,shoulder,shoulder,function,domestic_waiting,relative_humidity_maximum_percent,1,44.998542300513705,44.998542300513705,44.998542300513705,%,maximum
BASELINE_SPREAD,shoulder,shoulder,function,domestic_waiting,relative_humidity_mean_percent,1,36.1512781060724,36.1512781060724,36.1512781060724,%,area_weighted_mean
BASELINE_SPREAD,shoulder,shoulder,function,domestic_waiting,relative_humidity_minimum_percent,1,26.54324390169304,26.54324390169304,26.54324390169304,%,minimum
BASELINE_SPREAD,shoulder,shoulder,function,domestic_waiting,sensible_cooling_kwh,1,23708.15005448344,23708.15005448344,23708.15005448344,kWh,sum
BASELINE_SPREAD,shoulder,shoulder,function,domestic_waiting,sensible_heating_kwh,1,330.36890592891166,330.36890592891166,330.36890592891166,kWh,sum
BASELINE_SPREAD,shoulder,shoulder,function,general_commercial,air_temperature_maximum_c,1,25.000818608463728,25.000818608463728,25.000818608463728,C,maximum
BASELINE_SPREAD,shoulder,shoulder,function,general_commercial,air_temperature_mean_c,1,22.41772316006615,22.41772316006615,22.41772316006615,C,area_weighted_mean
BASELINE_SPREAD,shoulder,shoulder,function,general_commercial,air_temperature_minimum_c,1,19.968977350197253,19.968977350197253,19.968977350197253,C,minimum
BASELINE_SPREAD,shoulder,shoulder,function,general_commercial,maximum_zone_people_latent_gain_interval_peak_kw,1,3.62931046365196,3.62931046365196,3.62931046365196,kW,maximum
BASELINE_SPREAD,shoulder,shoulder,function,general_commercial,maximum_zone_people_radiant_gain_interval_peak_kw,1,1.595526444700404,1.595526444700404,1.595526444700404,kW,maximum
BASELINE_SPREAD,shoulder,shoulder,function,general_commercial,maximum_zone_people_sensible_gain_interval_peak_kw,1,5.3184214823346805,5.3184214823346805,5.3184214823346805,kW,maximum
BASELINE_SPREAD,shoulder,shoulder,function,general_commercial,maximum_zone_sensible_cooling_interval_peak_kw,1,92.74727990043219,92.74727990043219,92.74727990043219,kW,maximum
BASELINE_SPREAD,shoulder,shoulder,function,general_commercial,maximum_zone_sensible_heating_interval_peak_kw,1,14.751482207516688,14.751482207516688,14.751482207516688,kW,maximum
BASELINE_SPREAD,shoulder,shoulder,function,general_commercial,outdoor_air_maximum_m3_s,1,6.353224592512736,6.353224592512736,6.353224592512736,m3/s,maximum
BASELINE_SPREAD,shoulder,shoulder,function,general_commercial,outdoor_air_mean_m3_s,1,61.04614808693286,61.04614808693286,61.04614808693286,m3/s,sum
BASELINE_SPREAD,shoulder,shoulder,function,general_commercial,outdoor_air_minimum_m3_s,1,0.0556120269188355,0.0556120269188355,0.0556120269188355,m3/s,minimum
BASELINE_SPREAD,shoulder,shoulder,function,general_commercial,people_latent_gain_kwh,1,52.59326028283741,52.59326028283741,52.59326028283741,kWh,sum
BASELINE_SPREAD,shoulder,shoulder,function,general_commercial,people_radiant_gain_kwh,1,26.786869900092427,26.786869900092427,26.786869900092427,kWh,sum
BASELINE_SPREAD,shoulder,shoulder,function,general_commercial,people_sensible_gain_kwh,1,89.28956633364142,89.28956633364142,89.28956633364142,kWh,sum
BASELINE_SPREAD,shoulder,shoulder,function,general_commercial,relative_humidity_maximum_percent,1,42.14858052263973,42.14858052263973,42.14858052263973,%,maximum
BASELINE_SPREAD,shoulder,shoulder,function,general_commercial,relative_humidity_mean_percent,1,31.620889627723795,31.620889627723795,31.620889627723795,%,area_weighted_mean
BASELINE_SPREAD,shoulder,shoulder,function,general_commercial,relative_humidity_minimum_percent,1,22.377855047225015,22.377855047225015,22.377855047225015,%,minimum
BASELINE_SPREAD,shoulder,shoulder,function,general_commercial,sensible_cooling_kwh,1,13769.645089430227,13769.645089430227,13769.645089430227,kWh,sum
BASELINE_SPREAD,shoulder,shoulder,function,general_commercial,sensible_heating_kwh,1,534.0749066875414,534.0749066875414,534.0749066875414,kWh,sum
BASELINE_SPREAD,shoulder,shoulder,function,information_room,air_temperature_maximum_c,1,25.00189691948733,25.00189691948733,25.00189691948733,C,maximum
BASELINE_SPREAD,shoulder,shoulder,function,information_room,air_temperature_mean_c,1,25.000420353629227,25.000420353629227,25.000420353629227,C,area_weighted_mean
BASELINE_SPREAD,shoulder,shoulder,function,information_room,air_temperature_minimum_c,1,25.000000607373813,25.000000607373813,25.000000607373813,C,minimum
BASELINE_SPREAD,shoulder,shoulder,function,information_room,maximum_zone_sensible_cooling_interval_peak_kw,1,24.694266355873918,24.694266355873918,24.694266355873918,kW,maximum
BASELINE_SPREAD,shoulder,shoulder,function,information_room,maximum_zone_sensible_heating_interval_peak_kw,1,0.0,0.0,0.0,kW,maximum
BASELINE_SPREAD,shoulder,shoulder,function,information_room,relative_humidity_maximum_percent,1,27.868611549907257,27.868611549907257,27.868611549907257,%,maximum
BASELINE_SPREAD,shoulder,shoulder,function,information_room,relative_humidity_mean_percent,1,26.841075942335735,26.841075942335735,26.841075942335735,%,area_weighted_mean
BASELINE_SPREAD,shoulder,shoulder,function,information_room,relative_humidity_minimum_percent,1,25.976210577176467,25.976210577176467,25.976210577176467,%,minimum
BASELINE_SPREAD,shoulder,shoulder,function,information_room,sensible_cooling_kwh,1,470.85362345100793,470.85362345100793,470.85362345100793,kWh,sum
BASELINE_SPREAD,shoulder,shoulder,function,information_room,sensible_heating_kwh,1,0.0,0.0,0.0,kWh,sum
BASELINE_SPREAD,shoulder,shoulder,function,international_arrival,air_temperature_maximum_c,1,22.424133484361796,22.424133484361796,22.424133484361796,C,maximum
BASELINE_SPREAD,shoulder,shoulder,function,international_arrival,air_temperature_mean_c,1,20.581533741753983,20.581533741753983,20.581533741753983,C,area_weighted_mean
BASELINE_SPREAD,shoulder,shoulder,function,international_arrival,air_temperature_minimum_c,1,19.994497004195665,19.994497004195665,19.994497004195665,C,minimum
BASELINE_SPREAD,shoulder,shoulder,function,international_arrival,maximum_zone_people_latent_gain_interval_peak_kw,1,1.7353777149086391,1.7353777149086391,1.7353777149086391,kW,maximum
BASELINE_SPREAD,shoulder,shoulder,function,international_arrival,maximum_zone_people_radiant_gain_interval_peak_kw,1,1.3499886950611777,1.3499886950611777,1.3499886950611777,kW,maximum
BASELINE_SPREAD,shoulder,shoulder,function,international_arrival,maximum_zone_people_sensible_gain_interval_peak_kw,1,4.499962316870592,4.499962316870592,4.499962316870592,kW,maximum
BASELINE_SPREAD,shoulder,shoulder,function,international_arrival,maximum_zone_sensible_cooling_interval_peak_kw,1,62.90802853578452,62.90802853578452,62.90802853578452,kW,maximum
BASELINE_SPREAD,shoulder,shoulder,function,international_arrival,maximum_zone_sensible_heating_interval_peak_kw,1,21.149217502430314,21.149217502430314,21.149217502430314,kW,maximum
BASELINE_SPREAD,shoulder,shoulder,function,international_arrival,outdoor_air_maximum_m3_s,1,5.490129351435346,5.490129351435346,5.490129351435346,m3/s,maximum
BASELINE_SPREAD,shoulder,shoulder,function,international_arrival,outdoor_air_mean_m3_s,1,26.44721808510543,26.44721808510543,26.44721808510543,m3/s,sum
BASELINE_SPREAD,shoulder,shoulder,function,international_arrival,outdoor_air_minimum_m3_s,1,0.12522516724066496,0.12522516724066496,0.12522516724066496,m3/s,minimum
BASELINE_SPREAD,shoulder,shoulder,function,international_arrival,people_latent_gain_kwh,1,35.17514010133903,35.17514010133903,35.17514010133903,kWh,sum
BASELINE_SPREAD,shoulder,shoulder,function,international_arrival,people_radiant_gain_kwh,1,24.697869856493053,24.697869856493053,24.697869856493053,kWh,sum
BASELINE_SPREAD,shoulder,shoulder,function,international_arrival,people_sensible_gain_kwh,1,82.32623285497684,82.32623285497684,82.32623285497684,kWh,sum
BASELINE_SPREAD,shoulder,shoulder,function,international_arrival,relative_humidity_maximum_percent,1,42.555360759398205,42.555360759398205,42.555360759398205,%,maximum
BASELINE_SPREAD,shoulder,shoulder,function,international_arrival,relative_humidity_mean_percent,1,35.10137342706318,35.10137342706318,35.10137342706318,%,area_weighted_mean
BASELINE_SPREAD,shoulder,shoulder,function,international_arrival,relative_humidity_minimum_percent,1,27.251180119839802,27.251180119839802,27.251180119839802,%,minimum
BASELINE_SPREAD,shoulder,shoulder,function,international_arrival,sensible_cooling_kwh,1,4164.876955248396,4164.876955248396,4164.876955248396,kWh,sum
BASELINE_SPREAD,shoulder,shoulder,function,international_arrival,sensible_heating_kwh,1,443.1590439590006,443.1590439590006,443.1590439590006,kWh,sum
BASELINE_SPREAD,shoulder,shoulder,function,international_hall,air_temperature_maximum_c,1,23.298194154916466,23.298194154916466,23.298194154916466,C,maximum
BASELINE_SPREAD,shoulder,shoulder,function,international_hall,air_temperature_mean_c,1,21.270454508218556,21.270454508218556,21.270454508218556,C,area_weighted_mean
BASELINE_SPREAD,shoulder,shoulder,function,international_hall,air_temperature_minimum_c,1,19.99633598417234,19.99633598417234,19.99633598417234,C,minimum
BASELINE_SPREAD,shoulder,shoulder,function,international_hall,maximum_zone_people_latent_gain_interval_peak_kw,1,3.083043274325346,3.083043274325346,3.083043274325346,kW,maximum
BASELINE_SPREAD,shoulder,shoulder,function,international_hall,maximum_zone_people_radiant_gain_interval_peak_kw,1,2.203263509485828,2.203263509485828,2.203263509485828,kW,maximum
BASELINE_SPREAD,shoulder,shoulder,function,international_hall,maximum_zone_people_sensible_gain_interval_peak_kw,1,7.344211698286093,7.344211698286093,7.344211698286093,kW,maximum
BASELINE_SPREAD,shoulder,shoulder,function,international_hall,maximum_zone_sensible_cooling_interval_peak_kw,1,360.73461716819367,360.73461716819367,360.73461716819367,kW,maximum
BASELINE_SPREAD,shoulder,shoulder,function,international_hall,maximum_zone_sensible_heating_interval_peak_kw,1,20.731794794430257,20.731794794430257,20.731794794430257,kW,maximum
BASELINE_SPREAD,shoulder,shoulder,function,international_hall,outdoor_air_maximum_m3_s,1,28.811245152861183,28.811245152861183,28.811245152861183,m3/s,maximum
BASELINE_SPREAD,shoulder,shoulder,function,international_hall,outdoor_air_mean_m3_s,1,51.80694494555715,51.80694494555715,51.80694494555715,m3/s,sum
BASELINE_SPREAD,shoulder,shoulder,function,international_hall,outdoor_air_minimum_m3_s,1,19.040360945917545,19.040360945917545,19.040360945917545,m3/s,minimum
BASELINE_SPREAD,shoulder,shoulder,function,international_hall,people_latent_gain_kwh,1,38.341465838248354,38.341465838248354,38.341465838248354,kWh,sum
BASELINE_SPREAD,shoulder,shoulder,function,international_hall,people_radiant_gain_kwh,1,23.74797212989199,23.74797212989199,23.74797212989199,kWh,sum
BASELINE_SPREAD,shoulder,shoulder,function,international_hall,people_sensible_gain_kwh,1,79.15990709963998,79.15990709963998,79.15990709963998,kWh,sum
BASELINE_SPREAD,shoulder,shoulder,function,international_hall,relative_humidity_maximum_percent,1,39.95733270420322,39.95733270420322,39.95733270420322,%,maximum
BASELINE_SPREAD,shoulder,shoulder,function,international_hall,relative_humidity_mean_percent,1,33.77307119314207,33.77307119314207,33.77307119314207,%,area_weighted_mean
BASELINE_SPREAD,shoulder,shoulder,function,international_hall,relative_humidity_minimum_percent,1,25.66770657752788,25.66770657752788,25.66770657752788,%,minimum
BASELINE_SPREAD,shoulder,shoulder,function,international_hall,sensible_cooling_kwh,1,10770.800987965478,10770.800987965478,10770.800987965478,kWh,sum
BASELINE_SPREAD,shoulder,shoulder,function,international_hall,sensible_heating_kwh,1,35.78654618061451,35.78654618061451,35.78654618061451,kWh,sum
BASELINE_SPREAD,shoulder,shoulder,function,office,air_temperature_maximum_c,1,26.004199204924245,26.004199204924245,26.004199204924245,C,maximum
BASELINE_SPREAD,shoulder,shoulder,function,office,air_temperature_mean_c,1,22.74872103790191,22.74872103790191,22.74872103790191,C,area_weighted_mean
BASELINE_SPREAD,shoulder,shoulder,function,office,air_temperature_minimum_c,1,19.99893860148122,19.99893860148122,19.99893860148122,C,minimum
BASELINE_SPREAD,shoulder,shoulder,function,office,maximum_zone_people_latent_gain_interval_peak_kw,1,23.972372336331727,23.972372336331727,23.972372336331727,kW,maximum
BASELINE_SPREAD,shoulder,shoulder,function,office,maximum_zone_people_radiant_gain_interval_peak_kw,1,9.642961549297468,9.642961549297468,9.642961549297468,kW,maximum
BASELINE_SPREAD,shoulder,shoulder,function,office,maximum_zone_people_sensible_gain_interval_peak_kw,1,32.1432051643249,32.1432051643249,32.1432051643249,kW,maximum
BASELINE_SPREAD,shoulder,shoulder,function,office,maximum_zone_sensible_cooling_interval_peak_kw,1,52.77341314142911,52.77341314142911,52.77341314142911,kW,maximum
BASELINE_SPREAD,shoulder,shoulder,function,office,maximum_zone_sensible_heating_interval_peak_kw,1,15.319234471693159,15.319234471693159,15.319234471693159,kW,maximum
BASELINE_SPREAD,shoulder,shoulder,function,office,outdoor_air_maximum_m3_s,1,1.7589377246984212,1.7589377246984212,1.7589377246984212,m3/s,maximum
BASELINE_SPREAD,shoulder,shoulder,function,office,outdoor_air_mean_m3_s,1,19.23877379545117,19.23877379545117,19.23877379545117,m3/s,sum
BASELINE_SPREAD,shoulder,shoulder,function,office,outdoor_air_minimum_m3_s,1,0.03330896790153884,0.03330896790153884,0.03330896790153884,m3/s,minimum
BASELINE_SPREAD,shoulder,shoulder,function,office,people_latent_gain_kwh,1,1428.9414546871196,1428.9414546871196,1428.9414546871196,kWh,sum
BASELINE_SPREAD,shoulder,shoulder,function,office,people_radiant_gain_kwh,1,521.0156791268598,521.0156791268598,521.0156791268598,kWh,sum
BASELINE_SPREAD,shoulder,shoulder,function,office,people_sensible_gain_kwh,1,1736.7189304228662,1736.7189304228662,1736.7189304228662,kWh,sum
BASELINE_SPREAD,shoulder,shoulder,function,office,relative_humidity_maximum_percent,1,56.36690594433564,56.36690594433564,56.36690594433564,%,maximum
BASELINE_SPREAD,shoulder,shoulder,function,office,relative_humidity_mean_percent,1,35.141721927455954,35.141721927455954,35.141721927455954,%,area_weighted_mean
BASELINE_SPREAD,shoulder,shoulder,function,office,relative_humidity_minimum_percent,1,22.430901152837933,22.430901152837933,22.430901152837933,%,minimum
BASELINE_SPREAD,shoulder,shoulder,function,office,sensible_cooling_kwh,1,4624.655367350566,4624.655367350566,4624.655367350566,kWh,sum
BASELINE_SPREAD,shoulder,shoulder,function,office,sensible_heating_kwh,1,913.6542638020481,913.6542638020481,913.6542638020481,kWh,sum
BASELINE_SPREAD,shoulder,shoulder,function,restaurant,air_temperature_maximum_c,1,25.00069688463525,25.00069688463525,25.00069688463525,C,maximum
BASELINE_SPREAD,shoulder,shoulder,function,restaurant,air_temperature_mean_c,1,21.19981833191212,21.19981833191212,21.19981833191212,C,area_weighted_mean
BASELINE_SPREAD,shoulder,shoulder,function,restaurant,air_temperature_minimum_c,1,19.972808356451445,19.972808356451445,19.972808356451445,C,minimum
BASELINE_SPREAD,shoulder,shoulder,function,restaurant,maximum_zone_people_latent_gain_interval_peak_kw,1,2.243879470797087,2.243879470797087,2.243879470797087,kW,maximum
BASELINE_SPREAD,shoulder,shoulder,function,restaurant,maximum_zone_people_radiant_gain_interval_peak_kw,1,1.111613720704232,1.111613720704232,1.111613720704232,kW,maximum
BASELINE_SPREAD,shoulder,shoulder,function,restaurant,maximum_zone_people_sensible_gain_interval_peak_kw,1,3.705379069014107,3.705379069014107,3.705379069014107,kW,maximum
BASELINE_SPREAD,shoulder,shoulder,function,restaurant,maximum_zone_sensible_cooling_interval_peak_kw,1,40.80966611916526,40.80966611916526,40.80966611916526,kW,maximum
BASELINE_SPREAD,shoulder,shoulder,function,restaurant,maximum_zone_sensible_heating_interval_peak_kw,1,18.866310849152782,18.866310849152782,18.866310849152782,kW,maximum
BASELINE_SPREAD,shoulder,shoulder,function,restaurant,outdoor_air_maximum_m3_s,1,2.8081726391987605,2.8081726391987605,2.8081726391987605,m3/s,maximum
BASELINE_SPREAD,shoulder,shoulder,function,restaurant,outdoor_air_mean_m3_s,1,14.572022693321003,14.572022693321003,14.572022693321003,m3/s,sum
BASELINE_SPREAD,shoulder,shoulder,function,restaurant,outdoor_air_minimum_m3_s,1,0.03468741149288119,0.03468741149288119,0.03468741149288119,m3/s,minimum
BASELINE_SPREAD,shoulder,shoulder,function,restaurant,people_latent_gain_kwh,1,20.941681208099432,20.941681208099432,20.941681208099432,kWh,sum
BASELINE_SPREAD,shoulder,shoulder,function,restaurant,people_radiant_gain_kwh,1,10.637680942625563,10.637680942625563,10.637680942625563,kWh,sum
BASELINE_SPREAD,shoulder,shoulder,function,restaurant,people_sensible_gain_kwh,1,35.45893647541855,35.45893647541855,35.45893647541855,kWh,sum
BASELINE_SPREAD,shoulder,shoulder,function,restaurant,relative_humidity_maximum_percent,1,42.798429547914424,42.798429547914424,42.798429547914424,%,maximum
BASELINE_SPREAD,shoulder,shoulder,function,restaurant,relative_humidity_mean_percent,1,33.89374567972626,33.89374567972626,33.89374567972626,%,area_weighted_mean
BASELINE_SPREAD,shoulder,shoulder,function,restaurant,relative_humidity_minimum_percent,1,22.39089014640419,22.39089014640419,22.39089014640419,%,minimum
BASELINE_SPREAD,shoulder,shoulder,function,restaurant,sensible_cooling_kwh,1,2558.5639665198687,2558.5639665198687,2558.5639665198687,kWh,sum
BASELINE_SPREAD,shoulder,shoulder,function,restaurant,sensible_heating_kwh,1,275.0291310184068,275.0291310184068,275.0291310184068,kWh,sum
BASELINE_SPREAD,shoulder,shoulder,function,restroom,air_temperature_maximum_c,1,20.6132160742697,20.6132160742697,20.6132160742697,C,maximum
BASELINE_SPREAD,shoulder,shoulder,function,restroom,air_temperature_mean_c,1,20.004213732150017,20.004213732150017,20.004213732150017,C,area_weighted_mean
BASELINE_SPREAD,shoulder,shoulder,function,restroom,air_temperature_minimum_c,1,19.992609338864995,19.992609338864995,19.992609338864995,C,minimum
BASELINE_SPREAD,shoulder,shoulder,function,restroom,maximum_zone_sensible_cooling_interval_peak_kw,1,5.582567775284817,5.582567775284817,5.582567775284817,kW,maximum
BASELINE_SPREAD,shoulder,shoulder,function,restroom,maximum_zone_sensible_heating_interval_peak_kw,1,11.11420278166773,11.11420278166773,11.11420278166773,kW,maximum
BASELINE_SPREAD,shoulder,shoulder,function,restroom,outdoor_air_maximum_m3_s,1,1.474672203268971,1.474672203268971,1.474672203268971,m3/s,maximum
BASELINE_SPREAD,shoulder,shoulder,function,restroom,outdoor_air_mean_m3_s,1,10.610685931402342,10.610685931402342,10.610685931402342,m3/s,sum
BASELINE_SPREAD,shoulder,shoulder,function,restroom,outdoor_air_minimum_m3_s,1,0.06690645439899083,0.06690645439899083,0.06690645439899083,m3/s,minimum
BASELINE_SPREAD,shoulder,shoulder,function,restroom,relative_humidity_maximum_percent,1,44.5768734587439,44.5768734587439,44.5768734587439,%,maximum
BASELINE_SPREAD,shoulder,shoulder,function,restroom,relative_humidity_mean_percent,1,36.28862498815159,36.28862498815159,36.28862498815159,%,area_weighted_mean
BASELINE_SPREAD,shoulder,shoulder,function,restroom,relative_humidity_minimum_percent,1,27.510981617505053,27.510981617505053,27.510981617505053,%,minimum
BASELINE_SPREAD,shoulder,shoulder,function,restroom,sensible_cooling_kwh,1,354.31599041438426,354.31599041438426,354.31599041438426,kWh,sum
BASELINE_SPREAD,shoulder,shoulder,function,restroom,sensible_heating_kwh,1,783.1827279153495,783.1827279153495,783.1827279153495,kWh,sum
BASELINE_SPREAD,shoulder,shoulder,function,staff_breakroom,air_temperature_maximum_c,1,25.23546040610885,25.23546040610885,25.23546040610885,C,maximum
BASELINE_SPREAD,shoulder,shoulder,function,staff_breakroom,air_temperature_mean_c,1,21.27577982160618,21.27577982160618,21.27577982160618,C,area_weighted_mean
BASELINE_SPREAD,shoulder,shoulder,function,staff_breakroom,air_temperature_minimum_c,1,19.999148025686008,19.999148025686008,19.999148025686008,C,minimum
BASELINE_SPREAD,shoulder,shoulder,function,staff_breakroom,maximum_zone_people_latent_gain_interval_peak_kw,1,3.7819727180526823,3.7819727180526823,3.7819727180526823,kW,maximum
BASELINE_SPREAD,shoulder,shoulder,function,staff_breakroom,maximum_zone_people_radiant_gain_interval_peak_kw,1,2.1898690582419613,2.1898690582419613,2.1898690582419613,kW,maximum
BASELINE_SPREAD,shoulder,shoulder,function,staff_breakroom,maximum_zone_people_sensible_gain_interval_peak_kw,1,7.299563527473205,7.299563527473205,7.299563527473205,kW,maximum
BASELINE_SPREAD,shoulder,shoulder,function,staff_breakroom,maximum_zone_sensible_cooling_interval_peak_kw,1,5.82952135367873,5.82952135367873,5.82952135367873,kW,maximum
BASELINE_SPREAD,shoulder,shoulder,function,staff_breakroom,maximum_zone_sensible_heating_interval_peak_kw,1,6.174542697538093,6.174542697538093,6.174542697538093,kW,maximum
BASELINE_SPREAD,shoulder,shoulder,function,staff_breakroom,outdoor_air_maximum_m3_s,1,0.6520888064436858,0.6520888064436858,0.6520888064436858,m3/s,maximum
BASELINE_SPREAD,shoulder,shoulder,function,staff_breakroom,outdoor_air_mean_m3_s,1,2.106518362889403,2.106518362889403,2.106518362889403,m3/s,sum
BASELINE_SPREAD,shoulder,shoulder,function,staff_breakroom,outdoor_air_minimum_m3_s,1,0.03689236111111095,0.03689236111111095,0.03689236111111095,m3/s,minimum
BASELINE_SPREAD,shoulder,shoulder,function,staff_breakroom,people_latent_gain_kwh,1,5.065806662690805,5.065806662690805,5.065806662690805,kWh,sum
BASELINE_SPREAD,shoulder,shoulder,function,staff_breakroom,people_radiant_gain_kwh,1,3.1726804344104975,3.1726804344104975,3.1726804344104975,kWh,sum
BASELINE_SPREAD,shoulder,shoulder,function,staff_breakroom,people_sensible_gain_kwh,1,10.575601448034993,10.575601448034993,10.575601448034993,kWh,sum
BASELINE_SPREAD,shoulder,shoulder,function,staff_breakroom,relative_humidity_maximum_percent,1,42.086733598366386,42.086733598366386,42.086733598366386,%,maximum
BASELINE_SPREAD,shoulder,shoulder,function,staff_breakroom,relative_humidity_mean_percent,1,33.89786241955822,33.89786241955822,33.89786241955822,%,area_weighted_mean
BASELINE_SPREAD,shoulder,shoulder,function,staff_breakroom,relative_humidity_minimum_percent,1,23.9651185164887,23.9651185164887,23.9651185164887,%,minimum
BASELINE_SPREAD,shoulder,shoulder,function,staff_breakroom,sensible_cooling_kwh,1,170.20106848190034,170.20106848190034,170.20106848190034,kWh,sum
BASELINE_SPREAD,shoulder,shoulder,function,staff_breakroom,sensible_heating_kwh,1,123.40740874282139,123.40740874282139,123.40740874282139,kWh,sum
BASELINE_SPREAD,shoulder,shoulder,function,transfer,air_temperature_maximum_c,1,22.415744122039577,22.415744122039577,22.415744122039577,C,maximum
BASELINE_SPREAD,shoulder,shoulder,function,transfer,air_temperature_mean_c,1,20.73017024479732,20.73017024479732,20.73017024479732,C,area_weighted_mean
BASELINE_SPREAD,shoulder,shoulder,function,transfer,air_temperature_minimum_c,1,19.99747361735147,19.99747361735147,19.99747361735147,C,minimum
BASELINE_SPREAD,shoulder,shoulder,function,transfer,maximum_zone_people_latent_gain_interval_peak_kw,1,2.5795651657961933,2.5795651657961933,2.5795651657961933,kW,maximum
BASELINE_SPREAD,shoulder,shoulder,function,transfer,maximum_zone_people_radiant_gain_interval_peak_kw,1,1.6013115625264485,1.6013115625264485,1.6013115625264485,kW,maximum
BASELINE_SPREAD,shoulder,shoulder,function,transfer,maximum_zone_people_sensible_gain_interval_peak_kw,1,5.337705208421496,5.337705208421496,5.337705208421496,kW,maximum
BASELINE_SPREAD,shoulder,shoulder,function,transfer,maximum_zone_sensible_cooling_interval_peak_kw,1,51.590084241837985,51.590084241837985,51.590084241837985,kW,maximum
BASELINE_SPREAD,shoulder,shoulder,function,transfer,maximum_zone_sensible_heating_interval_peak_kw,1,10.902320597571148,10.902320597571148,10.902320597571148,kW,maximum
BASELINE_SPREAD,shoulder,shoulder,function,transfer,outdoor_air_maximum_m3_s,1,4.5226824949019475,4.5226824949019475,4.5226824949019475,m3/s,maximum
BASELINE_SPREAD,shoulder,shoulder,function,transfer,outdoor_air_mean_m3_s,1,8.486673952636808,8.486673952636808,8.486673952636808,m3/s,sum
BASELINE_SPREAD,shoulder,shoulder,function,transfer,outdoor_air_minimum_m3_s,1,1.6238900243039343,1.6238900243039343,1.6238900243039343,m3/s,minimum
BASELINE_SPREAD,shoulder,shoulder,function,transfer,people_latent_gain_kwh,1,36.04770123516212,36.04770123516212,36.04770123516212,kWh,sum
BASELINE_SPREAD,shoulder,shoulder,function,transfer,people_radiant_gain_kwh,1,24.436096092927876,24.436096092927876,24.436096092927876,kWh,sum
BASELINE_SPREAD,shoulder,shoulder,function,transfer,people_sensible_gain_kwh,1,81.45365364309292,81.45365364309292,81.45365364309292,kWh,sum
BASELINE_SPREAD,shoulder,shoulder,function,transfer,relative_humidity_maximum_percent,1,42.39001972196385,42.39001972196385,42.39001972196385,%,maximum
BASELINE_SPREAD,shoulder,shoulder,function,transfer,relative_humidity_mean_percent,1,35.01957183623939,35.01957183623939,35.01957183623939,%,area_weighted_mean
BASELINE_SPREAD,shoulder,shoulder,function,transfer,relative_humidity_minimum_percent,1,28.520849584965354,28.520849584965354,28.520849584965354,%,minimum
BASELINE_SPREAD,shoulder,shoulder,function,transfer,sensible_cooling_kwh,1,1464.4344053852415,1464.4344053852415,1464.4344053852415,kWh,sum
BASELINE_SPREAD,shoulder,shoulder,function,transfer,sensible_heating_kwh,1,48.306821944717015,48.306821944717015,48.306821944717015,kWh,sum
BASELINE_SPREAD,shoulder,shoulder,hvac_group,C1-DOAS,air_temperature_maximum_c,1,26.000276672680272,26.000276672680272,26.000276672680272,C,maximum
BASELINE_SPREAD,shoulder,shoulder,hvac_group,C1-DOAS,air_temperature_mean_c,1,22.52879985604311,22.52879985604311,22.52879985604311,C,area_weighted_mean
BASELINE_SPREAD,shoulder,shoulder,hvac_group,C1-DOAS,air_temperature_minimum_c,1,19.999148025686008,19.999148025686008,19.999148025686008,C,minimum
BASELINE_SPREAD,shoulder,shoulder,hvac_group,C1-DOAS,maximum_zone_people_latent_gain_interval_peak_kw,1,18.77747648014448,18.77747648014448,18.77747648014448,kW,maximum
BASELINE_SPREAD,shoulder,shoulder,hvac_group,C1-DOAS,maximum_zone_people_radiant_gain_interval_peak_kw,1,7.553649056459057,7.553649056459057,7.553649056459057,kW,maximum
BASELINE_SPREAD,shoulder,shoulder,hvac_group,C1-DOAS,maximum_zone_people_sensible_gain_interval_peak_kw,1,25.17883018819686,25.17883018819686,25.17883018819686,kW,maximum
BASELINE_SPREAD,shoulder,shoulder,hvac_group,C1-DOAS,maximum_zone_sensible_cooling_interval_peak_kw,1,43.867252182936554,43.867252182936554,43.867252182936554,kW,maximum
BASELINE_SPREAD,shoulder,shoulder,hvac_group,C1-DOAS,maximum_zone_sensible_heating_interval_peak_kw,1,13.202645000206557,13.202645000206557,13.202645000206557,kW,maximum
BASELINE_SPREAD,shoulder,shoulder,hvac_group,C1-DOAS,outdoor_air_maximum_m3_s,1,1.5204774588918926,1.5204774588918926,1.5204774588918926,m3/s,maximum
BASELINE_SPREAD,shoulder,shoulder,hvac_group,C1-DOAS,outdoor_air_mean_m3_s,1,8.48488598212856,8.48488598212856,8.48488598212856,m3/s,sum
BASELINE_SPREAD,shoulder,shoulder,hvac_group,C1-DOAS,outdoor_air_minimum_m3_s,1,0.22475638640039203,0.22475638640039203,0.22475638640039203,m3/s,minimum
BASELINE_SPREAD,shoulder,shoulder,hvac_group,C1-DOAS,people_latent_gain_kwh,1,489.4468504408414,489.4468504408414,489.4468504408414,kWh,sum
BASELINE_SPREAD,shoulder,shoulder,hvac_group,C1-DOAS,people_radiant_gain_kwh,1,179.01072923908336,179.01072923908336,179.01072923908336,kWh,sum
BASELINE_SPREAD,shoulder,shoulder,hvac_group,C1-DOAS,people_sensible_gain_kwh,1,596.7024307969446,596.7024307969446,596.7024307969446,kWh,sum
BASELINE_SPREAD,shoulder,shoulder,hvac_group,C1-DOAS,relative_humidity_maximum_percent,1,45.02653234878318,45.02653234878318,45.02653234878318,%,maximum
BASELINE_SPREAD,shoulder,shoulder,hvac_group,C1-DOAS,relative_humidity_mean_percent,1,34.69012405953265,34.69012405953265,34.69012405953265,%,area_weighted_mean
BASELINE_SPREAD,shoulder,shoulder,hvac_group,C1-DOAS,relative_humidity_minimum_percent,1,24.348817330524067,24.348817330524067,24.348817330524067,%,minimum
BASELINE_SPREAD,shoulder,shoulder,hvac_group,C1-DOAS,sensible_cooling_kwh,1,1619.75722785419,1619.75722785419,1619.75722785419,kWh,sum
BASELINE_SPREAD,shoulder,shoulder,hvac_group,C1-DOAS,sensible_heating_kwh,1,407.0446623523553,407.0446623523553,407.0446623523553,kWh,sum
BASELINE_SPREAD,shoulder,shoulder,hvac_group,C1-VAV,air_temperature_maximum_c,1,25.000255027555248,25.000255027555248,25.000255027555248,C,maximum
BASELINE_SPREAD,shoulder,shoulder,hvac_group,C1-VAV,air_temperature_mean_c,1,21.117408039488303,21.117408039488303,21.117408039488303,C,area_weighted_mean
BASELINE_SPREAD,shoulder,shoulder,hvac_group,C1-VAV,air_temperature_minimum_c,1,19.993501944097726,19.993501944097726,19.993501944097726,C,minimum
BASELINE_SPREAD,shoulder,shoulder,hvac_group,C1-VAV,maximum_zone_people_latent_gain_interval_peak_kw,1,23.699968534550862,23.699968534550862,23.699968534550862,kW,maximum
BASELINE_SPREAD,shoulder,shoulder,hvac_group,C1-VAV,maximum_zone_people_radiant_gain_interval_peak_kw,1,12.170491885230557,12.170491885230557,12.170491885230557,kW,maximum
BASELINE_SPREAD,shoulder,shoulder,hvac_group,C1-VAV,maximum_zone_people_sensible_gain_interval_peak_kw,1,40.568306284101865,40.568306284101865,40.568306284101865,kW,maximum
BASELINE_SPREAD,shoulder,shoulder,hvac_group,C1-VAV,maximum_zone_sensible_cooling_interval_peak_kw,1,155.86663028243092,155.86663028243092,155.86663028243092,kW,maximum
BASELINE_SPREAD,shoulder,shoulder,hvac_group,C1-VAV,maximum_zone_sensible_heating_interval_peak_kw,1,12.658130004269566,12.658130004269566,12.658130004269566,kW,maximum
BASELINE_SPREAD,shoulder,shoulder,hvac_group,C1-VAV,outdoor_air_maximum_m3_s,1,12.131847284730087,12.131847284730087,12.131847284730087,m3/s,maximum
BASELINE_SPREAD,shoulder,shoulder,hvac_group,C1-VAV,outdoor_air_mean_m3_s,1,66.78746373154179,66.78746373154179,66.78746373154179,m3/s,sum
BASELINE_SPREAD,shoulder,shoulder,hvac_group,C1-VAV,outdoor_air_minimum_m3_s,1,0.45968797426619185,0.45968797426619185,0.45968797426619185,m3/s,minimum
BASELINE_SPREAD,shoulder,shoulder,hvac_group,C1-VAV,people_latent_gain_kwh,1,894.9607871823252,894.9607871823252,894.9607871823252,kWh,sum
BASELINE_SPREAD,shoulder,shoulder,hvac_group,C1-VAV,people_radiant_gain_kwh,1,535.2210553607822,535.2210553607822,535.2210553607822,kWh,sum
BASELINE_SPREAD,shoulder,shoulder,hvac_group,C1-VAV,people_sensible_gain_kwh,1,1784.0701845359406,1784.0701845359406,1784.0701845359406,kWh,sum
BASELINE_SPREAD,shoulder,shoulder,hvac_group,C1-VAV,relative_humidity_maximum_percent,1,43.06651572808393,43.06651572808393,43.06651572808393,%,maximum
BASELINE_SPREAD,shoulder,shoulder,hvac_group,C1-VAV,relative_humidity_mean_percent,1,34.875809587861056,34.875809587861056,34.875809587861056,%,area_weighted_mean
BASELINE_SPREAD,shoulder,shoulder,hvac_group,C1-VAV,relative_humidity_minimum_percent,1,22.737733530872454,22.737733530872454,22.737733530872454,%,minimum
BASELINE_SPREAD,shoulder,shoulder,hvac_group,C1-VAV,sensible_cooling_kwh,1,12801.517530955694,12801.517530955694,12801.517530955694,kWh,sum
BASELINE_SPREAD,shoulder,shoulder,hvac_group,C1-VAV,sensible_heating_kwh,1,580.8721248328131,580.8721248328131,580.8721248328131,kWh,sum
BASELINE_SPREAD,shoulder,shoulder,hvac_group,C2-DOAS,air_temperature_maximum_c,1,26.000311962101755,26.000311962101755,26.000311962101755,C,maximum
BASELINE_SPREAD,shoulder,shoulder,hvac_group,C2-DOAS,air_temperature_mean_c,1,22.85801786987145,22.85801786987145,22.85801786987145,C,area_weighted_mean
BASELINE_SPREAD,shoulder,shoulder,hvac_group,C2-DOAS,air_temperature_minimum_c,1,19.99927136240615,19.99927136240615,19.99927136240615,C,minimum
BASELINE_SPREAD,shoulder,shoulder,hvac_group,C2-DOAS,maximum_zone_people_latent_gain_interval_peak_kw,1,23.972372336331727,23.972372336331727,23.972372336331727,kW,maximum
BASELINE_SPREAD,shoulder,shoulder,hvac_group,C2-DOAS,maximum_zone_people_radiant_gain_interval_peak_kw,1,9.642961549297468,9.642961549297468,9.642961549297468,kW,maximum
BASELINE_SPREAD,shoulder,shoulder,hvac_group,C2-DOAS,maximum_zone_people_sensible_gain_interval_peak_kw,1,32.1432051643249,32.1432051643249,32.1432051643249,kW,maximum
BASELINE_SPREAD,shoulder,shoulder,hvac_group,C2-DOAS,maximum_zone_sensible_cooling_interval_peak_kw,1,52.77341314142911,52.77341314142911,52.77341314142911,kW,maximum
BASELINE_SPREAD,shoulder,shoulder,hvac_group,C2-DOAS,maximum_zone_sensible_heating_interval_peak_kw,1,15.319234471693159,15.319234471693159,15.319234471693159,kW,maximum
BASELINE_SPREAD,shoulder,shoulder,hvac_group,C2-DOAS,outdoor_air_maximum_m3_s,1,1.7589377246984212,1.7589377246984212,1.7589377246984212,m3/s,maximum
BASELINE_SPREAD,shoulder,shoulder,hvac_group,C2-DOAS,outdoor_air_mean_m3_s,1,3.5177648188747197,3.5177648188747197,3.5177648188747197,m3/s,sum
BASELINE_SPREAD,shoulder,shoulder,hvac_group,C2-DOAS,outdoor_air_minimum_m3_s,1,1.758827094176299,1.758827094176299,1.758827094176299,m3/s,minimum
BASELINE_SPREAD,shoulder,shoulder,hvac_group,C2-DOAS,people_latent_gain_kwh,1,328.42961391521914,328.42961391521914,328.42961391521914,kWh,sum
BASELINE_SPREAD,shoulder,shoulder,hvac_group,C2-DOAS,people_radiant_gain_kwh,1,114.2207078010097,114.2207078010097,114.2207078010097,kWh,sum
BASELINE_SPREAD,shoulder,shoulder,hvac_group,C2-DOAS,people_sensible_gain_kwh,1,380.73569267003234,380.73569267003234,380.73569267003234,kWh,sum
BASELINE_SPREAD,shoulder,shoulder,hvac_group,C2-DOAS,relative_humidity_maximum_percent,1,46.79371404930804,46.79371404930804,46.79371404930804,%,maximum
BASELINE_SPREAD,shoulder,shoulder,hvac_group,C2-DOAS,relative_humidity_mean_percent,1,35.99762288530532,35.99762288530532,35.99762288530532,%,area_weighted_mean
BASELINE_SPREAD,shoulder,shoulder,hvac_group,C2-DOAS,relative_humidity_minimum_percent,1,25.754272547978402,25.754272547978402,25.754272547978402,%,minimum
BASELINE_SPREAD,shoulder,shoulder,hvac_group,C2-DOAS,sensible_cooling_kwh,1,830.4664337570184,830.4664337570184,830.4664337570184,kWh,sum
BASELINE_SPREAD,shoulder,shoulder,hvac_group,C2-DOAS,sensible_heating_kwh,1,167.98885675805246,167.98885675805246,167.98885675805246,kWh,sum
BASELINE_SPREAD,shoulder,shoulder,hvac_group,C2-VAV,air_temperature_maximum_c,1,25.000263512223754,25.000263512223754,25.000263512223754,C,maximum
BASELINE_SPREAD,shoulder,shoulder,hvac_group,C2-VAV,air_temperature_mean_c,1,21.16506906606906,21.16506906606906,21.16506906606906,C,area_weighted_mean
BASELINE_SPREAD,shoulder,shoulder,hvac_group,C2-VAV,air_temperature_minimum_c,1,19.992255799365008,19.992255799365008,19.992255799365008,C,minimum
BASELINE_SPREAD,shoulder,shoulder,hvac_group,C2-VAV,maximum_zone_people_latent_gain_interval_peak_kw,1,4.118082775206018,4.118082775206018,4.118082775206018,kW,maximum
BASELINE_SPREAD,shoulder,shoulder,hvac_group,C2-VAV,maximum_zone_people_radiant_gain_interval_peak_kw,1,2.2458521151943938,2.2458521151943938,2.2458521151943938,kW,maximum
BASELINE_SPREAD,shoulder,shoulder,hvac_group,C2-VAV,maximum_zone_people_sensible_gain_interval_peak_kw,1,7.486173717314647,7.486173717314647,7.486173717314647,kW,maximum
BASELINE_SPREAD,shoulder,shoulder,hvac_group,C2-VAV,maximum_zone_sensible_cooling_interval_peak_kw,1,360.73461716819367,360.73461716819367,360.73461716819367,kW,maximum
BASELINE_SPREAD,shoulder,shoulder,hvac_group,C2-VAV,maximum_zone_sensible_heating_interval_peak_kw,1,28.965058929052205,28.965058929052205,28.965058929052205,kW,maximum
BASELINE_SPREAD,shoulder,shoulder,hvac_group,C2-VAV,outdoor_air_maximum_m3_s,1,28.811245152861183,28.811245152861183,28.811245152861183,m3/s,maximum
BASELINE_SPREAD,shoulder,shoulder,hvac_group,C2-VAV,outdoor_air_mean_m3_s,1,152.17525447280926,152.17525447280926,152.17525447280926,m3/s,sum
BASELINE_SPREAD,shoulder,shoulder,hvac_group,C2-VAV,outdoor_air_minimum_m3_s,1,0.8567132422919168,0.8567132422919168,0.8567132422919168,m3/s,minimum
BASELINE_SPREAD,shoulder,shoulder,hvac_group,C2-VAV,people_latent_gain_kwh,1,474.73430942431764,474.73430942431764,474.73430942431764,kWh,sum
BASELINE_SPREAD,shoulder,shoulder,hvac_group,C2-VAV,people_radiant_gain_kwh,1,313.6319610300539,313.6319610300539,313.6319610300539,kWh,sum
BASELINE_SPREAD,shoulder,shoulder,hvac_group,C2-VAV,people_sensible_gain_kwh,1,1045.4398701001796,1045.4398701001796,1045.4398701001796,kWh,sum
BASELINE_SPREAD,shoulder,shoulder,hvac_group,C2-VAV,relative_humidity_maximum_percent,1,43.378883770443814,43.378883770443814,43.378883770443814,%,maximum
BASELINE_SPREAD,shoulder,shoulder,hvac_group,C2-VAV,relative_humidity_mean_percent,1,34.2595472452583,34.2595472452583,34.2595472452583,%,area_weighted_mean
BASELINE_SPREAD,shoulder,shoulder,hvac_group,C2-VAV,relative_humidity_minimum_percent,1,22.720399478754523,22.720399478754523,22.720399478754523,%,minimum
BASELINE_SPREAD,shoulder,shoulder,hvac_group,C2-VAV,sensible_cooling_kwh,1,29916.272897997653,29916.272897997653,29916.272897997653,kWh,sum
BASELINE_SPREAD,shoulder,shoulder,hvac_group,C2-VAV,sensible_heating_kwh,1,1166.7056779879226,1166.7056779879226,1166.7056779879226,kWh,sum
BASELINE_SPREAD,shoulder,shoulder,hvac_group,NE-DOAS,air_temperature_maximum_c,1,26.00023659546929,26.00023659546929,26.00023659546929,C,maximum
BASELINE_SPREAD,shoulder,shoulder,hvac_group,NE-DOAS,air_temperature_mean_c,1,22.419634211779478,22.419634211779478,22.419634211779478,C,area_weighted_mean
BASELINE_SPREAD,shoulder,shoulder,hvac_group,NE-DOAS,air_temperature_minimum_c,1,19.99898968489129,19.99898968489129,19.99898968489129,C,minimum
BASELINE_SPREAD,shoulder,shoulder,hvac_group,NE-DOAS,maximum_zone_people_latent_gain_interval_peak_kw,1,3.196126432339464,3.196126432339464,3.196126432339464,kW,maximum
BASELINE_SPREAD,shoulder,shoulder,hvac_group,NE-DOAS,maximum_zone_people_radiant_gain_interval_peak_kw,1,1.3040067459384381,1.3040067459384381,1.3040067459384381,kW,maximum
BASELINE_SPREAD,shoulder,shoulder,hvac_group,NE-DOAS,maximum_zone_people_sensible_gain_interval_peak_kw,1,4.3466891531281275,4.3466891531281275,4.3466891531281275,kW,maximum
BASELINE_SPREAD,shoulder,shoulder,hvac_group,NE-DOAS,maximum_zone_sensible_cooling_interval_peak_kw,1,8.860039918750765,8.860039918750765,8.860039918750765,kW,maximum
BASELINE_SPREAD,shoulder,shoulder,hvac_group,NE-DOAS,maximum_zone_sensible_heating_interval_peak_kw,1,3.8202746538382852,3.8202746538382852,3.8202746538382852,kW,maximum
BASELINE_SPREAD,shoulder,shoulder,hvac_group,NE-DOAS,outdoor_air_maximum_m3_s,1,0.4274187124768438,0.4274187124768438,0.4274187124768438,m3/s,maximum
BASELINE_SPREAD,shoulder,shoulder,hvac_group,NE-DOAS,outdoor_air_mean_m3_s,1,2.2130766440082006,2.2130766440082006,2.2130766440082006,m3/s,sum
BASELINE_SPREAD,shoulder,shoulder,hvac_group,NE-DOAS,outdoor_air_minimum_m3_s,1,0.05673470406303612,0.05673470406303612,0.05673470406303612,m3/s,minimum
BASELINE_SPREAD,shoulder,shoulder,hvac_group,NE-DOAS,people_latent_gain_kwh,1,129.20216503032327,129.20216503032327,129.20216503032327,kWh,sum
BASELINE_SPREAD,shoulder,shoulder,hvac_group,NE-DOAS,people_radiant_gain_kwh,1,49.83869624920618,49.83869624920618,49.83869624920618,kWh,sum
BASELINE_SPREAD,shoulder,shoulder,hvac_group,NE-DOAS,people_sensible_gain_kwh,1,166.12898749735393,166.12898749735393,166.12898749735393,kWh,sum
BASELINE_SPREAD,shoulder,shoulder,hvac_group,NE-DOAS,relative_humidity_maximum_percent,1,47.14355855599143,47.14355855599143,47.14355855599143,%,maximum
BASELINE_SPREAD,shoulder,shoulder,hvac_group,NE-DOAS,relative_humidity_mean_percent,1,34.96086941250852,34.96086941250852,34.96086941250852,%,area_weighted_mean
BASELINE_SPREAD,shoulder,shoulder,hvac_group,NE-DOAS,relative_humidity_minimum_percent,1,24.386836851711035,24.386836851711035,24.386836851711035,%,minimum
BASELINE_SPREAD,shoulder,shoulder,hvac_group,NE-DOAS,sensible_cooling_kwh,1,366.26465268008275,366.26465268008275,366.26465268008275,kWh,sum
BASELINE_SPREAD,shoulder,shoulder,hvac_group,NE-DOAS,sensible_heating_kwh,1,110.99309075961004,110.99309075961004,110.99309075961004,kWh,sum
BASELINE_SPREAD,shoulder,shoulder,hvac_group,NE-VAV,air_temperature_maximum_c,1,25.00025218127965,25.00025218127965,25.00025218127965,C,maximum
BASELINE_SPREAD,shoulder,shoulder,hvac_group,NE-VAV,air_temperature_mean_c,1,21.025352467797983,21.025352467797983,21.025352467797983,C,area_weighted_mean
BASELINE_SPREAD,shoulder,shoulder,hvac_group,NE-VAV,air_temperature_minimum_c,1,19.991708778495376,19.991708778495376,19.991708778495376,C,minimum
BASELINE_SPREAD,shoulder,shoulder,hvac_group,NE-VAV,maximum_zone_people_latent_gain_interval_peak_kw,1,15.823180761193573,15.823180761193573,15.823180761193573,kW,maximum
BASELINE_SPREAD,shoulder,shoulder,hvac_group,NE-VAV,maximum_zone_people_radiant_gain_interval_peak_kw,1,11.059996199953257,11.059996199953257,11.059996199953257,kW,maximum
BASELINE_SPREAD,shoulder,shoulder,hvac_group,NE-VAV,maximum_zone_people_sensible_gain_interval_peak_kw,1,36.866653999844196,36.866653999844196,36.866653999844196,kW,maximum
BASELINE_SPREAD,shoulder,shoulder,hvac_group,NE-VAV,maximum_zone_sensible_cooling_interval_peak_kw,1,51.43449143574822,51.43449143574822,51.43449143574822,kW,maximum
BASELINE_SPREAD,shoulder,shoulder,hvac_group,NE-VAV,maximum_zone_sensible_heating_interval_peak_kw,1,17.505376129512225,17.505376129512225,17.505376129512225,kW,maximum
BASELINE_SPREAD,shoulder,shoulder,hvac_group,NE-VAV,outdoor_air_maximum_m3_s,1,3.9989160710439298,3.9989160710439298,3.9989160710439298,m3/s,maximum
BASELINE_SPREAD,shoulder,shoulder,hvac_group,NE-VAV,outdoor_air_mean_m3_s,1,36.5712233038819,36.5712233038819,36.5712233038819,m3/s,sum
BASELINE_SPREAD,shoulder,shoulder,hvac_group,NE-VAV,outdoor_air_minimum_m3_s,1,0.0556120269188355,0.0556120269188355,0.0556120269188355,m3/s,minimum
BASELINE_SPREAD,shoulder,shoulder,hvac_group,NE-VAV,people_latent_gain_kwh,1,937.0020725608789,937.0020725608789,937.0020725608789,kWh,sum
BASELINE_SPREAD,shoulder,shoulder,hvac_group,NE-VAV,people_radiant_gain_kwh,1,558.9689551687272,558.9689551687272,558.9689551687272,kWh,sum
BASELINE_SPREAD,shoulder,shoulder,hvac_group,NE-VAV,people_sensible_gain_kwh,1,1863.2298505624242,1863.2298505624242,1863.2298505624242,kWh,sum
BASELINE_SPREAD,shoulder,shoulder,hvac_group,NE-VAV,relative_humidity_maximum_percent,1,44.998542300513705,44.998542300513705,44.998542300513705,%,maximum
BASELINE_SPREAD,shoulder,shoulder,hvac_group,NE-VAV,relative_humidity_mean_percent,1,35.887911352930786,35.887911352930786,35.887911352930786,%,area_weighted_mean
BASELINE_SPREAD,shoulder,shoulder,hvac_group,NE-VAV,relative_humidity_minimum_percent,1,22.747684118848298,22.747684118848298,22.747684118848298,%,minimum
BASELINE_SPREAD,shoulder,shoulder,hvac_group,NE-VAV,sensible_cooling_kwh,1,6844.309152080873,6844.309152080873,6844.309152080873,kWh,sum
BASELINE_SPREAD,shoulder,shoulder,hvac_group,NE-VAV,sensible_heating_kwh,1,395.84807187155087,395.84807187155087,395.84807187155087,kWh,sum
BASELINE_SPREAD,shoulder,shoulder,hvac_group,NW-DOAS,air_temperature_maximum_c,1,26.00020769924308,26.00020769924308,26.00020769924308,C,maximum
BASELINE_SPREAD,shoulder,shoulder,hvac_group,NW-DOAS,air_temperature_mean_c,1,22.48886521118201,22.48886521118201,22.48886521118201,C,area_weighted_mean
BASELINE_SPREAD,shoulder,shoulder,hvac_group,NW-DOAS,air_temperature_minimum_c,1,19.99893860148122,19.99893860148122,19.99893860148122,C,minimum
BASELINE_SPREAD,shoulder,shoulder,hvac_group,NW-DOAS,maximum_zone_people_latent_gain_interval_peak_kw,1,3.1958698859076833,3.1958698859076833,3.1958698859076833,kW,maximum
BASELINE_SPREAD,shoulder,shoulder,hvac_group,NW-DOAS,maximum_zone_people_radiant_gain_interval_peak_kw,1,1.28573082450112,1.28573082450112,1.28573082450112,kW,maximum
BASELINE_SPREAD,shoulder,shoulder,hvac_group,NW-DOAS,maximum_zone_people_sensible_gain_interval_peak_kw,1,4.285769415003734,4.285769415003734,4.285769415003734,kW,maximum
BASELINE_SPREAD,shoulder,shoulder,hvac_group,NW-DOAS,maximum_zone_sensible_cooling_interval_peak_kw,1,4.819017226458174,4.819017226458174,4.819017226458174,kW,maximum
BASELINE_SPREAD,shoulder,shoulder,hvac_group,NW-DOAS,maximum_zone_sensible_heating_interval_peak_kw,1,2.1140476966028947,2.1140476966028947,2.1140476966028947,kW,maximum
BASELINE_SPREAD,shoulder,shoulder,hvac_group,NW-DOAS,outdoor_air_maximum_m3_s,1,0.21464856257192913,0.21464856257192913,0.21464856257192913,m3/s,maximum
BASELINE_SPREAD,shoulder,shoulder,hvac_group,NW-DOAS,outdoor_air_mean_m3_s,1,2.94585316911316,2.94585316911316,2.94585316911316,m3/s,sum
BASELINE_SPREAD,shoulder,shoulder,hvac_group,NW-DOAS,outdoor_air_minimum_m3_s,1,0.03330896790153884,0.03330896790153884,0.03330896790153884,m3/s,minimum
BASELINE_SPREAD,shoulder,shoulder,hvac_group,NW-DOAS,people_latent_gain_kwh,1,200.67236813072324,200.67236813072324,200.67236813072324,kWh,sum
BASELINE_SPREAD,shoulder,shoulder,hvac_group,NW-DOAS,people_radiant_gain_kwh,1,75.00357273154506,75.00357273154506,75.00357273154506,kWh,sum
BASELINE_SPREAD,shoulder,shoulder,hvac_group,NW-DOAS,people_sensible_gain_kwh,1,250.01190910515024,250.01190910515024,250.01190910515024,kWh,sum
BASELINE_SPREAD,shoulder,shoulder,hvac_group,NW-DOAS,relative_humidity_maximum_percent,1,56.36690594433564,56.36690594433564,56.36690594433564,%,maximum
BASELINE_SPREAD,shoulder,shoulder,hvac_group,NW-DOAS,relative_humidity_mean_percent,1,35.21264813403409,35.21264813403409,35.21264813403409,%,area_weighted_mean
BASELINE_SPREAD,shoulder,shoulder,hvac_group,NW-DOAS,relative_humidity_minimum_percent,1,23.574611954998538,23.574611954998538,23.574611954998538,%,minimum
BASELINE_SPREAD,shoulder,shoulder,hvac_group,NW-DOAS,sensible_cooling_kwh,1,501.21423674007247,501.21423674007247,501.21423674007247,kWh,sum
BASELINE_SPREAD,shoulder,shoulder,hvac_group,NW-DOAS,sensible_heating_kwh,1,144.21537159339047,144.21537159339047,144.21537159339047,kWh,sum
BASELINE_SPREAD,shoulder,shoulder,hvac_group,NW-VAV,air_temperature_maximum_c,1,25.00025026705086,25.00025026705086,25.00025026705086,C,maximum
BASELINE_SPREAD,shoulder,shoulder,hvac_group,NW-VAV,air_temperature_mean_c,1,20.9760245090707,20.9760245090707,20.9760245090707,C,area_weighted_mean
BASELINE_SPREAD,shoulder,shoulder,hvac_group,NW-VAV,air_temperature_minimum_c,1,19.992095728897063,19.992095728897063,19.992095728897063,C,minimum
BASELINE_SPREAD,shoulder,shoulder,hvac_group,NW-VAV,maximum_zone_people_latent_gain_interval_peak_kw,1,15.635714926194025,15.635714926194025,15.635714926194025,kW,maximum
BASELINE_SPREAD,shoulder,shoulder,hvac_group,NW-VAV,maximum_zone_people_radiant_gain_interval_peak_kw,1,7.0965183109369825,7.0965183109369825,7.0965183109369825,kW,maximum
BASELINE_SPREAD,shoulder,shoulder,hvac_group,NW-VAV,maximum_zone_people_sensible_gain_interval_peak_kw,1,23.655061036456605,23.655061036456605,23.655061036456605,kW,maximum
BASELINE_SPREAD,shoulder,shoulder,hvac_group,NW-VAV,maximum_zone_sensible_cooling_interval_peak_kw,1,39.422270677713584,39.422270677713584,39.422270677713584,kW,maximum
BASELINE_SPREAD,shoulder,shoulder,hvac_group,NW-VAV,maximum_zone_sensible_heating_interval_peak_kw,1,10.601516816221308,10.601516816221308,10.601516816221308,kW,maximum
BASELINE_SPREAD,shoulder,shoulder,hvac_group,NW-VAV,outdoor_air_maximum_m3_s,1,2.9769252033230327,2.9769252033230327,2.9769252033230327,m3/s,maximum
BASELINE_SPREAD,shoulder,shoulder,hvac_group,NW-VAV,outdoor_air_mean_m3_s,1,34.69873569714138,34.69873569714138,34.69873569714138,m3/s,sum
BASELINE_SPREAD,shoulder,shoulder,hvac_group,NW-VAV,outdoor_air_minimum_m3_s,1,0.03468741149288119,0.03468741149288119,0.03468741149288119,m3/s,minimum
BASELINE_SPREAD,shoulder,shoulder,hvac_group,NW-VAV,people_latent_gain_kwh,1,797.3670229619037,797.3670229619037,797.3670229619037,kWh,sum
BASELINE_SPREAD,shoulder,shoulder,hvac_group,NW-VAV,people_radiant_gain_kwh,1,477.1618117397487,477.1618117397487,477.1618117397487,kWh,sum
BASELINE_SPREAD,shoulder,shoulder,hvac_group,NW-VAV,people_sensible_gain_kwh,1,1590.539372465829,1590.539372465829,1590.539372465829,kWh,sum
BASELINE_SPREAD,shoulder,shoulder,hvac_group,NW-VAV,relative_humidity_maximum_percent,1,44.340439515975454,44.340439515975454,44.340439515975454,%,maximum
BASELINE_SPREAD,shoulder,shoulder,hvac_group,NW-VAV,relative_humidity_mean_percent,1,35.82109468560435,35.82109468560435,35.82109468560435,%,area_weighted_mean
BASELINE_SPREAD,shoulder,shoulder,hvac_group,NW-VAV,relative_humidity_minimum_percent,1,22.74278892249978,22.74278892249978,22.74278892249978,%,minimum
BASELINE_SPREAD,shoulder,shoulder,hvac_group,NW-VAV,sensible_cooling_kwh,1,6374.477694591045,6374.477694591045,6374.477694591045,kWh,sum
BASELINE_SPREAD,shoulder,shoulder,hvac_group,NW-VAV,sensible_heating_kwh,1,359.3862408444148,359.3862408444148,359.3862408444148,kWh,sum
BASELINE_SPREAD,shoulder,shoulder,hvac_group,S-DOAS,air_temperature_maximum_c,1,26.000174131132294,26.000174131132294,26.000174131132294,C,maximum
BASELINE_SPREAD,shoulder,shoulder,hvac_group,S-DOAS,air_temperature_mean_c,1,22.66600516427812,22.66600516427812,22.66600516427812,C,area_weighted_mean
BASELINE_SPREAD,shoulder,shoulder,hvac_group,S-DOAS,air_temperature_minimum_c,1,19.999012660936756,19.999012660936756,19.999012660936756,C,minimum
BASELINE_SPREAD,shoulder,shoulder,hvac_group,S-DOAS,maximum_zone_people_latent_gain_interval_peak_kw,1,4.394701756318658,4.394701756318658,4.394701756318658,kW,maximum
BASELINE_SPREAD,shoulder,shoulder,hvac_group,S-DOAS,maximum_zone_people_radiant_gain_interval_peak_kw,1,1.7696887738021436,1.7696887738021436,1.7696887738021436,kW,maximum
BASELINE_SPREAD,shoulder,shoulder,hvac_group,S-DOAS,maximum_zone_people_sensible_gain_interval_peak_kw,1,5.89896257934048,5.89896257934048,5.89896257934048,kW,maximum
BASELINE_SPREAD,shoulder,shoulder,hvac_group,S-DOAS,maximum_zone_sensible_cooling_interval_peak_kw,1,8.85200598731939,8.85200598731939,8.85200598731939,kW,maximum
BASELINE_SPREAD,shoulder,shoulder,hvac_group,S-DOAS,maximum_zone_sensible_heating_interval_peak_kw,1,3.6931134879098484,3.6931134879098484,3.6931134879098484,kW,maximum
BASELINE_SPREAD,shoulder,shoulder,hvac_group,S-DOAS,outdoor_air_maximum_m3_s,1,0.3750000000000401,0.3750000000000401,0.3750000000000401,m3/s,maximum
BASELINE_SPREAD,shoulder,shoulder,hvac_group,S-DOAS,outdoor_air_mean_m3_s,1,1.5918164885327037,1.5918164885327037,1.5918164885327037,m3/s,sum
BASELINE_SPREAD,shoulder,shoulder,hvac_group,S-DOAS,outdoor_air_minimum_m3_s,1,0.13916666666666744,0.13916666666666744,0.13916666666666744,m3/s,minimum
BASELINE_SPREAD,shoulder,shoulder,hvac_group,S-DOAS,people_latent_gain_kwh,1,118.41466136118729,118.41466136118729,118.41466136118729,kWh,sum
BASELINE_SPREAD,shoulder,shoulder,hvac_group,S-DOAS,people_radiant_gain_kwh,1,44.24675488572024,44.24675488572024,44.24675488572024,kWh,sum
BASELINE_SPREAD,shoulder,shoulder,hvac_group,S-DOAS,people_sensible_gain_kwh,1,147.48918295240082,147.48918295240082,147.48918295240082,kWh,sum
BASELINE_SPREAD,shoulder,shoulder,hvac_group,S-DOAS,relative_humidity_maximum_percent,1,47.288071430487335,47.288071430487335,47.288071430487335,%,maximum
BASELINE_SPREAD,shoulder,shoulder,hvac_group,S-DOAS,relative_humidity_mean_percent,1,35.37670302630486,35.37670302630486,35.37670302630486,%,area_weighted_mean
BASELINE_SPREAD,shoulder,shoulder,hvac_group,S-DOAS,relative_humidity_minimum_percent,1,23.621312129119744,23.621312129119744,23.621312129119744,%,minimum
BASELINE_SPREAD,shoulder,shoulder,hvac_group,S-DOAS,sensible_cooling_kwh,1,299.2628442691812,299.2628442691812,299.2628442691812,kWh,sum
BASELINE_SPREAD,shoulder,shoulder,hvac_group,S-DOAS,sensible_heating_kwh,1,81.51230446794057,81.51230446794057,81.51230446794057,kWh,sum
BASELINE_SPREAD,shoulder,shoulder,hvac_group,S-VAV,air_temperature_maximum_c,1,22.424133484361796,22.424133484361796,22.424133484361796,C,maximum
BASELINE_SPREAD,shoulder,shoulder,hvac_group,S-VAV,air_temperature_mean_c,1,20.5460681620399,20.5460681620399,20.5460681620399,C,area_weighted_mean
BASELINE_SPREAD,shoulder,shoulder,hvac_group,S-VAV,air_temperature_minimum_c,1,19.994497004195665,19.994497004195665,19.994497004195665,C,minimum
BASELINE_SPREAD,shoulder,shoulder,hvac_group,S-VAV,maximum_zone_people_latent_gain_interval_peak_kw,1,1.7353777149086391,1.7353777149086391,1.7353777149086391,kW,maximum
BASELINE_SPREAD,shoulder,shoulder,hvac_group,S-VAV,maximum_zone_people_radiant_gain_interval_peak_kw,1,1.3499886950611777,1.3499886950611777,1.3499886950611777,kW,maximum
BASELINE_SPREAD,shoulder,shoulder,hvac_group,S-VAV,maximum_zone_people_sensible_gain_interval_peak_kw,1,4.499962316870592,4.499962316870592,4.499962316870592,kW,maximum
BASELINE_SPREAD,shoulder,shoulder,hvac_group,S-VAV,maximum_zone_sensible_cooling_interval_peak_kw,1,62.90802853578452,62.90802853578452,62.90802853578452,kW,maximum
BASELINE_SPREAD,shoulder,shoulder,hvac_group,S-VAV,maximum_zone_sensible_heating_interval_peak_kw,1,21.149217502430314,21.149217502430314,21.149217502430314,kW,maximum
BASELINE_SPREAD,shoulder,shoulder,hvac_group,S-VAV,outdoor_air_maximum_m3_s,1,5.490129351435346,5.490129351435346,5.490129351435346,m3/s,maximum
BASELINE_SPREAD,shoulder,shoulder,hvac_group,S-VAV,outdoor_air_mean_m3_s,1,27.92105726445702,27.92105726445702,27.92105726445702,m3/s,sum
BASELINE_SPREAD,shoulder,shoulder,hvac_group,S-VAV,outdoor_air_minimum_m3_s,1,0.1051446339834056,0.1051446339834056,0.1051446339834056,m3/s,minimum
BASELINE_SPREAD,shoulder,shoulder,hvac_group,S-VAV,people_latent_gain_kwh,1,35.17514010133903,35.17514010133903,35.17514010133903,kWh,sum
BASELINE_SPREAD,shoulder,shoulder,hvac_group,S-VAV,people_radiant_gain_kwh,1,24.697869856493053,24.697869856493053,24.697869856493053,kWh,sum
BASELINE_SPREAD,shoulder,shoulder,hvac_group,S-VAV,people_sensible_gain_kwh,1,82.32623285497684,82.32623285497684,82.32623285497684,kWh,sum
BASELINE_SPREAD,shoulder,shoulder,hvac_group,S-VAV,relative_humidity_maximum_percent,1,42.555360759398205,42.555360759398205,42.555360759398205,%,maximum
BASELINE_SPREAD,shoulder,shoulder,hvac_group,S-VAV,relative_humidity_mean_percent,1,35.16695322474414,35.16695322474414,35.16695322474414,%,area_weighted_mean
BASELINE_SPREAD,shoulder,shoulder,hvac_group,S-VAV,relative_humidity_minimum_percent,1,27.251180119839802,27.251180119839802,27.251180119839802,%,minimum
BASELINE_SPREAD,shoulder,shoulder,hvac_group,S-VAV,sensible_cooling_kwh,1,4208.51536563614,4208.51536563614,4208.51536563614,kWh,sum
BASELINE_SPREAD,shoulder,shoulder,hvac_group,S-VAV,sensible_heating_kwh,1,551.147472205227,551.147472205227,551.147472205227,kWh,sum
BASELINE_SPREAD,shoulder,shoulder,hvac_group,SE-DOAS,air_temperature_maximum_c,1,26.004199204924245,26.004199204924245,26.004199204924245,C,maximum
BASELINE_SPREAD,shoulder,shoulder,hvac_group,SE-DOAS,air_temperature_mean_c,1,23.43939020711565,23.43939020711565,23.43939020711565,C,area_weighted_mean
BASELINE_SPREAD,shoulder,shoulder,hvac_group,SE-DOAS,air_temperature_minimum_c,1,19.999156579996395,19.999156579996395,19.999156579996395,C,minimum
BASELINE_SPREAD,shoulder,shoulder,hvac_group,SE-DOAS,maximum_zone_people_latent_gain_interval_peak_kw,1,1.998364834011236,1.998364834011236,1.998364834011236,kW,maximum
BASELINE_SPREAD,shoulder,shoulder,hvac_group,SE-DOAS,maximum_zone_people_radiant_gain_interval_peak_kw,1,0.7354026821650869,0.7354026821650869,0.7354026821650869,kW,maximum
BASELINE_SPREAD,shoulder,shoulder,hvac_group,SE-DOAS,maximum_zone_people_sensible_gain_interval_peak_kw,1,2.451342273883623,2.451342273883623,2.451342273883623,kW,maximum
BASELINE_SPREAD,shoulder,shoulder,hvac_group,SE-DOAS,maximum_zone_sensible_cooling_interval_peak_kw,1,31.887948932769405,31.887948932769405,31.887948932769405,kW,maximum
BASELINE_SPREAD,shoulder,shoulder,hvac_group,SE-DOAS,maximum_zone_sensible_heating_interval_peak_kw,1,1.309733185500325,1.309733185500325,1.309733185500325,kW,maximum
BASELINE_SPREAD,shoulder,shoulder,hvac_group,SE-DOAS,outdoor_air_maximum_m3_s,1,0.15245661519368883,0.15245661519368883,0.15245661519368883,m3/s,maximum
BASELINE_SPREAD,shoulder,shoulder,hvac_group,SE-DOAS,outdoor_air_mean_m3_s,1,0.55360595471009,0.55360595471009,0.55360595471009,m3/s,sum
BASELINE_SPREAD,shoulder,shoulder,hvac_group,SE-DOAS,outdoor_air_minimum_m3_s,1,0.03689236111111095,0.03689236111111095,0.03689236111111095,m3/s,minimum
BASELINE_SPREAD,shoulder,shoulder,hvac_group,SE-DOAS,people_latent_gain_kwh,1,34.461102670813126,34.461102670813126,34.461102670813126,kWh,sum
BASELINE_SPREAD,shoulder,shoulder,hvac_group,SE-DOAS,people_radiant_gain_kwh,1,10.737759057475122,10.737759057475122,10.737759057475122,kWh,sum
BASELINE_SPREAD,shoulder,shoulder,hvac_group,SE-DOAS,people_sensible_gain_kwh,1,35.79253019158374,35.79253019158374,35.79253019158374,kWh,sum
BASELINE_SPREAD,shoulder,shoulder,hvac_group,SE-DOAS,relative_humidity_maximum_percent,1,49.58997435116555,49.58997435116555,49.58997435116555,%,maximum
BASELINE_SPREAD,shoulder,shoulder,hvac_group,SE-DOAS,relative_humidity_mean_percent,1,32.40760907603425,32.40760907603425,32.40760907603425,%,area_weighted_mean
BASELINE_SPREAD,shoulder,shoulder,hvac_group,SE-DOAS,relative_humidity_minimum_percent,1,24.9774507607829,24.9774507607829,24.9774507607829,%,minimum
BASELINE_SPREAD,shoulder,shoulder,hvac_group,SE-DOAS,sensible_cooling_kwh,1,814.561065592506,814.561065592506,814.561065592506,kWh,sum
BASELINE_SPREAD,shoulder,shoulder,hvac_group,SE-DOAS,sensible_heating_kwh,1,18.293267255501917,18.293267255501917,18.293267255501917,kWh,sum
BASELINE_SPREAD,shoulder,shoulder,hvac_group,SE-VAV,air_temperature_maximum_c,1,25.000818608463728,25.000818608463728,25.000818608463728,C,maximum
BASELINE_SPREAD,shoulder,shoulder,hvac_group,SE-VAV,air_temperature_mean_c,1,21.287750110137782,21.287750110137782,21.287750110137782,C,area_weighted_mean
BASELINE_SPREAD,shoulder,shoulder,hvac_group,SE-VAV,air_temperature_minimum_c,1,19.968977350197253,19.968977350197253,19.968977350197253,C,minimum
BASELINE_SPREAD,shoulder,shoulder,hvac_group,SE-VAV,maximum_zone_people_latent_gain_interval_peak_kw,1,20.268612656208443,20.268612656208443,20.268612656208443,kW,maximum
BASELINE_SPREAD,shoulder,shoulder,hvac_group,SE-VAV,maximum_zone_people_radiant_gain_interval_peak_kw,1,9.064695163211791,9.064695163211791,9.064695163211791,kW,maximum
BASELINE_SPREAD,shoulder,shoulder,hvac_group,SE-VAV,maximum_zone_people_sensible_gain_interval_peak_kw,1,30.2156505440393,30.2156505440393,30.2156505440393,kW,maximum
BASELINE_SPREAD,shoulder,shoulder,hvac_group,SE-VAV,maximum_zone_sensible_cooling_interval_peak_kw,1,59.53100661610544,59.53100661610544,59.53100661610544,kW,maximum
BASELINE_SPREAD,shoulder,shoulder,hvac_group,SE-VAV,maximum_zone_sensible_heating_interval_peak_kw,1,5.022849644171132,5.022849644171132,5.022849644171132,kW,maximum
BASELINE_SPREAD,shoulder,shoulder,hvac_group,SE-VAV,outdoor_air_maximum_m3_s,1,4.459392546741517,4.459392546741517,4.459392546741517,m3/s,maximum
BASELINE_SPREAD,shoulder,shoulder,hvac_group,SE-VAV,outdoor_air_mean_m3_s,1,66.69498528380133,66.69498528380133,66.69498528380133,m3/s,sum
BASELINE_SPREAD,shoulder,shoulder,hvac_group,SE-VAV,outdoor_air_minimum_m3_s,1,0.13713625211573316,0.13713625211573316,0.13713625211573316,m3/s,minimum
BASELINE_SPREAD,shoulder,shoulder,hvac_group,SE-VAV,people_latent_gain_kwh,1,1524.311910024895,1524.311910024895,1524.311910024895,kWh,sum
BASELINE_SPREAD,shoulder,shoulder,hvac_group,SE-VAV,people_radiant_gain_kwh,1,875.9455482818295,875.9455482818295,875.9455482818295,kWh,sum
BASELINE_SPREAD,shoulder,shoulder,hvac_group,SE-VAV,people_sensible_gain_kwh,1,2919.8184942727653,2919.8184942727653,2919.8184942727653,kWh,sum
BASELINE_SPREAD,shoulder,shoulder,hvac_group,SE-VAV,relative_humidity_maximum_percent,1,43.793106779660015,43.793106779660015,43.793106779660015,%,maximum
BASELINE_SPREAD,shoulder,shoulder,hvac_group,SE-VAV,relative_humidity_mean_percent,1,35.790692187659495,35.790692187659495,35.790692187659495,%,area_weighted_mean
BASELINE_SPREAD,shoulder,shoulder,hvac_group,SE-VAV,relative_humidity_minimum_percent,1,22.377855047225015,22.377855047225015,22.377855047225015,%,minimum
BASELINE_SPREAD,shoulder,shoulder,hvac_group,SE-VAV,sensible_cooling_kwh,1,13365.526818655753,13365.526818655753,13365.526818655753,kWh,sum
BASELINE_SPREAD,shoulder,shoulder,hvac_group,SE-VAV,sensible_heating_kwh,1,256.9978733815794,256.9978733815794,256.9978733815794,kWh,sum
BASELINE_SPREAD,shoulder,shoulder,hvac_group,SW-DOAS,air_temperature_maximum_c,1,26.00027702587336,26.00027702587336,26.00027702587336,C,maximum
BASELINE_SPREAD,shoulder,shoulder,hvac_group,SW-DOAS,air_temperature_mean_c,1,22.563197944316936,22.563197944316936,22.563197944316936,C,area_weighted_mean
BASELINE_SPREAD,shoulder,shoulder,hvac_group,SW-DOAS,air_temperature_minimum_c,1,19.998939195229166,19.998939195229166,19.998939195229166,C,minimum
BASELINE_SPREAD,shoulder,shoulder,hvac_group,SW-DOAS,maximum_zone_people_latent_gain_interval_peak_kw,1,4.394768304863464,4.394768304863464,4.394768304863464,kW,maximum
BASELINE_SPREAD,shoulder,shoulder,hvac_group,SW-DOAS,maximum_zone_people_radiant_gain_interval_peak_kw,1,1.7842400384439083,1.7842400384439083,1.7842400384439083,kW,maximum
BASELINE_SPREAD,shoulder,shoulder,hvac_group,SW-DOAS,maximum_zone_people_sensible_gain_interval_peak_kw,1,5.947466794813028,5.947466794813028,5.947466794813028,kW,maximum
BASELINE_SPREAD,shoulder,shoulder,hvac_group,SW-DOAS,maximum_zone_sensible_cooling_interval_peak_kw,1,10.292921309819123,10.292921309819123,10.292921309819123,kW,maximum
BASELINE_SPREAD,shoulder,shoulder,hvac_group,SW-DOAS,maximum_zone_sensible_heating_interval_peak_kw,1,3.6125453681137114,3.6125453681137114,3.6125453681137114,kW,maximum
BASELINE_SPREAD,shoulder,shoulder,hvac_group,SW-DOAS,outdoor_air_maximum_m3_s,1,0.38134846462513045,0.38134846462513045,0.38134846462513045,m3/s,maximum
BASELINE_SPREAD,shoulder,shoulder,hvac_group,SW-DOAS,outdoor_air_mean_m3_s,1,2.0382891009731368,2.0382891009731368,2.0382891009731368,m3/s,sum
BASELINE_SPREAD,shoulder,shoulder,hvac_group,SW-DOAS,outdoor_air_minimum_m3_s,1,0.04365308726947315,0.04365308726947315,0.04365308726947315,m3/s,minimum
BASELINE_SPREAD,shoulder,shoulder,hvac_group,SW-DOAS,people_latent_gain_kwh,1,133.38049980070295,133.38049980070295,133.38049980070295,kWh,sum
BASELINE_SPREAD,shoulder,shoulder,hvac_group,SW-DOAS,people_radiant_gain_kwh,1,51.130139597230624,51.130139597230624,51.130139597230624,kWh,sum
BASELINE_SPREAD,shoulder,shoulder,hvac_group,SW-DOAS,people_sensible_gain_kwh,1,170.43379865743543,170.43379865743543,170.43379865743543,kWh,sum
BASELINE_SPREAD,shoulder,shoulder,hvac_group,SW-DOAS,relative_humidity_maximum_percent,1,49.29805133544333,49.29805133544333,49.29805133544333,%,maximum
BASELINE_SPREAD,shoulder,shoulder,hvac_group,SW-DOAS,relative_humidity_mean_percent,1,34.91190254289339,34.91190254289339,34.91190254289339,%,area_weighted_mean
BASELINE_SPREAD,shoulder,shoulder,hvac_group,SW-DOAS,relative_humidity_minimum_percent,1,22.430901152837933,22.430901152837933,22.430901152837933,%,minimum
BASELINE_SPREAD,shoulder,shoulder,hvac_group,SW-DOAS,sensible_cooling_kwh,1,363.3299749394153,363.3299749394153,363.3299749394153,kWh,sum
BASELINE_SPREAD,shoulder,shoulder,hvac_group,SW-DOAS,sensible_heating_kwh,1,107.01411935801876,107.01411935801876,107.01411935801876,kWh,sum
BASELINE_SPREAD,shoulder,shoulder,hvac_group,SW-VAV,air_temperature_maximum_c,1,25.000244555609186,25.000244555609186,25.000244555609186,C,maximum
BASELINE_SPREAD,shoulder,shoulder,hvac_group,SW-VAV,air_temperature_mean_c,1,21.243156326812734,21.243156326812734,21.243156326812734,C,area_weighted_mean
BASELINE_SPREAD,shoulder,shoulder,hvac_group,SW-VAV,air_temperature_minimum_c,1,19.992609338864995,19.992609338864995,19.992609338864995,C,minimum
BASELINE_SPREAD,shoulder,shoulder,hvac_group,SW-VAV,maximum_zone_people_latent_gain_interval_peak_kw,1,18.0223869449673,18.0223869449673,18.0223869449673,kW,maximum
BASELINE_SPREAD,shoulder,shoulder,hvac_group,SW-VAV,maximum_zone_people_radiant_gain_interval_peak_kw,1,8.346604930649246,8.346604930649246,8.346604930649246,kW,maximum
BASELINE_SPREAD,shoulder,shoulder,hvac_group,SW-VAV,maximum_zone_people_sensible_gain_interval_peak_kw,1,27.822016435497485,27.822016435497485,27.822016435497485,kW,maximum
BASELINE_SPREAD,shoulder,shoulder,hvac_group,SW-VAV,maximum_zone_sensible_cooling_interval_peak_kw,1,55.13981015424687,55.13981015424687,55.13981015424687,kW,maximum
BASELINE_SPREAD,shoulder,shoulder,hvac_group,SW-VAV,maximum_zone_sensible_heating_interval_peak_kw,1,8.033158219202297,8.033158219202297,8.033158219202297,kW,maximum
BASELINE_SPREAD,shoulder,shoulder,hvac_group,SW-VAV,outdoor_air_maximum_m3_s,1,4.175040665105933,4.175040665105933,4.175040665105933,m3/s,maximum
BASELINE_SPREAD,shoulder,shoulder,hvac_group,SW-VAV,outdoor_air_mean_m3_s,1,40.94483301752199,40.94483301752199,40.94483301752199,m3/s,sum
BASELINE_SPREAD,shoulder,shoulder,hvac_group,SW-VAV,outdoor_air_minimum_m3_s,1,0.05648968104766987,0.05648968104766987,0.05648968104766987,m3/s,minimum
BASELINE_SPREAD,shoulder,shoulder,hvac_group,SW-VAV,people_latent_gain_kwh,1,1450.7527585829055,1450.7527585829055,1450.7527585829055,kWh,sum
BASELINE_SPREAD,shoulder,shoulder,hvac_group,SW-VAV,people_radiant_gain_kwh,1,843.0332914608127,843.0332914608127,843.0332914608127,kWh,sum
BASELINE_SPREAD,shoulder,shoulder,hvac_group,SW-VAV,people_sensible_gain_kwh,1,2810.1109715360426,2810.1109715360426,2810.1109715360426,kWh,sum
BASELINE_SPREAD,shoulder,shoulder,hvac_group,SW-VAV,relative_humidity_maximum_percent,1,44.15302027699806,44.15302027699806,44.15302027699806,%,maximum
BASELINE_SPREAD,shoulder,shoulder,hvac_group,SW-VAV,relative_humidity_mean_percent,1,36.155264736572185,36.155264736572185,36.155264736572185,%,area_weighted_mean
BASELINE_SPREAD,shoulder,shoulder,hvac_group,SW-VAV,relative_humidity_minimum_percent,1,22.784901435107663,22.784901435107663,22.784901435107663,%,minimum
BASELINE_SPREAD,shoulder,shoulder,hvac_group,SW-VAV,sensible_cooling_kwh,1,8157.439898345372,8157.439898345372,8157.439898345372,kWh,sum
BASELINE_SPREAD,shoulder,shoulder,hvac_group,SW-VAV,sensible_heating_kwh,1,212.71319796347157,212.71319796347157,212.71319796347157,kWh,sum
BASELINE_SPREAD,shoulder,shoulder,hvac_group,zone_only,air_temperature_maximum_c,1,25.00189691948733,25.00189691948733,25.00189691948733,C,maximum
BASELINE_SPREAD,shoulder,shoulder,hvac_group,zone_only,air_temperature_mean_c,1,25.000420353629227,25.000420353629227,25.000420353629227,C,area_weighted_mean
BASELINE_SPREAD,shoulder,shoulder,hvac_group,zone_only,air_temperature_minimum_c,1,25.000000607373813,25.000000607373813,25.000000607373813,C,minimum
BASELINE_SPREAD,shoulder,shoulder,hvac_group,zone_only,maximum_zone_sensible_cooling_interval_peak_kw,1,24.694266355873918,24.694266355873918,24.694266355873918,kW,maximum
BASELINE_SPREAD,shoulder,shoulder,hvac_group,zone_only,maximum_zone_sensible_heating_interval_peak_kw,1,0.0,0.0,0.0,kW,maximum
BASELINE_SPREAD,shoulder,shoulder,hvac_group,zone_only,relative_humidity_maximum_percent,1,27.868611549907257,27.868611549907257,27.868611549907257,%,maximum
BASELINE_SPREAD,shoulder,shoulder,hvac_group,zone_only,relative_humidity_mean_percent,1,26.841075942335735,26.841075942335735,26.841075942335735,%,area_weighted_mean
BASELINE_SPREAD,shoulder,shoulder,hvac_group,zone_only,relative_humidity_minimum_percent,1,25.976210577176467,25.976210577176467,25.976210577176467,%,minimum
BASELINE_SPREAD,shoulder,shoulder,hvac_group,zone_only,sensible_cooling_kwh,1,470.85362345100793,470.85362345100793,470.85362345100793,kWh,sum
BASELINE_SPREAD,shoulder,shoulder,hvac_group,zone_only,sensible_heating_kwh,1,0.0,0.0,0.0,kWh,sum
BASELINE_SPREAD,shoulder,shoulder,region,central_sector_1,air_temperature_maximum_c,1,26.000276672680272,26.000276672680272,26.000276672680272,C,maximum
BASELINE_SPREAD,shoulder,shoulder,region,central_sector_1,air_temperature_mean_c,1,21.400630871879276,21.400630871879276,21.400630871879276,C,area_weighted_mean
BASELINE_SPREAD,shoulder,shoulder,region,central_sector_1,air_temperature_minimum_c,1,19.993501944097726,19.993501944097726,19.993501944097726,C,minimum
BASELINE_SPREAD,shoulder,shoulder,region,central_sector_1,maximum_zone_people_latent_gain_interval_peak_kw,1,23.699968534550862,23.699968534550862,23.699968534550862,kW,maximum
BASELINE_SPREAD,shoulder,shoulder,region,central_sector_1,maximum_zone_people_radiant_gain_interval_peak_kw,1,12.170491885230557,12.170491885230557,12.170491885230557,kW,maximum
BASELINE_SPREAD,shoulder,shoulder,region,central_sector_1,maximum_zone_people_sensible_gain_interval_peak_kw,1,40.568306284101865,40.568306284101865,40.568306284101865,kW,maximum
BASELINE_SPREAD,shoulder,shoulder,region,central_sector_1,maximum_zone_sensible_cooling_interval_peak_kw,1,155.86663028243092,155.86663028243092,155.86663028243092,kW,maximum
BASELINE_SPREAD,shoulder,shoulder,region,central_sector_1,maximum_zone_sensible_heating_interval_peak_kw,1,13.202645000206557,13.202645000206557,13.202645000206557,kW,maximum
BASELINE_SPREAD,shoulder,shoulder,region,central_sector_1,outdoor_air_maximum_m3_s,1,12.131847284730087,12.131847284730087,12.131847284730087,m3/s,maximum
BASELINE_SPREAD,shoulder,shoulder,region,central_sector_1,outdoor_air_mean_m3_s,1,75.27234971367035,75.27234971367035,75.27234971367035,m3/s,sum
BASELINE_SPREAD,shoulder,shoulder,region,central_sector_1,outdoor_air_minimum_m3_s,1,0.22475638640039203,0.22475638640039203,0.22475638640039203,m3/s,minimum
BASELINE_SPREAD,shoulder,shoulder,region,central_sector_1,people_latent_gain_kwh,1,1384.4076376231667,1384.4076376231667,1384.4076376231667,kWh,sum
BASELINE_SPREAD,shoulder,shoulder,region,central_sector_1,people_radiant_gain_kwh,1,714.2317845998656,714.2317845998656,714.2317845998656,kWh,sum
BASELINE_SPREAD,shoulder,shoulder,region,central_sector_1,people_sensible_gain_kwh,1,2380.7726153328854,2380.7726153328854,2380.7726153328854,kWh,sum
BASELINE_SPREAD,shoulder,shoulder,region,central_sector_1,relative_humidity_maximum_percent,1,45.02653234878318,45.02653234878318,45.02653234878318,%,maximum
BASELINE_SPREAD,shoulder,shoulder,region,central_sector_1,relative_humidity_mean_percent,1,34.737201867704485,34.737201867704485,34.737201867704485,%,area_weighted_mean
BASELINE_SPREAD,shoulder,shoulder,region,central_sector_1,relative_humidity_minimum_percent,1,22.737733530872454,22.737733530872454,22.737733530872454,%,minimum
BASELINE_SPREAD,shoulder,shoulder,region,central_sector_1,sensible_cooling_kwh,1,14892.128382260891,14892.128382260891,14892.128382260891,kWh,sum
BASELINE_SPREAD,shoulder,shoulder,region,central_sector_1,sensible_heating_kwh,1,987.9167871851685,987.9167871851685,987.9167871851685,kWh,sum
BASELINE_SPREAD,shoulder,shoulder,region,central_sector_2,air_temperature_maximum_c,1,26.000311962101755,26.000311962101755,26.000311962101755,C,maximum
BASELINE_SPREAD,shoulder,shoulder,region,central_sector_2,air_temperature_mean_c,1,21.221230934735026,21.221230934735026,21.221230934735026,C,area_weighted_mean
BASELINE_SPREAD,shoulder,shoulder,region,central_sector_2,air_temperature_minimum_c,1,19.992255799365008,19.992255799365008,19.992255799365008,C,minimum
BASELINE_SPREAD,shoulder,shoulder,region,central_sector_2,maximum_zone_people_latent_gain_interval_peak_kw,1,23.972372336331727,23.972372336331727,23.972372336331727,kW,maximum
BASELINE_SPREAD,shoulder,shoulder,region,central_sector_2,maximum_zone_people_radiant_gain_interval_peak_kw,1,9.642961549297468,9.642961549297468,9.642961549297468,kW,maximum
BASELINE_SPREAD,shoulder,shoulder,region,central_sector_2,maximum_zone_people_sensible_gain_interval_peak_kw,1,32.1432051643249,32.1432051643249,32.1432051643249,kW,maximum
BASELINE_SPREAD,shoulder,shoulder,region,central_sector_2,maximum_zone_sensible_cooling_interval_peak_kw,1,360.73461716819367,360.73461716819367,360.73461716819367,kW,maximum
BASELINE_SPREAD,shoulder,shoulder,region,central_sector_2,maximum_zone_sensible_heating_interval_peak_kw,1,28.965058929052205,28.965058929052205,28.965058929052205,kW,maximum
BASELINE_SPREAD,shoulder,shoulder,region,central_sector_2,outdoor_air_maximum_m3_s,1,28.811245152861183,28.811245152861183,28.811245152861183,m3/s,maximum
BASELINE_SPREAD,shoulder,shoulder,region,central_sector_2,outdoor_air_mean_m3_s,1,155.69301929168398,155.69301929168398,155.69301929168398,m3/s,sum
BASELINE_SPREAD,shoulder,shoulder,region,central_sector_2,outdoor_air_minimum_m3_s,1,0.8567132422919168,0.8567132422919168,0.8567132422919168,m3/s,minimum
BASELINE_SPREAD,shoulder,shoulder,region,central_sector_2,people_latent_gain_kwh,1,803.1639233395367,803.1639233395367,803.1639233395367,kWh,sum
BASELINE_SPREAD,shoulder,shoulder,region,central_sector_2,people_radiant_gain_kwh,1,427.85266883106357,427.85266883106357,427.85266883106357,kWh,sum
BASELINE_SPREAD,shoulder,shoulder,region,central_sector_2,people_sensible_gain_kwh,1,1426.1755627702119,1426.1755627702119,1426.1755627702119,kWh,sum
BASELINE_SPREAD,shoulder,shoulder,region,central_sector_2,relative_humidity_maximum_percent,1,46.79371404930804,46.79371404930804,46.79371404930804,%,maximum
BASELINE_SPREAD,shoulder,shoulder,region,central_sector_2,relative_humidity_mean_percent,1,34.31720615119131,34.31720615119131,34.31720615119131,%,area_weighted_mean
BASELINE_SPREAD,shoulder,shoulder,region,central_sector_2,relative_humidity_minimum_percent,1,22.720399478754523,22.720399478754523,22.720399478754523,%,minimum
BASELINE_SPREAD,shoulder,shoulder,region,central_sector_2,sensible_cooling_kwh,1,30746.739331754674,30746.739331754674,30746.739331754674,kWh,sum
BASELINE_SPREAD,shoulder,shoulder,region,central_sector_2,sensible_heating_kwh,1,1334.6945347459753,1334.6945347459753,1334.6945347459753,kWh,sum
BASELINE_SPREAD,shoulder,shoulder,region,northeast_pier,air_temperature_maximum_c,1,26.00023659546929,26.00023659546929,26.00023659546929,C,maximum
BASELINE_SPREAD,shoulder,shoulder,region,northeast_pier,air_temperature_mean_c,1,21.158485974203035,21.158485974203035,21.158485974203035,C,area_weighted_mean
BASELINE_SPREAD,shoulder,shoulder,region,northeast_pier,air_temperature_minimum_c,1,19.991708778495376,19.991708778495376,19.991708778495376,C,minimum
BASELINE_SPREAD,shoulder,shoulder,region,northeast_pier,maximum_zone_people_latent_gain_interval_peak_kw,1,15.823180761193573,15.823180761193573,15.823180761193573,kW,maximum
BASELINE_SPREAD,shoulder,shoulder,region,northeast_pier,maximum_zone_people_radiant_gain_interval_peak_kw,1,11.059996199953257,11.059996199953257,11.059996199953257,kW,maximum
BASELINE_SPREAD,shoulder,shoulder,region,northeast_pier,maximum_zone_people_sensible_gain_interval_peak_kw,1,36.866653999844196,36.866653999844196,36.866653999844196,kW,maximum
BASELINE_SPREAD,shoulder,shoulder,region,northeast_pier,maximum_zone_sensible_cooling_interval_peak_kw,1,51.43449143574822,51.43449143574822,51.43449143574822,kW,maximum
BASELINE_SPREAD,shoulder,shoulder,region,northeast_pier,maximum_zone_sensible_heating_interval_peak_kw,1,17.505376129512225,17.505376129512225,17.505376129512225,kW,maximum
BASELINE_SPREAD,shoulder,shoulder,region,northeast_pier,outdoor_air_maximum_m3_s,1,3.9989160710439298,3.9989160710439298,3.9989160710439298,m3/s,maximum
BASELINE_SPREAD,shoulder,shoulder,region,northeast_pier,outdoor_air_mean_m3_s,1,38.784299947890105,38.784299947890105,38.784299947890105,m3/s,sum
BASELINE_SPREAD,shoulder,shoulder,region,northeast_pier,outdoor_air_minimum_m3_s,1,0.0556120269188355,0.0556120269188355,0.0556120269188355,m3/s,minimum
BASELINE_SPREAD,shoulder,shoulder,region,northeast_pier,people_latent_gain_kwh,1,1066.2042375912022,1066.2042375912022,1066.2042375912022,kWh,sum
BASELINE_SPREAD,shoulder,shoulder,region,northeast_pier,people_radiant_gain_kwh,1,608.8076514179334,608.8076514179334,608.8076514179334,kWh,sum
BASELINE_SPREAD,shoulder,shoulder,region,northeast_pier,people_sensible_gain_kwh,1,2029.358838059778,2029.358838059778,2029.358838059778,kWh,sum
BASELINE_SPREAD,shoulder,shoulder,region,northeast_pier,relative_humidity_maximum_percent,1,47.14355855599143,47.14355855599143,47.14355855599143,%,maximum
BASELINE_SPREAD,shoulder,shoulder,region,northeast_pier,relative_humidity_mean_percent,1,35.799392411443016,35.799392411443016,35.799392411443016,%,area_weighted_mean
BASELINE_SPREAD,shoulder,shoulder,region,northeast_pier,relative_humidity_minimum_percent,1,22.747684118848298,22.747684118848298,22.747684118848298,%,minimum
BASELINE_SPREAD,shoulder,shoulder,region,northeast_pier,sensible_cooling_kwh,1,7210.573804760956,7210.573804760956,7210.573804760956,kWh,sum
BASELINE_SPREAD,shoulder,shoulder,region,northeast_pier,sensible_heating_kwh,1,506.8411626311609,506.8411626311609,506.8411626311609,kWh,sum
BASELINE_SPREAD,shoulder,shoulder,region,northwest_pier,air_temperature_maximum_c,1,26.00020769924308,26.00020769924308,26.00020769924308,C,maximum
BASELINE_SPREAD,shoulder,shoulder,region,northwest_pier,air_temperature_mean_c,1,21.16830963350958,21.16830963350958,21.16830963350958,C,area_weighted_mean
BASELINE_SPREAD,shoulder,shoulder,region,northwest_pier,air_temperature_minimum_c,1,19.992095728897063,19.992095728897063,19.992095728897063,C,minimum
BASELINE_SPREAD,shoulder,shoulder,region,northwest_pier,maximum_zone_people_latent_gain_interval_peak_kw,1,15.635714926194025,15.635714926194025,15.635714926194025,kW,maximum
BASELINE_SPREAD,shoulder,shoulder,region,northwest_pier,maximum_zone_people_radiant_gain_interval_peak_kw,1,7.0965183109369825,7.0965183109369825,7.0965183109369825,kW,maximum
BASELINE_SPREAD,shoulder,shoulder,region,northwest_pier,maximum_zone_people_sensible_gain_interval_peak_kw,1,23.655061036456605,23.655061036456605,23.655061036456605,kW,maximum
BASELINE_SPREAD,shoulder,shoulder,region,northwest_pier,maximum_zone_sensible_cooling_interval_peak_kw,1,39.422270677713584,39.422270677713584,39.422270677713584,kW,maximum
BASELINE_SPREAD,shoulder,shoulder,region,northwest_pier,maximum_zone_sensible_heating_interval_peak_kw,1,10.601516816221308,10.601516816221308,10.601516816221308,kW,maximum
BASELINE_SPREAD,shoulder,shoulder,region,northwest_pier,outdoor_air_maximum_m3_s,1,2.9769252033230327,2.9769252033230327,2.9769252033230327,m3/s,maximum
BASELINE_SPREAD,shoulder,shoulder,region,northwest_pier,outdoor_air_mean_m3_s,1,37.644588866254544,37.644588866254544,37.644588866254544,m3/s,sum
BASELINE_SPREAD,shoulder,shoulder,region,northwest_pier,outdoor_air_minimum_m3_s,1,0.03330896790153884,0.03330896790153884,0.03330896790153884,m3/s,minimum
BASELINE_SPREAD,shoulder,shoulder,region,northwest_pier,people_latent_gain_kwh,1,998.0393910926268,998.0393910926268,998.0393910926268,kWh,sum
BASELINE_SPREAD,shoulder,shoulder,region,northwest_pier,people_radiant_gain_kwh,1,552.1653844712938,552.1653844712938,552.1653844712938,kWh,sum
BASELINE_SPREAD,shoulder,shoulder,region,northwest_pier,people_sensible_gain_kwh,1,1840.5512815709792,1840.5512815709792,1840.5512815709792,kWh,sum
BASELINE_SPREAD,shoulder,shoulder,region,northwest_pier,relative_humidity_maximum_percent,1,56.36690594433564,56.36690594433564,56.36690594433564,%,maximum
BASELINE_SPREAD,shoulder,shoulder,region,northwest_pier,relative_humidity_mean_percent,1,35.74375989369941,35.74375989369941,35.74375989369941,%,area_weighted_mean
BASELINE_SPREAD,shoulder,shoulder,region,northwest_pier,relative_humidity_minimum_percent,1,22.74278892249978,22.74278892249978,22.74278892249978,%,minimum
BASELINE_SPREAD,shoulder,shoulder,region,northwest_pier,sensible_cooling_kwh,1,6875.691931331117,6875.691931331117,6875.691931331117,kWh,sum
BASELINE_SPREAD,shoulder,shoulder,region,northwest_pier,sensible_heating_kwh,1,503.6016124378053,503.6016124378053,503.6016124378053,kWh,sum
BASELINE_SPREAD,shoulder,shoulder,region,south_central_pier,air_temperature_maximum_c,1,26.000174131132294,26.000174131132294,26.000174131132294,C,maximum
BASELINE_SPREAD,shoulder,shoulder,region,south_central_pier,air_temperature_mean_c,1,20.69166677797158,20.69166677797158,20.69166677797158,C,area_weighted_mean
BASELINE_SPREAD,shoulder,shoulder,region,south_central_pier,air_temperature_minimum_c,1,19.994497004195665,19.994497004195665,19.994497004195665,C,minimum
BASELINE_SPREAD,shoulder,shoulder,region,south_central_pier,maximum_zone_people_latent_gain_interval_peak_kw,1,4.394701756318658,4.394701756318658,4.394701756318658,kW,maximum
BASELINE_SPREAD,shoulder,shoulder,region,south_central_pier,maximum_zone_people_radiant_gain_interval_peak_kw,1,1.7696887738021436,1.7696887738021436,1.7696887738021436,kW,maximum
BASELINE_SPREAD,shoulder,shoulder,region,south_central_pier,maximum_zone_people_sensible_gain_interval_peak_kw,1,5.89896257934048,5.89896257934048,5.89896257934048,kW,maximum
BASELINE_SPREAD,shoulder,shoulder,region,south_central_pier,maximum_zone_sensible_cooling_interval_peak_kw,1,62.90802853578452,62.90802853578452,62.90802853578452,kW,maximum
BASELINE_SPREAD,shoulder,shoulder,region,south_central_pier,maximum_zone_sensible_heating_interval_peak_kw,1,21.149217502430314,21.149217502430314,21.149217502430314,kW,maximum
BASELINE_SPREAD,shoulder,shoulder,region,south_central_pier,outdoor_air_maximum_m3_s,1,5.490129351435346,5.490129351435346,5.490129351435346,m3/s,maximum
BASELINE_SPREAD,shoulder,shoulder,region,south_central_pier,outdoor_air_mean_m3_s,1,29.512873752989723,29.512873752989723,29.512873752989723,m3/s,sum
BASELINE_SPREAD,shoulder,shoulder,region,south_central_pier,outdoor_air_minimum_m3_s,1,0.1051446339834056,0.1051446339834056,0.1051446339834056,m3/s,minimum
BASELINE_SPREAD,shoulder,shoulder,region,south_central_pier,people_latent_gain_kwh,1,153.5898014625263,153.5898014625263,153.5898014625263,kWh,sum
BASELINE_SPREAD,shoulder,shoulder,region,south_central_pier,people_radiant_gain_kwh,1,68.94462474221329,68.94462474221329,68.94462474221329,kWh,sum
BASELINE_SPREAD,shoulder,shoulder,region,south_central_pier,people_sensible_gain_kwh,1,229.81541580737766,229.81541580737766,229.81541580737766,kWh,sum
BASELINE_SPREAD,shoulder,shoulder,region,south_central_pier,relative_humidity_maximum_percent,1,47.288071430487335,47.288071430487335,47.288071430487335,%,maximum
BASELINE_SPREAD,shoulder,shoulder,region,south_central_pier,relative_humidity_mean_percent,1,35.181358973955994,35.181358973955994,35.181358973955994,%,area_weighted_mean
BASELINE_SPREAD,shoulder,shoulder,region,south_central_pier,relative_humidity_minimum_percent,1,23.621312129119744,23.621312129119744,23.621312129119744,%,minimum
BASELINE_SPREAD,shoulder,shoulder,region,south_central_pier,sensible_cooling_kwh,1,4507.778209905321,4507.778209905321,4507.778209905321,kWh,sum
BASELINE_SPREAD,shoulder,shoulder,region,south_central_pier,sensible_heating_kwh,1,632.6597766731676,632.6597766731676,632.6597766731676,kWh,sum
BASELINE_SPREAD,shoulder,shoulder,region,southeast_pier,air_temperature_maximum_c,1,26.004199204924245,26.004199204924245,26.004199204924245,C,maximum
BASELINE_SPREAD,shoulder,shoulder,region,southeast_pier,air_temperature_mean_c,1,21.33914397289141,21.33914397289141,21.33914397289141,C,area_weighted_mean
BASELINE_SPREAD,shoulder,shoulder,region,southeast_pier,air_temperature_minimum_c,1,19.968977350197253,19.968977350197253,19.968977350197253,C,minimum
BASELINE_SPREAD,shoulder,shoulder,region,southeast_pier,maximum_zone_people_latent_gain_interval_peak_kw,1,20.268612656208443,20.268612656208443,20.268612656208443,kW,maximum
BASELINE_SPREAD,shoulder,shoulder,region,southeast_pier,maximum_zone_people_radiant_gain_interval_peak_kw,1,9.064695163211791,9.064695163211791,9.064695163211791,kW,maximum
BASELINE_SPREAD,shoulder,shoulder,region,southeast_pier,maximum_zone_people_sensible_gain_interval_peak_kw,1,30.2156505440393,30.2156505440393,30.2156505440393,kW,maximum
BASELINE_SPREAD,shoulder,shoulder,region,southeast_pier,maximum_zone_sensible_cooling_interval_peak_kw,1,59.53100661610544,59.53100661610544,59.53100661610544,kW,maximum
BASELINE_SPREAD,shoulder,shoulder,region,southeast_pier,maximum_zone_sensible_heating_interval_peak_kw,1,5.022849644171132,5.022849644171132,5.022849644171132,kW,maximum
BASELINE_SPREAD,shoulder,shoulder,region,southeast_pier,outdoor_air_maximum_m3_s,1,4.459392546741517,4.459392546741517,4.459392546741517,m3/s,maximum
BASELINE_SPREAD,shoulder,shoulder,region,southeast_pier,outdoor_air_mean_m3_s,1,67.24859123851142,67.24859123851142,67.24859123851142,m3/s,sum
BASELINE_SPREAD,shoulder,shoulder,region,southeast_pier,outdoor_air_minimum_m3_s,1,0.03689236111111095,0.03689236111111095,0.03689236111111095,m3/s,minimum
BASELINE_SPREAD,shoulder,shoulder,region,southeast_pier,people_latent_gain_kwh,1,1558.773012695708,1558.773012695708,1558.773012695708,kWh,sum
BASELINE_SPREAD,shoulder,shoulder,region,southeast_pier,people_radiant_gain_kwh,1,886.6833073393046,886.6833073393046,886.6833073393046,kWh,sum
BASELINE_SPREAD,shoulder,shoulder,region,southeast_pier,people_sensible_gain_kwh,1,2955.6110244643487,2955.6110244643487,2955.6110244643487,kWh,sum
BASELINE_SPREAD,shoulder,shoulder,region,southeast_pier,relative_humidity_maximum_percent,1,49.58997435116555,49.58997435116555,49.58997435116555,%,maximum
BASELINE_SPREAD,shoulder,shoulder,region,southeast_pier,relative_humidity_mean_percent,1,35.70988419873645,35.70988419873645,35.70988419873645,%,area_weighted_mean
BASELINE_SPREAD,shoulder,shoulder,region,southeast_pier,relative_humidity_minimum_percent,1,22.377855047225015,22.377855047225015,22.377855047225015,%,minimum
BASELINE_SPREAD,shoulder,shoulder,region,southeast_pier,sensible_cooling_kwh,1,14180.087884248258,14180.087884248258,14180.087884248258,kWh,sum
BASELINE_SPREAD,shoulder,shoulder,region,southeast_pier,sensible_heating_kwh,1,275.2911406370813,275.2911406370813,275.2911406370813,kWh,sum
BASELINE_SPREAD,shoulder,shoulder,region,southwest_pier,air_temperature_maximum_c,1,26.00027702587336,26.00027702587336,26.00027702587336,C,maximum
BASELINE_SPREAD,shoulder,shoulder,region,southwest_pier,air_temperature_mean_c,1,21.359246271538268,21.359246271538268,21.359246271538268,C,area_weighted_mean
BASELINE_SPREAD,shoulder,shoulder,region,southwest_pier,air_temperature_minimum_c,1,19.992609338864995,19.992609338864995,19.992609338864995,C,minimum
BASELINE_SPREAD,shoulder,shoulder,region,southwest_pier,maximum_zone_people_latent_gain_interval_peak_kw,1,18.0223869449673,18.0223869449673,18.0223869449673,kW,maximum
BASELINE_SPREAD,shoulder,shoulder,region,southwest_pier,maximum_zone_people_radiant_gain_interval_peak_kw,1,8.346604930649246,8.346604930649246,8.346604930649246,kW,maximum
BASELINE_SPREAD,shoulder,shoulder,region,southwest_pier,maximum_zone_people_sensible_gain_interval_peak_kw,1,27.822016435497485,27.822016435497485,27.822016435497485,kW,maximum
BASELINE_SPREAD,shoulder,shoulder,region,southwest_pier,maximum_zone_sensible_cooling_interval_peak_kw,1,55.13981015424687,55.13981015424687,55.13981015424687,kW,maximum
BASELINE_SPREAD,shoulder,shoulder,region,southwest_pier,maximum_zone_sensible_heating_interval_peak_kw,1,8.033158219202297,8.033158219202297,8.033158219202297,kW,maximum
BASELINE_SPREAD,shoulder,shoulder,region,southwest_pier,outdoor_air_maximum_m3_s,1,4.175040665105933,4.175040665105933,4.175040665105933,m3/s,maximum
BASELINE_SPREAD,shoulder,shoulder,region,southwest_pier,outdoor_air_mean_m3_s,1,42.983122118495125,42.983122118495125,42.983122118495125,m3/s,sum
BASELINE_SPREAD,shoulder,shoulder,region,southwest_pier,outdoor_air_minimum_m3_s,1,0.04365308726947315,0.04365308726947315,0.04365308726947315,m3/s,minimum
BASELINE_SPREAD,shoulder,shoulder,region,southwest_pier,people_latent_gain_kwh,1,1584.1332583836083,1584.1332583836083,1584.1332583836083,kWh,sum
BASELINE_SPREAD,shoulder,shoulder,region,southwest_pier,people_radiant_gain_kwh,1,894.1634310580433,894.1634310580433,894.1634310580433,kWh,sum
BASELINE_SPREAD,shoulder,shoulder,region,southwest_pier,people_sensible_gain_kwh,1,2980.5447701934777,2980.5447701934777,2980.5447701934777,kWh,sum
BASELINE_SPREAD,shoulder,shoulder,region,southwest_pier,relative_humidity_maximum_percent,1,49.29805133544333,49.29805133544333,49.29805133544333,%,maximum
BASELINE_SPREAD,shoulder,shoulder,region,southwest_pier,relative_humidity_mean_percent,1,36.04591829898722,36.04591829898722,36.04591829898722,%,area_weighted_mean
BASELINE_SPREAD,shoulder,shoulder,region,southwest_pier,relative_humidity_minimum_percent,1,22.430901152837933,22.430901152837933,22.430901152837933,%,minimum
BASELINE_SPREAD,shoulder,shoulder,region,southwest_pier,sensible_cooling_kwh,1,8520.769873284788,8520.769873284788,8520.769873284788,kWh,sum
BASELINE_SPREAD,shoulder,shoulder,region,southwest_pier,sensible_heating_kwh,1,319.7273173214903,319.7273173214903,319.7273173214903,kWh,sum
DOUBLE_BANK,shoulder,shoulder,function,arrival_exit,air_temperature_maximum_c,1,23.03497117440593,23.03497117440593,23.03497117440593,C,maximum
DOUBLE_BANK,shoulder,shoulder,function,arrival_exit,air_temperature_mean_c,1,21.083259785369798,21.083259785369798,21.083259785369798,C,area_weighted_mean
DOUBLE_BANK,shoulder,shoulder,function,arrival_exit,air_temperature_minimum_c,1,19.995132234657166,19.995132234657166,19.995132234657166,C,minimum
DOUBLE_BANK,shoulder,shoulder,function,arrival_exit,maximum_zone_people_latent_gain_interval_peak_kw,1,1.6978999540304527,1.6978999540304527,1.6978999540304527,kW,maximum
DOUBLE_BANK,shoulder,shoulder,function,arrival_exit,maximum_zone_people_radiant_gain_interval_peak_kw,1,0.8995908832120627,0.8995908832120627,0.8995908832120627,kW,maximum
DOUBLE_BANK,shoulder,shoulder,function,arrival_exit,maximum_zone_people_sensible_gain_interval_peak_kw,1,2.9986362773735427,2.9986362773735427,2.9986362773735427,kW,maximum
DOUBLE_BANK,shoulder,shoulder,function,arrival_exit,maximum_zone_sensible_cooling_interval_peak_kw,1,66.99929513917203,66.99929513917203,66.99929513917203,kW,maximum
DOUBLE_BANK,shoulder,shoulder,function,arrival_exit,maximum_zone_sensible_heating_interval_peak_kw,1,6.286265917750395,6.286265917750395,6.286265917750395,kW,maximum
DOUBLE_BANK,shoulder,shoulder,function,arrival_exit,outdoor_air_maximum_m3_s,1,5.483381526007975,5.483381526007975,5.483381526007975,m3/s,maximum
DOUBLE_BANK,shoulder,shoulder,function,arrival_exit,outdoor_air_mean_m3_s,1,19.292103005929654,19.292103005929654,19.292103005929654,m3/s,sum
DOUBLE_BANK,shoulder,shoulder,function,arrival_exit,outdoor_air_minimum_m3_s,1,0.7116649943284852,0.7116649943284852,0.7116649943284852,m3/s,minimum
DOUBLE_BANK,shoulder,shoulder,function,arrival_exit,people_latent_gain_kwh,1,30.9212393656599,30.9212393656599,30.9212393656599,kWh,sum
DOUBLE_BANK,shoulder,shoulder,function,arrival_exit,people_radiant_gain_kwh,1,18.923955454727988,18.923955454727988,18.923955454727988,kWh,sum
DOUBLE_BANK,shoulder,shoulder,function,arrival_exit,people_sensible_gain_kwh,1,63.079851515759955,63.079851515759955,63.079851515759955,kWh,sum
DOUBLE_BANK,shoulder,shoulder,function,arrival_exit,relative_humidity_maximum_percent,1,43.30034693858855,43.30034693858855,43.30034693858855,%,maximum
DOUBLE_BANK,shoulder,shoulder,function,arrival_exit,relative_humidity_mean_percent,1,34.406152649648014,34.406152649648014,34.406152649648014,%,area_weighted_mean
DOUBLE_BANK,shoulder,shoulder,function,arrival_exit,relative_humidity_minimum_percent,1,26.243560110876327,26.243560110876327,26.243560110876327,%,minimum
DOUBLE_BANK,shoulder,shoulder,function,arrival_exit,sensible_cooling_kwh,1,3721.0681892286475,3721.0681892286475,3721.0681892286475,kWh,sum
DOUBLE_BANK,shoulder,shoulder,function,arrival_exit,sensible_heating_kwh,1,65.29451589175409,65.29451589175409,65.29451589175409,kWh,sum
DOUBLE_BANK,shoulder,shoulder,function,baggage_claim,air_temperature_maximum_c,1,23.76666626192015,23.76666626192015,23.76666626192015,C,maximum
DOUBLE_BANK,shoulder,shoulder,function,baggage_claim,air_temperature_mean_c,1,21.286877450501386,21.286877450501386,21.286877450501386,C,area_weighted_mean
DOUBLE_BANK,shoulder,shoulder,function,baggage_claim,air_temperature_minimum_c,1,19.995660544086224,19.995660544086224,19.995660544086224,C,minimum
DOUBLE_BANK,shoulder,shoulder,function,baggage_claim,maximum_zone_people_latent_gain_interval_peak_kw,1,38.54335791455454,38.54335791455454,38.54335791455454,kW,maximum
DOUBLE_BANK,shoulder,shoulder,function,baggage_claim,maximum_zone_people_radiant_gain_interval_peak_kw,1,19.476590488125062,19.476590488125062,19.476590488125062,kW,maximum
DOUBLE_BANK,shoulder,shoulder,function,baggage_claim,maximum_zone_people_sensible_gain_interval_peak_kw,1,64.9219682937502,64.9219682937502,64.9219682937502,kW,maximum
DOUBLE_BANK,shoulder,shoulder,function,baggage_claim,maximum_zone_sensible_cooling_interval_peak_kw,1,165.01640649053863,165.01640649053863,165.01640649053863,kW,maximum
DOUBLE_BANK,shoulder,shoulder,function,baggage_claim,maximum_zone_sensible_heating_interval_peak_kw,1,5.278582462700549,5.278582462700549,5.278582462700549,kW,maximum
DOUBLE_BANK,shoulder,shoulder,function,baggage_claim,outdoor_air_maximum_m3_s,1,12.633752949820138,12.633752949820138,12.633752949820138,m3/s,maximum
DOUBLE_BANK,shoulder,shoulder,function,baggage_claim,outdoor_air_mean_m3_s,1,33.51137085971673,33.51137085971673,33.51137085971673,m3/s,sum
DOUBLE_BANK,shoulder,shoulder,function,baggage_claim,outdoor_air_minimum_m3_s,1,3.9907823004502454,3.9907823004502454,3.9907823004502454,m3/s,minimum
DOUBLE_BANK,shoulder,shoulder,function,baggage_claim,people_latent_gain_kwh,1,654.143246916818,654.143246916818,654.143246916818,kWh,sum
DOUBLE_BANK,shoulder,shoulder,function,baggage_claim,people_radiant_gain_kwh,1,367.7635737793617,367.7635737793617,367.7635737793617,kWh,sum
DOUBLE_BANK,shoulder,shoulder,function,baggage_claim,people_sensible_gain_kwh,1,1225.878579264539,1225.878579264539,1225.878579264539,kWh,sum
DOUBLE_BANK,shoulder,shoulder,function,baggage_claim,relative_humidity_maximum_percent,1,41.34062678804136,41.34062678804136,41.34062678804136,%,maximum
DOUBLE_BANK,shoulder,shoulder,function,baggage_claim,relative_humidity_mean_percent,1,34.73568124187449,34.73568124187449,34.73568124187449,%,area_weighted_mean
DOUBLE_BANK,shoulder,shoulder,function,baggage_claim,relative_humidity_minimum_percent,1,26.653871536520796,26.653871536520796,26.653871536520796,%,minimum
DOUBLE_BANK,shoulder,shoulder,function,baggage_claim,sensible_cooling_kwh,1,7041.579375677541,7041.579375677541,7041.579375677541,kWh,sum
DOUBLE_BANK,shoulder,shoulder,function,baggage_claim,sensible_heating_kwh,1,12.102114745871521,12.102114745871521,12.102114745871521,kWh,sum
DOUBLE_BANK,shoulder,shoulder,function,central_hall,air_temperature_maximum_c,1,22.81408483318431,22.81408483318431,22.81408483318431,C,maximum
DOUBLE_BANK,shoulder,shoulder,function,central_hall,air_temperature_mean_c,1,20.659638571499894,20.659638571499894,20.659638571499894,C,area_weighted_mean
DOUBLE_BANK,shoulder,shoulder,function,central_hall,air_temperature_minimum_c,1,19.9960666771093,19.9960666771093,19.9960666771093,C,minimum
DOUBLE_BANK,shoulder,shoulder,function,central_hall,maximum_zone_people_latent_gain_interval_peak_kw,1,6.199035935914084,6.199035935914084,6.199035935914084,kW,maximum
DOUBLE_BANK,shoulder,shoulder,function,central_hall,maximum_zone_people_radiant_gain_interval_peak_kw,1,3.409110708751639,3.409110708751639,3.409110708751639,kW,maximum
DOUBLE_BANK,shoulder,shoulder,function,central_hall,maximum_zone_people_sensible_gain_interval_peak_kw,1,11.363702362505462,11.363702362505462,11.363702362505462,kW,maximum
DOUBLE_BANK,shoulder,shoulder,function,central_hall,maximum_zone_sensible_cooling_interval_peak_kw,1,91.74667780629491,91.74667780629491,91.74667780629491,kW,maximum
DOUBLE_BANK,shoulder,shoulder,function,central_hall,maximum_zone_sensible_heating_interval_peak_kw,1,29.576119049312286,29.576119049312286,29.576119049312286,kW,maximum
DOUBLE_BANK,shoulder,shoulder,function,central_hall,outdoor_air_maximum_m3_s,1,8.203597438566506,8.203597438566506,8.203597438566506,m3/s,maximum
DOUBLE_BANK,shoulder,shoulder,function,central_hall,outdoor_air_mean_m3_s,1,57.09667491051344,57.09667491051344,57.09667491051344,m3/s,sum
DOUBLE_BANK,shoulder,shoulder,function,central_hall,outdoor_air_minimum_m3_s,1,0.9369859128063651,0.9369859128063651,0.9369859128063651,m3/s,minimum
DOUBLE_BANK,shoulder,shoulder,function,central_hall,people_latent_gain_kwh,1,424.92402525088727,424.92402525088727,424.92402525088727,kWh,sum
DOUBLE_BANK,shoulder,shoulder,function,central_hall,people_radiant_gain_kwh,1,277.90257896921037,277.90257896921037,277.90257896921037,kWh,sum
DOUBLE_BANK,shoulder,shoulder,function,central_hall,people_sensible_gain_kwh,1,926.3419298973679,926.3419298973679,926.3419298973679,kWh,sum
DOUBLE_BANK,shoulder,shoulder,function,central_hall,relative_humidity_maximum_percent,1,45.60931576956814,45.60931576956814,45.60931576956814,%,maximum
DOUBLE_BANK,shoulder,shoulder,function,central_hall,relative_humidity_mean_percent,1,35.52743218019689,35.52743218019689,35.52743218019689,%,area_weighted_mean
DOUBLE_BANK,shoulder,shoulder,function,central_hall,relative_humidity_minimum_percent,1,28.0785906208978,28.0785906208978,28.0785906208978,%,minimum
DOUBLE_BANK,shoulder,shoulder,function,central_hall,sensible_cooling_kwh,1,9470.070687906938,9470.070687906938,9470.070687906938,kWh,sum
DOUBLE_BANK,shoulder,shoulder,function,central_hall,sensible_heating_kwh,1,628.1424742529118,628.1424742529118,628.1424742529118,kWh,sum
DOUBLE_BANK,shoulder,shoulder,function,concourse,air_temperature_maximum_c,1,22.8553381600856,22.8553381600856,22.8553381600856,C,maximum
DOUBLE_BANK,shoulder,shoulder,function,concourse,air_temperature_mean_c,1,20.5249112316962,20.5249112316962,20.5249112316962,C,area_weighted_mean
DOUBLE_BANK,shoulder,shoulder,function,concourse,air_temperature_minimum_c,1,19.9951406257569,19.9951406257569,19.9951406257569,C,minimum
DOUBLE_BANK,shoulder,shoulder,function,concourse,maximum_zone_people_latent_gain_interval_peak_kw,1,3.6740740559965794,3.6740740559965794,3.6740740559965794,kW,maximum
DOUBLE_BANK,shoulder,shoulder,function,concourse,maximum_zone_people_radiant_gain_interval_peak_kw,1,2.148810013688046,2.148810013688046,2.148810013688046,kW,maximum
DOUBLE_BANK,shoulder,shoulder,function,concourse,maximum_zone_people_sensible_gain_interval_peak_kw,1,7.162700045626819,7.162700045626819,7.162700045626819,kW,maximum
DOUBLE_BANK,shoulder,shoulder,function,concourse,maximum_zone_sensible_cooling_interval_peak_kw,1,35.30646118937591,35.30646118937591,35.30646118937591,kW,maximum
DOUBLE_BANK,shoulder,shoulder,function,concourse,maximum_zone_sensible_heating_interval_peak_kw,1,18.363777889168325,18.363777889168325,18.363777889168325,kW,maximum
DOUBLE_BANK,shoulder,shoulder,function,concourse,outdoor_air_maximum_m3_s,1,3.359894840286364,3.359894840286364,3.359894840286364,m3/s,maximum
DOUBLE_BANK,shoulder,shoulder,function,concourse,outdoor_air_mean_m3_s,1,23.349001227990364,23.349001227990364,23.349001227990364,m3/s,sum
DOUBLE_BANK,shoulder,shoulder,function,concourse,outdoor_air_minimum_m3_s,1,0.49477509010862597,0.49477509010862597,0.49477509010862597,m3/s,minimum
DOUBLE_BANK,shoulder,shoulder,function,concourse,people_latent_gain_kwh,1,165.68540860138415,165.68540860138415,165.68540860138415,kWh,sum
DOUBLE_BANK,shoulder,shoulder,function,concourse,people_radiant_gain_kwh,1,111.38878952426417,111.38878952426417,111.38878952426417,kWh,sum
DOUBLE_BANK,shoulder,shoulder,function,concourse,people_sensible_gain_kwh,1,371.2959650808806,371.2959650808806,371.2959650808806,kWh,sum
DOUBLE_BANK,shoulder,shoulder,function,concourse,relative_humidity_maximum_percent,1,44.9539321355632,44.9539321355632,44.9539321355632,%,maximum
DOUBLE_BANK,shoulder,shoulder,function,concourse,relative_humidity_mean_percent,1,36.20717426296598,36.20717426296598,36.20717426296598,%,area_weighted_mean
DOUBLE_BANK,shoulder,shoulder,function,concourse,relative_humidity_minimum_percent,1,28.275413726661505,28.275413726661505,28.275413726661505,%,minimum
DOUBLE_BANK,shoulder,shoulder,function,concourse,sensible_cooling_kwh,1,3568.287572672557,3568.287572672557,3568.287572672557,kWh,sum
DOUBLE_BANK,shoulder,shoulder,function,concourse,sensible_heating_kwh,1,419.2306730103171,419.2306730103171,419.2306730103171,kWh,sum
DOUBLE_BANK,shoulder,shoulder,function,departure_entry,air_temperature_maximum_c,1,22.938152166063905,22.938152166063905,22.938152166063905,C,maximum
DOUBLE_BANK,shoulder,shoulder,function,departure_entry,air_temperature_mean_c,1,20.733671389498557,20.733671389498557,20.733671389498557,C,area_weighted_mean
DOUBLE_BANK,shoulder,shoulder,function,departure_entry,air_temperature_minimum_c,1,19.996664844529523,19.996664844529523,19.996664844529523,C,minimum
DOUBLE_BANK,shoulder,shoulder,function,departure_entry,maximum_zone_people_latent_gain_interval_peak_kw,1,20.01920393806504,20.01920393806504,20.01920393806504,kW,maximum
DOUBLE_BANK,shoulder,shoulder,function,departure_entry,maximum_zone_people_radiant_gain_interval_peak_kw,1,11.10713146593371,11.10713146593371,11.10713146593371,kW,maximum
DOUBLE_BANK,shoulder,shoulder,function,departure_entry,maximum_zone_people_sensible_gain_interval_peak_kw,1,37.02377155311237,37.02377155311237,37.02377155311237,kW,maximum
DOUBLE_BANK,shoulder,shoulder,function,departure_entry,maximum_zone_sensible_cooling_interval_peak_kw,1,50.4579474060986,50.4579474060986,50.4579474060986,kW,maximum
DOUBLE_BANK,shoulder,shoulder,function,departure_entry,maximum_zone_sensible_heating_interval_peak_kw,1,12.850899419088877,12.850899419088877,12.850899419088877,kW,maximum
DOUBLE_BANK,shoulder,shoulder,function,departure_entry,outdoor_air_maximum_m3_s,1,4.164910423006293,4.164910423006293,4.164910423006293,m3/s,maximum
DOUBLE_BANK,shoulder,shoulder,function,departure_entry,outdoor_air_mean_m3_s,1,7.4582187981805825,7.4582187981805825,7.4582187981805825,m3/s,sum
DOUBLE_BANK,shoulder,shoulder,function,departure_entry,outdoor_air_minimum_m3_s,1,2.743370159133034,2.743370159133034,2.743370159133034,m3/s,minimum
DOUBLE_BANK,shoulder,shoulder,function,departure_entry,people_latent_gain_kwh,1,227.58587666756532,227.58587666756532,227.58587666756532,kWh,sum
DOUBLE_BANK,shoulder,shoulder,function,departure_entry,people_radiant_gain_kwh,1,143.22665372546632,143.22665372546632,143.22665372546632,kWh,sum
DOUBLE_BANK,shoulder,shoulder,function,departure_entry,people_sensible_gain_kwh,1,477.4221790848878,477.4221790848878,477.4221790848878,kWh,sum
DOUBLE_BANK,shoulder,shoulder,function,departure_entry,relative_humidity_maximum_percent,1,43.89809570496791,43.89809570496791,43.89809570496791,%,maximum
DOUBLE_BANK,shoulder,shoulder,function,departure_entry,relative_humidity_mean_percent,1,36.254662942124405,36.254662942124405,36.254662942124405,%,area_weighted_mean
DOUBLE_BANK,shoulder,shoulder,function,departure_entry,relative_humidity_minimum_percent,1,28.841105720621186,28.841105720621186,28.841105720621186,%,minimum
DOUBLE_BANK,shoulder,shoulder,function,departure_entry,sensible_cooling_kwh,1,1321.942734670208,1321.942734670208,1321.942734670208,kWh,sum
DOUBLE_BANK,shoulder,shoulder,function,departure_entry,sensible_heating_kwh,1,68.47006281708475,68.47006281708475,68.47006281708475,kWh,sum
DOUBLE_BANK,shoulder,shoulder,function,domestic_waiting,air_temperature_maximum_c,1,24.46785950063655,24.46785950063655,24.46785950063655,C,maximum
DOUBLE_BANK,shoulder,shoulder,function,domestic_waiting,air_temperature_mean_c,1,21.124536242739406,21.124536242739406,21.124536242739406,C,area_weighted_mean
DOUBLE_BANK,shoulder,shoulder,function,domestic_waiting,air_temperature_minimum_c,1,19.99366627233791,19.99366627233791,19.99366627233791,C,minimum
DOUBLE_BANK,shoulder,shoulder,function,domestic_waiting,maximum_zone_people_latent_gain_interval_peak_kw,1,33.03227655808279,33.03227655808279,33.03227655808279,kW,maximum
DOUBLE_BANK,shoulder,shoulder,function,domestic_waiting,maximum_zone_people_radiant_gain_interval_peak_kw,1,16.83606996042764,16.83606996042764,16.83606996042764,kW,maximum
DOUBLE_BANK,shoulder,shoulder,function,domestic_waiting,maximum_zone_people_sensible_gain_interval_peak_kw,1,56.120233201425464,56.120233201425464,56.120233201425464,kW,maximum
DOUBLE_BANK,shoulder,shoulder,function,domestic_waiting,maximum_zone_sensible_cooling_interval_peak_kw,1,64.10369715405733,64.10369715405733,64.10369715405733,kW,maximum
DOUBLE_BANK,shoulder,shoulder,function,domestic_waiting,maximum_zone_sensible_heating_interval_peak_kw,1,7.5583215150596805,7.5583215150596805,7.5583215150596805,kW,maximum
DOUBLE_BANK,shoulder,shoulder,function,domestic_waiting,outdoor_air_maximum_m3_s,1,4.729833176620761,4.729833176620761,4.729833176620761,m3/s,maximum
DOUBLE_BANK,shoulder,shoulder,function,domestic_waiting,outdoor_air_mean_m3_s,1,122.92743861103484,122.92743861103484,122.92743861103484,m3/s,sum
DOUBLE_BANK,shoulder,shoulder,function,domestic_waiting,outdoor_air_minimum_m3_s,1,0.3277904234202464,0.3277904234202464,0.3277904234202464,m3/s,minimum
DOUBLE_BANK,shoulder,shoulder,function,domestic_waiting,people_latent_gain_kwh,1,4567.88730522353,4567.88730522353,4567.88730522353,kWh,sum
DOUBLE_BANK,shoulder,shoulder,function,domestic_waiting,people_radiant_gain_kwh,1,2557.165746219486,2557.165746219486,2557.165746219486,kWh,sum
DOUBLE_BANK,shoulder,shoulder,function,domestic_waiting,people_sensible_gain_kwh,1,8523.88582073162,8523.88582073162,8523.88582073162,kWh,sum
DOUBLE_BANK,shoulder,shoulder,function,domestic_waiting,relative_humidity_maximum_percent,1,46.3452651700427,46.3452651700427,46.3452651700427,%,maximum
DOUBLE_BANK,shoulder,shoulder,function,domestic_waiting,relative_humidity_mean_percent,1,36.21232304345841,36.21232304345841,36.21232304345841,%,area_weighted_mean
DOUBLE_BANK,shoulder,shoulder,function,domestic_waiting,relative_humidity_minimum_percent,1,26.063215120248493,26.063215120248493,26.063215120248493,%,minimum
DOUBLE_BANK,shoulder,shoulder,function,domestic_waiting,sensible_cooling_kwh,1,24005.938106519465,24005.938106519465,24005.938106519465,kWh,sum
DOUBLE_BANK,shoulder,shoulder,function,domestic_waiting,sensible_heating_kwh,1,456.832313008459,456.832313008459,456.832313008459,kWh,sum
DOUBLE_BANK,shoulder,shoulder,function,general_commercial,air_temperature_maximum_c,1,25.000659483039136,25.000659483039136,25.000659483039136,C,maximum
DOUBLE_BANK,shoulder,shoulder,function,general_commercial,air_temperature_mean_c,1,22.424605485178617,22.424605485178617,22.424605485178617,C,area_weighted_mean
DOUBLE_BANK,shoulder,shoulder,function,general_commercial,air_temperature_minimum_c,1,19.97157265227402,19.97157265227402,19.97157265227402,C,minimum
DOUBLE_BANK,shoulder,shoulder,function,general_commercial,maximum_zone_people_latent_gain_interval_peak_kw,1,4.428347899980819,4.428347899980819,4.428347899980819,kW,maximum
DOUBLE_BANK,shoulder,shoulder,function,general_commercial,maximum_zone_people_radiant_gain_interval_peak_kw,1,2.103911766796092,2.103911766796092,2.103911766796092,kW,maximum
DOUBLE_BANK,shoulder,shoulder,function,general_commercial,maximum_zone_people_sensible_gain_interval_peak_kw,1,7.0130392226536395,7.0130392226536395,7.0130392226536395,kW,maximum
DOUBLE_BANK,shoulder,shoulder,function,general_commercial,maximum_zone_sensible_cooling_interval_peak_kw,1,92.22617011447468,92.22617011447468,92.22617011447468,kW,maximum
DOUBLE_BANK,shoulder,shoulder,function,general_commercial,maximum_zone_sensible_heating_interval_peak_kw,1,14.792099989257359,14.792099989257359,14.792099989257359,kW,maximum
DOUBLE_BANK,shoulder,shoulder,function,general_commercial,outdoor_air_maximum_m3_s,1,6.316802289217771,6.316802289217771,6.316802289217771,m3/s,maximum
DOUBLE_BANK,shoulder,shoulder,function,general_commercial,outdoor_air_mean_m3_s,1,60.91188806323329,60.91188806323329,60.91188806323329,m3/s,sum
DOUBLE_BANK,shoulder,shoulder,function,general_commercial,outdoor_air_minimum_m3_s,1,0.05405963134693235,0.05405963134693235,0.05405963134693235,m3/s,minimum
DOUBLE_BANK,shoulder,shoulder,function,general_commercial,people_latent_gain_kwh,1,50.463924364662084,50.463924364662084,50.463924364662084,kWh,sum
DOUBLE_BANK,shoulder,shoulder,function,general_commercial,people_radiant_gain_kwh,1,27.425670662762784,27.425670662762784,27.425670662762784,kWh,sum
DOUBLE_BANK,shoulder,shoulder,function,general_commercial,people_sensible_gain_kwh,1,91.41890220920928,91.41890220920928,91.41890220920928,kWh,sum
DOUBLE_BANK,shoulder,shoulder,function,general_commercial,relative_humidity_maximum_percent,1,43.697603317708726,43.697603317708726,43.697603317708726,%,maximum
DOUBLE_BANK,shoulder,shoulder,function,general_commercial,relative_humidity_mean_percent,1,31.565034428248925,31.565034428248925,31.565034428248925,%,area_weighted_mean
DOUBLE_BANK,shoulder,shoulder,function,general_commercial,relative_humidity_minimum_percent,1,22.374315253974217,22.374315253974217,22.374315253974217,%,minimum
DOUBLE_BANK,shoulder,shoulder,function,general_commercial,sensible_cooling_kwh,1,13750.910167420061,13750.910167420061,13750.910167420061,kWh,sum
DOUBLE_BANK,shoulder,shoulder,function,general_commercial,sensible_heating_kwh,1,542.6868687949916,542.6868687949916,542.6868687949916,kWh,sum
DOUBLE_BANK,shoulder,shoulder,function,information_room,air_temperature_maximum_c,1,25.001946634035335,25.001946634035335,25.001946634035335,C,maximum
DOUBLE_BANK,shoulder,shoulder,function,information_room,air_temperature_mean_c,1,25.000461296930098,25.000461296930098,25.000461296930098,C,area_weighted_mean
DOUBLE_BANK,shoulder,shoulder,function,information_room,air_temperature_minimum_c,1,25.000014036758145,25.000014036758145,25.000014036758145,C,minimum
DOUBLE_BANK,shoulder,shoulder,function,information_room,maximum_zone_sensible_cooling_interval_peak_kw,1,24.50457322082508,24.50457322082508,24.50457322082508,kW,maximum
DOUBLE_BANK,shoulder,shoulder,function,information_room,maximum_zone_sensible_heating_interval_peak_kw,1,0.0,0.0,0.0,kW,maximum
DOUBLE_BANK,shoulder,shoulder,function,information_room,relative_humidity_maximum_percent,1,27.77480618918794,27.77480618918794,27.77480618918794,%,maximum
DOUBLE_BANK,shoulder,shoulder,function,information_room,relative_humidity_mean_percent,1,26.809820602848017,26.809820602848017,26.809820602848017,%,area_weighted_mean
DOUBLE_BANK,shoulder,shoulder,function,information_room,relative_humidity_minimum_percent,1,25.94490212065765,25.94490212065765,25.94490212065765,%,minimum
DOUBLE_BANK,shoulder,shoulder,function,information_room,sensible_cooling_kwh,1,470.3195189462373,470.3195189462373,470.3195189462373,kWh,sum
DOUBLE_BANK,shoulder,shoulder,function,information_room,sensible_heating_kwh,1,0.0,0.0,0.0,kWh,sum
DOUBLE_BANK,shoulder,shoulder,function,international_arrival,air_temperature_maximum_c,1,22.241661431529025,22.241661431529025,22.241661431529025,C,maximum
DOUBLE_BANK,shoulder,shoulder,function,international_arrival,air_temperature_mean_c,1,20.542139495767646,20.542139495767646,20.542139495767646,C,area_weighted_mean
DOUBLE_BANK,shoulder,shoulder,function,international_arrival,air_temperature_minimum_c,1,19.99507542004398,19.99507542004398,19.99507542004398,C,minimum
DOUBLE_BANK,shoulder,shoulder,function,international_arrival,maximum_zone_people_latent_gain_interval_peak_kw,1,1.8646541334943492,1.8646541334943492,1.8646541334943492,kW,maximum
DOUBLE_BANK,shoulder,shoulder,function,international_arrival,maximum_zone_people_radiant_gain_interval_peak_kw,1,1.2719964983587224,1.2719964983587224,1.2719964983587224,kW,maximum
DOUBLE_BANK,shoulder,shoulder,function,international_arrival,maximum_zone_people_sensible_gain_interval_peak_kw,1,4.239988327862408,4.239988327862408,4.239988327862408,kW,maximum
DOUBLE_BANK,shoulder,shoulder,function,international_arrival,maximum_zone_sensible_cooling_interval_peak_kw,1,61.96917979144896,61.96917979144896,61.96917979144896,kW,maximum
DOUBLE_BANK,shoulder,shoulder,function,international_arrival,maximum_zone_sensible_heating_interval_peak_kw,1,22.152927159131128,22.152927159131128,22.152927159131128,kW,maximum
DOUBLE_BANK,shoulder,shoulder,function,international_arrival,outdoor_air_maximum_m3_s,1,5.513345414562779,5.513345414562779,5.513345414562779,m3/s,maximum
DOUBLE_BANK,shoulder,shoulder,function,international_arrival,outdoor_air_mean_m3_s,1,25.794277557289636,25.794277557289636,25.794277557289636,m3/s,sum
DOUBLE_BANK,shoulder,shoulder,function,international_arrival,outdoor_air_minimum_m3_s,1,0.1252427931000656,0.1252427931000656,0.1252427931000656,m3/s,minimum
DOUBLE_BANK,shoulder,shoulder,function,international_arrival,people_latent_gain_kwh,1,35.81784808541819,35.81784808541819,35.81784808541819,kWh,sum
DOUBLE_BANK,shoulder,shoulder,function,international_arrival,people_radiant_gain_kwh,1,24.50505746102753,24.50505746102753,24.50505746102753,kWh,sum
DOUBLE_BANK,shoulder,shoulder,function,international_arrival,people_sensible_gain_kwh,1,81.68352487009177,81.68352487009177,81.68352487009177,kWh,sum
DOUBLE_BANK,shoulder,shoulder,function,international_arrival,relative_humidity_maximum_percent,1,42.55968918759507,42.55968918759507,42.55968918759507,%,maximum
DOUBLE_BANK,shoulder,shoulder,function,international_arrival,relative_humidity_mean_percent,1,35.0637907769857,35.0637907769857,35.0637907769857,%,area_weighted_mean
DOUBLE_BANK,shoulder,shoulder,function,international_arrival,relative_humidity_minimum_percent,1,27.531990380545846,27.531990380545846,27.531990380545846,%,minimum
DOUBLE_BANK,shoulder,shoulder,function,international_arrival,sensible_cooling_kwh,1,4186.978721255432,4186.978721255432,4186.978721255432,kWh,sum
DOUBLE_BANK,shoulder,shoulder,function,international_arrival,sensible_heating_kwh,1,470.40876122324204,470.40876122324204,470.40876122324204,kWh,sum
DOUBLE_BANK,shoulder,shoulder,function,international_hall,air_temperature_maximum_c,1,23.148588345929685,23.148588345929685,23.148588345929685,C,maximum
DOUBLE_BANK,shoulder,shoulder,function,international_hall,air_temperature_mean_c,1,21.256107530339406,21.256107530339406,21.256107530339406,C,area_weighted_mean
DOUBLE_BANK,shoulder,shoulder,function,international_hall,air_temperature_minimum_c,1,19.99593001089989,19.99593001089989,19.99593001089989,C,minimum
DOUBLE_BANK,shoulder,shoulder,function,international_hall,maximum_zone_people_latent_gain_interval_peak_kw,1,4.49331776395023,4.49331776395023,4.49331776395023,kW,maximum
DOUBLE_BANK,shoulder,shoulder,function,international_hall,maximum_zone_people_radiant_gain_interval_peak_kw,1,2.2369234494997756,2.2369234494997756,2.2369234494997756,kW,maximum
DOUBLE_BANK,shoulder,shoulder,function,international_hall,maximum_zone_people_sensible_gain_interval_peak_kw,1,7.456411498332585,7.456411498332585,7.456411498332585,kW,maximum
DOUBLE_BANK,shoulder,shoulder,function,international_hall,maximum_zone_sensible_cooling_interval_peak_kw,1,356.00339161122366,356.00339161122366,356.00339161122366,kW,maximum
DOUBLE_BANK,shoulder,shoulder,function,international_hall,maximum_zone_sensible_heating_interval_peak_kw,1,23.27485862372012,23.27485862372012,23.27485862372012,kW,maximum
DOUBLE_BANK,shoulder,shoulder,function,international_hall,outdoor_air_maximum_m3_s,1,28.82447251536681,28.82447251536681,28.82447251536681,m3/s,maximum
DOUBLE_BANK,shoulder,shoulder,function,international_hall,outdoor_air_mean_m3_s,1,51.776089500397816,51.776089500397816,51.776089500397816,m3/s,sum
DOUBLE_BANK,shoulder,shoulder,function,international_hall,outdoor_air_minimum_m3_s,1,18.884755336335665,18.884755336335665,18.884755336335665,m3/s,minimum
DOUBLE_BANK,shoulder,shoulder,function,international_hall,people_latent_gain_kwh,1,38.92390190781918,38.92390190781918,38.92390190781918,kWh,sum
DOUBLE_BANK,shoulder,shoulder,function,international_hall,people_radiant_gain_kwh,1,23.573241013392895,23.573241013392895,23.573241013392895,kWh,sum
DOUBLE_BANK,shoulder,shoulder,function,international_hall,people_sensible_gain_kwh,1,78.57747004464298,78.57747004464298,78.57747004464298,kWh,sum
DOUBLE_BANK,shoulder,shoulder,function,international_hall,relative_humidity_maximum_percent,1,39.73321629146102,39.73321629146102,39.73321629146102,%,maximum
DOUBLE_BANK,shoulder,shoulder,function,international_hall,relative_humidity_mean_percent,1,33.721096559414434,33.721096559414434,33.721096559414434,%,area_weighted_mean
DOUBLE_BANK,shoulder,shoulder,function,international_hall,relative_humidity_minimum_percent,1,25.841771332351435,25.841771332351435,25.841771332351435,%,minimum
DOUBLE_BANK,shoulder,shoulder,function,international_hall,sensible_cooling_kwh,1,10729.465980899262,10729.465980899262,10729.465980899262,kWh,sum
DOUBLE_BANK,shoulder,shoulder,function,international_hall,sensible_heating_kwh,1,45.041146403641704,45.041146403641704,45.041146403641704,kWh,sum
DOUBLE_BANK,shoulder,shoulder,function,office,air_temperature_maximum_c,1,26.004050675998407,26.004050675998407,26.004050675998407,C,maximum
DOUBLE_BANK,shoulder,shoulder,function,office,air_temperature_mean_c,1,22.75510681362243,22.75510681362243,22.75510681362243,C,area_weighted_mean
DOUBLE_BANK,shoulder,shoulder,function,office,air_temperature_minimum_c,1,19.998943269269752,19.998943269269752,19.998943269269752,C,minimum
DOUBLE_BANK,shoulder,shoulder,function,office,maximum_zone_people_latent_gain_interval_peak_kw,1,23.971788296857092,23.971788296857092,23.971788296857092,kW,maximum
DOUBLE_BANK,shoulder,shoulder,function,office,maximum_zone_people_radiant_gain_interval_peak_kw,1,9.642961236442716,9.642961236442716,9.642961236442716,kW,maximum
DOUBLE_BANK,shoulder,shoulder,function,office,maximum_zone_people_sensible_gain_interval_peak_kw,1,32.14320412147572,32.14320412147572,32.14320412147572,kW,maximum
DOUBLE_BANK,shoulder,shoulder,function,office,maximum_zone_sensible_cooling_interval_peak_kw,1,52.4425981556899,52.4425981556899,52.4425981556899,kW,maximum
DOUBLE_BANK,shoulder,shoulder,function,office,maximum_zone_sensible_heating_interval_peak_kw,1,15.365400527851222,15.365400527851222,15.365400527851222,kW,maximum
DOUBLE_BANK,shoulder,shoulder,function,office,outdoor_air_maximum_m3_s,1,1.7589377246984235,1.7589377246984235,1.7589377246984235,m3/s,maximum
DOUBLE_BANK,shoulder,shoulder,function,office,outdoor_air_mean_m3_s,1,19.23877379545117,19.23877379545117,19.23877379545117,m3/s,sum
DOUBLE_BANK,shoulder,shoulder,function,office,outdoor_air_minimum_m3_s,1,0.03330896790153884,0.03330896790153884,0.03330896790153884,m3/s,minimum
DOUBLE_BANK,shoulder,shoulder,function,office,people_latent_gain_kwh,1,1429.538713303443,1429.538713303443,1429.538713303443,kWh,sum
DOUBLE_BANK,shoulder,shoulder,function,office,people_radiant_gain_kwh,1,520.8365015419628,520.8365015419628,520.8365015419628,kWh,sum
DOUBLE_BANK,shoulder,shoulder,function,office,people_sensible_gain_kwh,1,1736.1216718065425,1736.1216718065425,1736.1216718065425,kWh,sum
DOUBLE_BANK,shoulder,shoulder,function,office,relative_humidity_maximum_percent,1,55.38702232325292,55.38702232325292,55.38702232325292,%,maximum
DOUBLE_BANK,shoulder,shoulder,function,office,relative_humidity_mean_percent,1,34.98629402821064,34.98629402821064,34.98629402821064,%,area_weighted_mean
DOUBLE_BANK,shoulder,shoulder,function,office,relative_humidity_minimum_percent,1,22.423338554076985,22.423338554076985,22.423338554076985,%,minimum
DOUBLE_BANK,shoulder,shoulder,function,office,sensible_cooling_kwh,1,4601.918134619472,4601.918134619472,4601.918134619472,kWh,sum
DOUBLE_BANK,shoulder,shoulder,function,office,sensible_heating_kwh,1,919.2343755945599,919.2343755945599,919.2343755945599,kWh,sum
DOUBLE_BANK,shoulder,shoulder,function,restaurant,air_temperature_maximum_c,1,25.000569065891753,25.000569065891753,25.000569065891753,C,maximum
DOUBLE_BANK,shoulder,shoulder,function,restaurant,air_temperature_mean_c,1,21.189653377623767,21.189653377623767,21.189653377623767,C,area_weighted_mean
DOUBLE_BANK,shoulder,shoulder,function,restaurant,air_temperature_minimum_c,1,19.979437338420954,19.979437338420954,19.979437338420954,C,minimum
DOUBLE_BANK,shoulder,shoulder,function,restaurant,maximum_zone_people_latent_gain_interval_peak_kw,1,2.584020881055203,2.584020881055203,2.584020881055203,kW,maximum
DOUBLE_BANK,shoulder,shoulder,function,restaurant,maximum_zone_people_radiant_gain_interval_peak_kw,1,1.7128243691968856,1.7128243691968856,1.7128243691968856,kW,maximum
DOUBLE_BANK,shoulder,shoulder,function,restaurant,maximum_zone_people_sensible_gain_interval_peak_kw,1,5.709414563989618,5.709414563989618,5.709414563989618,kW,maximum
DOUBLE_BANK,shoulder,shoulder,function,restaurant,maximum_zone_sensible_cooling_interval_peak_kw,1,40.60350995220113,40.60350995220113,40.60350995220113,kW,maximum
DOUBLE_BANK,shoulder,shoulder,function,restaurant,maximum_zone_sensible_heating_interval_peak_kw,1,18.91552030185825,18.91552030185825,18.91552030185825,kW,maximum
DOUBLE_BANK,shoulder,shoulder,function,restaurant,outdoor_air_maximum_m3_s,1,2.8043369574669237,2.8043369574669237,2.8043369574669237,m3/s,maximum
DOUBLE_BANK,shoulder,shoulder,function,restaurant,outdoor_air_mean_m3_s,1,14.57581306116597,14.57581306116597,14.57581306116597,m3/s,sum
DOUBLE_BANK,shoulder,shoulder,function,restaurant,outdoor_air_minimum_m3_s,1,0.034592386025072606,0.034592386025072606,0.034592386025072606,m3/s,minimum
DOUBLE_BANK,shoulder,shoulder,function,restaurant,people_latent_gain_kwh,1,18.396158800635853,18.396158800635853,18.396158800635853,kWh,sum
DOUBLE_BANK,shoulder,shoulder,function,restaurant,people_radiant_gain_kwh,1,11.40133759915681,11.40133759915681,11.40133759915681,kWh,sum
DOUBLE_BANK,shoulder,shoulder,function,restaurant,people_sensible_gain_kwh,1,38.004458663856035,38.004458663856035,38.004458663856035,kWh,sum
DOUBLE_BANK,shoulder,shoulder,function,restaurant,relative_humidity_maximum_percent,1,43.93403846853274,43.93403846853274,43.93403846853274,%,maximum
DOUBLE_BANK,shoulder,shoulder,function,restaurant,relative_humidity_mean_percent,1,33.8363689119989,33.8363689119989,33.8363689119989,%,area_weighted_mean
DOUBLE_BANK,shoulder,shoulder,function,restaurant,relative_humidity_minimum_percent,1,22.381978949207706,22.381978949207706,22.381978949207706,%,minimum
DOUBLE_BANK,shoulder,shoulder,function,restaurant,sensible_cooling_kwh,1,2557.939639676737,2557.939639676737,2557.939639676737,kWh,sum
DOUBLE_BANK,shoulder,shoulder,function,restaurant,sensible_heating_kwh,1,278.58678253864457,278.58678253864457,278.58678253864457,kWh,sum
DOUBLE_BANK,shoulder,shoulder,function,restroom,air_temperature_maximum_c,1,20.459059177734368,20.459059177734368,20.459059177734368,C,maximum
DOUBLE_BANK,shoulder,shoulder,function,restroom,air_temperature_mean_c,1,20.002147920710375,20.002147920710375,20.002147920710375,C,area_weighted_mean
DOUBLE_BANK,shoulder,shoulder,function,restroom,air_temperature_minimum_c,1,19.994192632963873,19.994192632963873,19.994192632963873,C,minimum
DOUBLE_BANK,shoulder,shoulder,function,restroom,maximum_zone_sensible_cooling_interval_peak_kw,1,5.204155194045458,5.204155194045458,5.204155194045458,kW,maximum
DOUBLE_BANK,shoulder,shoulder,function,restroom,maximum_zone_sensible_heating_interval_peak_kw,1,11.127328988083615,11.127328988083615,11.127328988083615,kW,maximum
DOUBLE_BANK,shoulder,shoulder,function,restroom,outdoor_air_maximum_m3_s,1,1.4759655923281705,1.4759655923281705,1.4759655923281705,m3/s,maximum
DOUBLE_BANK,shoulder,shoulder,function,restroom,outdoor_air_mean_m3_s,1,10.558269397217877,10.558269397217877,10.558269397217877,m3/s,sum
DOUBLE_BANK,shoulder,shoulder,function,restroom,outdoor_air_minimum_m3_s,1,0.06701073847015375,0.06701073847015375,0.06701073847015375,m3/s,minimum
DOUBLE_BANK,shoulder,shoulder,function,restroom,relative_humidity_maximum_percent,1,45.550888645499924,45.550888645499924,45.550888645499924,%,maximum
DOUBLE_BANK,shoulder,shoulder,function,restroom,relative_humidity_mean_percent,1,36.198402145461884,36.198402145461884,36.198402145461884,%,area_weighted_mean
DOUBLE_BANK,shoulder,shoulder,function,restroom,relative_humidity_minimum_percent,1,27.482394714920844,27.482394714920844,27.482394714920844,%,minimum
DOUBLE_BANK,shoulder,shoulder,function,restroom,sensible_cooling_kwh,1,339.2621521627059,339.2621521627059,339.2621521627059,kWh,sum
DOUBLE_BANK,shoulder,shoulder,function,restroom,sensible_heating_kwh,1,778.4797531162523,778.4797531162523,778.4797531162523,kWh,sum
DOUBLE_BANK,shoulder,shoulder,function,staff_breakroom,air_temperature_maximum_c,1,25.184130184504717,25.184130184504717,25.184130184504717,C,maximum
DOUBLE_BANK,shoulder,shoulder,function,staff_breakroom,air_temperature_mean_c,1,21.26391739884019,21.26391739884019,21.26391739884019,C,area_weighted_mean
DOUBLE_BANK,shoulder,shoulder,function,staff_breakroom,air_temperature_minimum_c,1,19.999186836626947,19.999186836626947,19.999186836626947,C,minimum
DOUBLE_BANK,shoulder,shoulder,function,staff_breakroom,maximum_zone_people_latent_gain_interval_peak_kw,1,3.801042607745503,3.801042607745503,3.801042607745503,kW,maximum
DOUBLE_BANK,shoulder,shoulder,function,staff_breakroom,maximum_zone_people_radiant_gain_interval_peak_kw,1,2.1841480913341154,2.1841480913341154,2.1841480913341154,kW,maximum
DOUBLE_BANK,shoulder,shoulder,function,staff_breakroom,maximum_zone_people_sensible_gain_interval_peak_kw,1,7.280493637780385,7.280493637780385,7.280493637780385,kW,maximum
DOUBLE_BANK,shoulder,shoulder,function,staff_breakroom,maximum_zone_sensible_cooling_interval_peak_kw,1,5.746380618162728,5.746380618162728,5.746380618162728,kW,maximum
DOUBLE_BANK,shoulder,shoulder,function,staff_breakroom,maximum_zone_sensible_heating_interval_peak_kw,1,6.198111643113846,6.198111643113846,6.198111643113846,kW,maximum
DOUBLE_BANK,shoulder,shoulder,function,staff_breakroom,outdoor_air_maximum_m3_s,1,0.6520888064436868,0.6520888064436868,0.6520888064436868,m3/s,maximum
DOUBLE_BANK,shoulder,shoulder,function,staff_breakroom,outdoor_air_mean_m3_s,1,2.1065183628894033,2.1065183628894033,2.1065183628894033,m3/s,sum
DOUBLE_BANK,shoulder,shoulder,function,staff_breakroom,outdoor_air_minimum_m3_s,1,0.03689236111111095,0.03689236111111095,0.03689236111111095,m3/s,minimum
DOUBLE_BANK,shoulder,shoulder,function,staff_breakroom,people_latent_gain_kwh,1,5.091018938791399,5.091018938791399,5.091018938791399,kWh,sum
DOUBLE_BANK,shoulder,shoulder,function,staff_breakroom,people_radiant_gain_kwh,1,3.165116751580319,3.165116751580319,3.165116751580319,kWh,sum
DOUBLE_BANK,shoulder,shoulder,function,staff_breakroom,people_sensible_gain_kwh,1,10.550389171934397,10.550389171934397,10.550389171934397,kWh,sum
DOUBLE_BANK,shoulder,shoulder,function,staff_breakroom,relative_humidity_maximum_percent,1,41.710242048739275,41.710242048739275,41.710242048739275,%,maximum
DOUBLE_BANK,shoulder,shoulder,function,staff_breakroom,relative_humidity_mean_percent,1,33.79396428033167,33.79396428033167,33.79396428033167,%,area_weighted_mean
DOUBLE_BANK,shoulder,shoulder,function,staff_breakroom,relative_humidity_minimum_percent,1,23.902364934438488,23.902364934438488,23.902364934438488,%,minimum
DOUBLE_BANK,shoulder,shoulder,function,staff_breakroom,sensible_cooling_kwh,1,169.60891354500055,169.60891354500055,169.60891354500055,kWh,sum
DOUBLE_BANK,shoulder,shoulder,function,staff_breakroom,sensible_heating_kwh,1,124.20491851393405,124.20491851393405,124.20491851393405,kWh,sum
DOUBLE_BANK,shoulder,shoulder,function,transfer,air_temperature_maximum_c,1,22.409773674532467,22.409773674532467,22.409773674532467,C,maximum
DOUBLE_BANK,shoulder,shoulder,function,transfer,air_temperature_mean_c,1,20.681632505010327,20.681632505010327,20.681632505010327,C,area_weighted_mean
DOUBLE_BANK,shoulder,shoulder,function,transfer,air_temperature_minimum_c,1,19.997193463536977,19.997193463536977,19.997193463536977,C,minimum
DOUBLE_BANK,shoulder,shoulder,function,transfer,maximum_zone_people_latent_gain_interval_peak_kw,1,3.9623350997341547,3.9623350997341547,3.9623350997341547,kW,maximum
DOUBLE_BANK,shoulder,shoulder,function,transfer,maximum_zone_people_radiant_gain_interval_peak_kw,1,2.8259824402508418,2.8259824402508418,2.8259824402508418,kW,maximum
DOUBLE_BANK,shoulder,shoulder,function,transfer,maximum_zone_people_sensible_gain_interval_peak_kw,1,9.419941467502808,9.419941467502808,9.419941467502808,kW,maximum
DOUBLE_BANK,shoulder,shoulder,function,transfer,maximum_zone_sensible_cooling_interval_peak_kw,1,52.64412943009993,52.64412943009993,52.64412943009993,kW,maximum
DOUBLE_BANK,shoulder,shoulder,function,transfer,maximum_zone_sensible_heating_interval_peak_kw,1,12.371499997648236,12.371499997648236,12.371499997648236,kW,maximum
DOUBLE_BANK,shoulder,shoulder,function,transfer,outdoor_air_maximum_m3_s,1,4.628309285180547,4.628309285180547,4.628309285180547,m3/s,maximum
DOUBLE_BANK,shoulder,shoulder,function,transfer,outdoor_air_mean_m3_s,1,8.633378317288889,8.633378317288889,8.633378317288889,m3/s,sum
DOUBLE_BANK,shoulder,shoulder,function,transfer,outdoor_air_minimum_m3_s,1,1.626289159655338,1.626289159655338,1.626289159655338,m3/s,minimum
DOUBLE_BANK,shoulder,shoulder,function,transfer,people_latent_gain_kwh,1,36.72286723661652,36.72286723661652,36.72286723661652,kWh,sum
DOUBLE_BANK,shoulder,shoulder,function,transfer,people_radiant_gain_kwh,1,24.233546191059858,24.233546191059858,24.233546191059858,kWh,sum
DOUBLE_BANK,shoulder,shoulder,function,transfer,people_sensible_gain_kwh,1,80.77848730353287,80.77848730353287,80.77848730353287,kWh,sum
DOUBLE_BANK,shoulder,shoulder,function,transfer,relative_humidity_maximum_percent,1,42.53237314789517,42.53237314789517,42.53237314789517,%,maximum
DOUBLE_BANK,shoulder,shoulder,function,transfer,relative_humidity_mean_percent,1,35.02807296024386,35.02807296024386,35.02807296024386,%,area_weighted_mean
DOUBLE_BANK,shoulder,shoulder,function,transfer,relative_humidity_minimum_percent,1,28.455595103458826,28.455595103458826,28.455595103458826,%,minimum
DOUBLE_BANK,shoulder,shoulder,function,transfer,sensible_cooling_kwh,1,1477.1932422726422,1477.1932422726422,1477.1932422726422,kWh,sum
DOUBLE_BANK,shoulder,shoulder,function,transfer,sensible_heating_kwh,1,58.5188817277081,58.5188817277081,58.5188817277081,kWh,sum
DOUBLE_BANK,shoulder,shoulder,hvac_group,C1-DOAS,air_temperature_maximum_c,1,26.00023074876107,26.00023074876107,26.00023074876107,C,maximum
DOUBLE_BANK,shoulder,shoulder,hvac_group,C1-DOAS,air_temperature_mean_c,1,22.531066133166757,22.531066133166757,22.531066133166757,C,area_weighted_mean
DOUBLE_BANK,shoulder,shoulder,hvac_group,C1-DOAS,air_temperature_minimum_c,1,19.999186836626947,19.999186836626947,19.999186836626947,C,minimum
DOUBLE_BANK,shoulder,shoulder,hvac_group,C1-DOAS,maximum_zone_people_latent_gain_interval_peak_kw,1,18.778129180315027,18.778129180315027,18.778129180315027,kW,maximum
DOUBLE_BANK,shoulder,shoulder,hvac_group,C1-DOAS,maximum_zone_people_radiant_gain_interval_peak_kw,1,7.553648905006974,7.553648905006974,7.553648905006974,kW,maximum
DOUBLE_BANK,shoulder,shoulder,hvac_group,C1-DOAS,maximum_zone_people_sensible_gain_interval_peak_kw,1,25.17882968335658,25.17882968335658,25.17882968335658,kW,maximum
DOUBLE_BANK,shoulder,shoulder,hvac_group,C1-DOAS,maximum_zone_sensible_cooling_interval_peak_kw,1,43.625370292298264,43.625370292298264,43.625370292298264,kW,maximum
DOUBLE_BANK,shoulder,shoulder,hvac_group,C1-DOAS,maximum_zone_sensible_heating_interval_peak_kw,1,13.2313422513654,13.2313422513654,13.2313422513654,kW,maximum
DOUBLE_BANK,shoulder,shoulder,hvac_group,C1-DOAS,outdoor_air_maximum_m3_s,1,1.5204774588918948,1.5204774588918948,1.5204774588918948,m3/s,maximum
DOUBLE_BANK,shoulder,shoulder,hvac_group,C1-DOAS,outdoor_air_mean_m3_s,1,8.484885982128562,8.484885982128562,8.484885982128562,m3/s,sum
DOUBLE_BANK,shoulder,shoulder,hvac_group,C1-DOAS,outdoor_air_minimum_m3_s,1,0.22475638640039203,0.22475638640039203,0.22475638640039203,m3/s,minimum
DOUBLE_BANK,shoulder,shoulder,hvac_group,C1-DOAS,people_latent_gain_kwh,1,489.5116317815822,489.5116317815822,489.5116317815822,kWh,sum
DOUBLE_BANK,shoulder,shoulder,hvac_group,C1-DOAS,people_radiant_gain_kwh,1,178.99129483686113,178.99129483686113,178.99129483686113,kWh,sum
DOUBLE_BANK,shoulder,shoulder,hvac_group,C1-DOAS,people_sensible_gain_kwh,1,596.6376494562038,596.6376494562038,596.6376494562038,kWh,sum
DOUBLE_BANK,shoulder,shoulder,hvac_group,C1-DOAS,relative_humidity_maximum_percent,1,44.05026975366342,44.05026975366342,44.05026975366342,%,maximum
DOUBLE_BANK,shoulder,shoulder,hvac_group,C1-DOAS,relative_humidity_mean_percent,1,34.549913699398275,34.549913699398275,34.549913699398275,%,area_weighted_mean
DOUBLE_BANK,shoulder,shoulder,hvac_group,C1-DOAS,relative_humidity_minimum_percent,1,24.265116496736212,24.265116496736212,24.265116496736212,%,minimum
DOUBLE_BANK,shoulder,shoulder,hvac_group,C1-DOAS,sensible_cooling_kwh,1,1615.0555336635687,1615.0555336635687,1615.0555336635687,kWh,sum
DOUBLE_BANK,shoulder,shoulder,hvac_group,C1-DOAS,sensible_heating_kwh,1,408.69562926043614,408.69562926043614,408.69562926043614,kWh,sum
DOUBLE_BANK,shoulder,shoulder,hvac_group,C1-VAV,air_temperature_maximum_c,1,25.000327527686803,25.000327527686803,25.000327527686803,C,maximum
DOUBLE_BANK,shoulder,shoulder,hvac_group,C1-VAV,air_temperature_mean_c,1,21.033385221656925,21.033385221656925,21.033385221656925,C,area_weighted_mean
DOUBLE_BANK,shoulder,shoulder,hvac_group,C1-VAV,air_temperature_minimum_c,1,19.992669825130033,19.992669825130033,19.992669825130033,C,minimum
DOUBLE_BANK,shoulder,shoulder,hvac_group,C1-VAV,maximum_zone_people_latent_gain_interval_peak_kw,1,38.54335791455454,38.54335791455454,38.54335791455454,kW,maximum
DOUBLE_BANK,shoulder,shoulder,hvac_group,C1-VAV,maximum_zone_people_radiant_gain_interval_peak_kw,1,19.476590488125062,19.476590488125062,19.476590488125062,kW,maximum
DOUBLE_BANK,shoulder,shoulder,hvac_group,C1-VAV,maximum_zone_people_sensible_gain_interval_peak_kw,1,64.9219682937502,64.9219682937502,64.9219682937502,kW,maximum
DOUBLE_BANK,shoulder,shoulder,hvac_group,C1-VAV,maximum_zone_sensible_cooling_interval_peak_kw,1,165.01640649053863,165.01640649053863,165.01640649053863,kW,maximum
DOUBLE_BANK,shoulder,shoulder,hvac_group,C1-VAV,maximum_zone_sensible_heating_interval_peak_kw,1,12.850899419088877,12.850899419088877,12.850899419088877,kW,maximum
DOUBLE_BANK,shoulder,shoulder,hvac_group,C1-VAV,outdoor_air_maximum_m3_s,1,12.633752949820138,12.633752949820138,12.633752949820138,m3/s,maximum
DOUBLE_BANK,shoulder,shoulder,hvac_group,C1-VAV,outdoor_air_mean_m3_s,1,68.61778822421437,68.61778822421437,68.61778822421437,m3/s,sum
DOUBLE_BANK,shoulder,shoulder,hvac_group,C1-VAV,outdoor_air_minimum_m3_s,1,0.44597932133338253,0.44597932133338253,0.44597932133338253,m3/s,minimum
DOUBLE_BANK,shoulder,shoulder,hvac_group,C1-VAV,people_latent_gain_kwh,1,912.6503629500432,912.6503629500432,912.6503629500432,kWh,sum
DOUBLE_BANK,shoulder,shoulder,hvac_group,C1-VAV,people_radiant_gain_kwh,1,529.914182959556,529.914182959556,529.914182959556,kWh,sum
DOUBLE_BANK,shoulder,shoulder,hvac_group,C1-VAV,people_sensible_gain_kwh,1,1766.380609865187,1766.380609865187,1766.380609865187,kWh,sum
DOUBLE_BANK,shoulder,shoulder,hvac_group,C1-VAV,relative_humidity_maximum_percent,1,43.89809570496791,43.89809570496791,43.89809570496791,%,maximum
DOUBLE_BANK,shoulder,shoulder,hvac_group,C1-VAV,relative_humidity_mean_percent,1,34.925144307415614,34.925144307415614,34.925144307415614,%,area_weighted_mean
DOUBLE_BANK,shoulder,shoulder,hvac_group,C1-VAV,relative_humidity_minimum_percent,1,22.66722032300857,22.66722032300857,22.66722032300857,%,minimum
DOUBLE_BANK,shoulder,shoulder,hvac_group,C1-VAV,sensible_cooling_kwh,1,12885.81218830608,12885.81218830608,12885.81218830608,kWh,sum
DOUBLE_BANK,shoulder,shoulder,hvac_group,C1-VAV,sensible_heating_kwh,1,605.9108491597148,605.9108491597148,605.9108491597148,kWh,sum
DOUBLE_BANK,shoulder,shoulder,hvac_group,C2-DOAS,air_temperature_maximum_c,1,26.000212323874408,26.000212323874408,26.000212323874408,C,maximum
DOUBLE_BANK,shoulder,shoulder,hvac_group,C2-DOAS,air_temperature_mean_c,1,22.859218752162263,22.859218752162263,22.859218752162263,C,area_weighted_mean
DOUBLE_BANK,shoulder,shoulder,hvac_group,C2-DOAS,air_temperature_minimum_c,1,19.9992782905393,19.9992782905393,19.9992782905393,C,minimum
DOUBLE_BANK,shoulder,shoulder,hvac_group,C2-DOAS,maximum_zone_people_latent_gain_interval_peak_kw,1,23.971788296857092,23.971788296857092,23.971788296857092,kW,maximum
DOUBLE_BANK,shoulder,shoulder,hvac_group,C2-DOAS,maximum_zone_people_radiant_gain_interval_peak_kw,1,9.642961236442716,9.642961236442716,9.642961236442716,kW,maximum
DOUBLE_BANK,shoulder,shoulder,hvac_group,C2-DOAS,maximum_zone_people_sensible_gain_interval_peak_kw,1,32.14320412147572,32.14320412147572,32.14320412147572,kW,maximum
DOUBLE_BANK,shoulder,shoulder,hvac_group,C2-DOAS,maximum_zone_sensible_cooling_interval_peak_kw,1,52.4425981556899,52.4425981556899,52.4425981556899,kW,maximum
DOUBLE_BANK,shoulder,shoulder,hvac_group,C2-DOAS,maximum_zone_sensible_heating_interval_peak_kw,1,15.365400527851222,15.365400527851222,15.365400527851222,kW,maximum
DOUBLE_BANK,shoulder,shoulder,hvac_group,C2-DOAS,outdoor_air_maximum_m3_s,1,1.7589377246984235,1.7589377246984235,1.7589377246984235,m3/s,maximum
DOUBLE_BANK,shoulder,shoulder,hvac_group,C2-DOAS,outdoor_air_mean_m3_s,1,3.5177648188747197,3.5177648188747197,3.5177648188747197,m3/s,sum
DOUBLE_BANK,shoulder,shoulder,hvac_group,C2-DOAS,outdoor_air_minimum_m3_s,1,1.758827094176299,1.758827094176299,1.758827094176299,m3/s,minimum
DOUBLE_BANK,shoulder,shoulder,hvac_group,C2-DOAS,people_latent_gain_kwh,1,328.2738622990562,328.2738622990562,328.2738622990562,kWh,sum
DOUBLE_BANK,shoulder,shoulder,hvac_group,C2-DOAS,people_radiant_gain_kwh,1,114.2674332858586,114.2674332858586,114.2674332858586,kWh,sum
DOUBLE_BANK,shoulder,shoulder,hvac_group,C2-DOAS,people_sensible_gain_kwh,1,380.89144428619534,380.89144428619534,380.89144428619534,kWh,sum
DOUBLE_BANK,shoulder,shoulder,hvac_group,C2-DOAS,relative_humidity_maximum_percent,1,46.06060697617059,46.06060697617059,46.06060697617059,%,maximum
DOUBLE_BANK,shoulder,shoulder,hvac_group,C2-DOAS,relative_humidity_mean_percent,1,35.83995573781427,35.83995573781427,35.83995573781427,%,area_weighted_mean
DOUBLE_BANK,shoulder,shoulder,hvac_group,C2-DOAS,relative_humidity_minimum_percent,1,25.97265452116977,25.97265452116977,25.97265452116977,%,minimum
DOUBLE_BANK,shoulder,shoulder,hvac_group,C2-DOAS,sensible_cooling_kwh,1,829.5946761037438,829.5946761037438,829.5946761037438,kWh,sum
DOUBLE_BANK,shoulder,shoulder,hvac_group,C2-DOAS,sensible_heating_kwh,1,168.9833809559222,168.9833809559222,168.9833809559222,kWh,sum
DOUBLE_BANK,shoulder,shoulder,hvac_group,C2-VAV,air_temperature_maximum_c,1,25.00033768404993,25.00033768404993,25.00033768404993,C,maximum
DOUBLE_BANK,shoulder,shoulder,hvac_group,C2-VAV,air_temperature_mean_c,1,21.11876686552418,21.11876686552418,21.11876686552418,C,area_weighted_mean
DOUBLE_BANK,shoulder,shoulder,hvac_group,C2-VAV,air_temperature_minimum_c,1,19.992253687817357,19.992253687817357,19.992253687817357,C,minimum
DOUBLE_BANK,shoulder,shoulder,hvac_group,C2-VAV,maximum_zone_people_latent_gain_interval_peak_kw,1,6.199035935914084,6.199035935914084,6.199035935914084,kW,maximum
DOUBLE_BANK,shoulder,shoulder,hvac_group,C2-VAV,maximum_zone_people_radiant_gain_interval_peak_kw,1,3.409110708751639,3.409110708751639,3.409110708751639,kW,maximum
DOUBLE_BANK,shoulder,shoulder,hvac_group,C2-VAV,maximum_zone_people_sensible_gain_interval_peak_kw,1,11.363702362505462,11.363702362505462,11.363702362505462,kW,maximum
DOUBLE_BANK,shoulder,shoulder,hvac_group,C2-VAV,maximum_zone_sensible_cooling_interval_peak_kw,1,356.00339161122366,356.00339161122366,356.00339161122366,kW,maximum
DOUBLE_BANK,shoulder,shoulder,hvac_group,C2-VAV,maximum_zone_sensible_heating_interval_peak_kw,1,29.576119049312286,29.576119049312286,29.576119049312286,kW,maximum
DOUBLE_BANK,shoulder,shoulder,hvac_group,C2-VAV,outdoor_air_maximum_m3_s,1,28.82447251536681,28.82447251536681,28.82447251536681,m3/s,maximum
DOUBLE_BANK,shoulder,shoulder,hvac_group,C2-VAV,outdoor_air_mean_m3_s,1,153.27748806025713,153.27748806025713,153.27748806025713,m3/s,sum
DOUBLE_BANK,shoulder,shoulder,hvac_group,C2-VAV,outdoor_air_minimum_m3_s,1,0.8484641560824914,0.8484641560824914,0.8484641560824914,m3/s,minimum
DOUBLE_BANK,shoulder,shoulder,hvac_group,C2-VAV,people_latent_gain_kwh,1,479.556524885316,479.556524885316,479.556524885316,kWh,sum
DOUBLE_BANK,shoulder,shoulder,hvac_group,C2-VAV,people_radiant_gain_kwh,1,312.1852960811374,312.1852960811374,312.1852960811374,kWh,sum
DOUBLE_BANK,shoulder,shoulder,hvac_group,C2-VAV,people_sensible_gain_kwh,1,1040.6176536037913,1040.6176536037913,1040.6176536037913,kWh,sum
DOUBLE_BANK,shoulder,shoulder,hvac_group,C2-VAV,relative_humidity_maximum_percent,1,43.86238075675777,43.86238075675777,43.86238075675777,%,maximum
DOUBLE_BANK,shoulder,shoulder,hvac_group,C2-VAV,relative_humidity_mean_percent,1,34.272098566645454,34.272098566645454,34.272098566645454,%,area_weighted_mean
DOUBLE_BANK,shoulder,shoulder,hvac_group,C2-VAV,relative_humidity_minimum_percent,1,22.651751398636865,22.651751398636865,22.651751398636865,%,minimum
DOUBLE_BANK,shoulder,shoulder,hvac_group,C2-VAV,sensible_cooling_kwh,1,29999.573904935656,29999.573904935656,29999.573904935656,kWh,sum
DOUBLE_BANK,shoulder,shoulder,hvac_group,C2-VAV,sensible_heating_kwh,1,1253.6752316153618,1253.6752316153618,1253.6752316153618,kWh,sum
DOUBLE_BANK,shoulder,shoulder,hvac_group,NE-DOAS,air_temperature_maximum_c,1,26.000208071081662,26.000208071081662,26.000208071081662,C,maximum
DOUBLE_BANK,shoulder,shoulder,hvac_group,NE-DOAS,air_temperature_mean_c,1,22.424189205248513,22.424189205248513,22.424189205248513,C,area_weighted_mean
DOUBLE_BANK,shoulder,shoulder,hvac_group,NE-DOAS,air_temperature_minimum_c,1,19.999021347418996,19.999021347418996,19.999021347418996,C,minimum
DOUBLE_BANK,shoulder,shoulder,hvac_group,NE-DOAS,maximum_zone_people_latent_gain_interval_peak_kw,1,3.196147225003103,3.196147225003103,3.196147225003103,kW,maximum
DOUBLE_BANK,shoulder,shoulder,hvac_group,NE-DOAS,maximum_zone_people_radiant_gain_interval_peak_kw,1,1.304341961603136,1.304341961603136,1.304341961603136,kW,maximum
DOUBLE_BANK,shoulder,shoulder,hvac_group,NE-DOAS,maximum_zone_people_sensible_gain_interval_peak_kw,1,4.34780653867712,4.34780653867712,4.34780653867712,kW,maximum
DOUBLE_BANK,shoulder,shoulder,hvac_group,NE-DOAS,maximum_zone_sensible_cooling_interval_peak_kw,1,8.751948442430159,8.751948442430159,8.751948442430159,kW,maximum
DOUBLE_BANK,shoulder,shoulder,hvac_group,NE-DOAS,maximum_zone_sensible_heating_interval_peak_kw,1,3.8334760897329625,3.8334760897329625,3.8334760897329625,kW,maximum
DOUBLE_BANK,shoulder,shoulder,hvac_group,NE-DOAS,outdoor_air_maximum_m3_s,1,0.4274187124768443,0.4274187124768443,0.4274187124768443,m3/s,maximum
DOUBLE_BANK,shoulder,shoulder,hvac_group,NE-DOAS,outdoor_air_mean_m3_s,1,2.2130766440082006,2.2130766440082006,2.2130766440082006,m3/s,sum
DOUBLE_BANK,shoulder,shoulder,hvac_group,NE-DOAS,outdoor_air_minimum_m3_s,1,0.05673470406303612,0.05673470406303612,0.05673470406303612,m3/s,minimum
DOUBLE_BANK,shoulder,shoulder,hvac_group,NE-DOAS,people_latent_gain_kwh,1,129.37545660017645,129.37545660017645,129.37545660017645,kWh,sum
DOUBLE_BANK,shoulder,shoulder,hvac_group,NE-DOAS,people_radiant_gain_kwh,1,49.78670877825023,49.78670877825023,49.78670877825023,kWh,sum
DOUBLE_BANK,shoulder,shoulder,hvac_group,NE-DOAS,people_sensible_gain_kwh,1,165.95569592750076,165.95569592750076,165.95569592750076,kWh,sum
DOUBLE_BANK,shoulder,shoulder,hvac_group,NE-DOAS,relative_humidity_maximum_percent,1,46.275249798441166,46.275249798441166,46.275249798441166,%,maximum
DOUBLE_BANK,shoulder,shoulder,hvac_group,NE-DOAS,relative_humidity_mean_percent,1,34.81045964330789,34.81045964330789,34.81045964330789,%,area_weighted_mean
DOUBLE_BANK,shoulder,shoulder,hvac_group,NE-DOAS,relative_humidity_minimum_percent,1,24.21291085316981,24.21291085316981,24.21291085316981,%,minimum
DOUBLE_BANK,shoulder,shoulder,hvac_group,NE-DOAS,sensible_cooling_kwh,1,362.5025604624263,362.5025604624263,362.5025604624263,kWh,sum
DOUBLE_BANK,shoulder,shoulder,hvac_group,NE-DOAS,sensible_heating_kwh,1,111.99403599647397,111.99403599647397,111.99403599647397,kWh,sum
DOUBLE_BANK,shoulder,shoulder,hvac_group,NE-VAV,air_temperature_maximum_c,1,25.000322686251074,25.000322686251074,25.000322686251074,C,maximum
DOUBLE_BANK,shoulder,shoulder,hvac_group,NE-VAV,air_temperature_mean_c,1,20.87794650300042,20.87794650300042,20.87794650300042,C,area_weighted_mean
DOUBLE_BANK,shoulder,shoulder,hvac_group,NE-VAV,air_temperature_minimum_c,1,19.99246641016766,19.99246641016766,19.99246641016766,C,minimum
DOUBLE_BANK,shoulder,shoulder,hvac_group,NE-VAV,maximum_zone_people_latent_gain_interval_peak_kw,1,33.03227655808279,33.03227655808279,33.03227655808279,kW,maximum
DOUBLE_BANK,shoulder,shoulder,hvac_group,NE-VAV,maximum_zone_people_radiant_gain_interval_peak_kw,1,14.530385436182675,14.530385436182675,14.530385436182675,kW,maximum
DOUBLE_BANK,shoulder,shoulder,hvac_group,NE-VAV,maximum_zone_people_sensible_gain_interval_peak_kw,1,48.43461812060892,48.43461812060892,48.43461812060892,kW,maximum
DOUBLE_BANK,shoulder,shoulder,hvac_group,NE-VAV,maximum_zone_sensible_cooling_interval_peak_kw,1,57.7550843146408,57.7550843146408,57.7550843146408,kW,maximum
DOUBLE_BANK,shoulder,shoulder,hvac_group,NE-VAV,maximum_zone_sensible_heating_interval_peak_kw,1,18.363777889168325,18.363777889168325,18.363777889168325,kW,maximum
DOUBLE_BANK,shoulder,shoulder,hvac_group,NE-VAV,outdoor_air_maximum_m3_s,1,4.350942138733042,4.350942138733042,4.350942138733042,m3/s,maximum
DOUBLE_BANK,shoulder,shoulder,hvac_group,NE-VAV,outdoor_air_mean_m3_s,1,38.884027729171336,38.884027729171336,38.884027729171336,m3/s,sum
DOUBLE_BANK,shoulder,shoulder,hvac_group,NE-VAV,outdoor_air_minimum_m3_s,1,0.05552019321743379,0.05552019321743379,0.05552019321743379,m3/s,minimum
DOUBLE_BANK,shoulder,shoulder,hvac_group,NE-VAV,people_latent_gain_kwh,1,965.8996928221596,965.8996928221596,965.8996928221596,kWh,sum
DOUBLE_BANK,shoulder,shoulder,hvac_group,NE-VAV,people_radiant_gain_kwh,1,550.2996697387406,550.2996697387406,550.2996697387406,kWh,sum
DOUBLE_BANK,shoulder,shoulder,hvac_group,NE-VAV,people_sensible_gain_kwh,1,1834.3322324624687,1834.3322324624687,1834.3322324624687,kWh,sum
DOUBLE_BANK,shoulder,shoulder,hvac_group,NE-VAV,relative_humidity_maximum_percent,1,46.3452651700427,46.3452651700427,46.3452651700427,%,maximum
DOUBLE_BANK,shoulder,shoulder,hvac_group,NE-VAV,relative_humidity_mean_percent,1,35.999130193368174,35.999130193368174,35.999130193368174,%,area_weighted_mean
DOUBLE_BANK,shoulder,shoulder,hvac_group,NE-VAV,relative_humidity_minimum_percent,1,22.67657700404291,22.67657700404291,22.67657700404291,%,minimum
DOUBLE_BANK,shoulder,shoulder,hvac_group,NE-VAV,sensible_cooling_kwh,1,6959.128230920594,6959.128230920594,6959.128230920594,kWh,sum
DOUBLE_BANK,shoulder,shoulder,hvac_group,NE-VAV,sensible_heating_kwh,1,435.643193923902,435.643193923902,435.643193923902,kWh,sum
DOUBLE_BANK,shoulder,shoulder,hvac_group,NW-DOAS,air_temperature_maximum_c,1,26.000181743378132,26.000181743378132,26.000181743378132,C,maximum
DOUBLE_BANK,shoulder,shoulder,hvac_group,NW-DOAS,air_temperature_mean_c,1,22.499789016206314,22.499789016206314,22.499789016206314,C,area_weighted_mean
DOUBLE_BANK,shoulder,shoulder,hvac_group,NW-DOAS,air_temperature_minimum_c,1,19.998963270458574,19.998963270458574,19.998963270458574,C,minimum
DOUBLE_BANK,shoulder,shoulder,hvac_group,NW-DOAS,maximum_zone_people_latent_gain_interval_peak_kw,1,3.196034756508858,3.196034756508858,3.196034756508858,kW,maximum
DOUBLE_BANK,shoulder,shoulder,hvac_group,NW-DOAS,maximum_zone_people_radiant_gain_interval_peak_kw,1,1.285730802258483,1.285730802258483,1.285730802258483,kW,maximum
DOUBLE_BANK,shoulder,shoulder,hvac_group,NW-DOAS,maximum_zone_people_sensible_gain_interval_peak_kw,1,4.28576934086161,4.28576934086161,4.28576934086161,kW,maximum
DOUBLE_BANK,shoulder,shoulder,hvac_group,NW-DOAS,maximum_zone_sensible_cooling_interval_peak_kw,1,4.797295311202558,4.797295311202558,4.797295311202558,kW,maximum
DOUBLE_BANK,shoulder,shoulder,hvac_group,NW-DOAS,maximum_zone_sensible_heating_interval_peak_kw,1,2.1318608491241595,2.1318608491241595,2.1318608491241595,kW,maximum
DOUBLE_BANK,shoulder,shoulder,hvac_group,NW-DOAS,outdoor_air_maximum_m3_s,1,0.21464856257192932,0.21464856257192932,0.21464856257192932,m3/s,maximum
DOUBLE_BANK,shoulder,shoulder,hvac_group,NW-DOAS,outdoor_air_mean_m3_s,1,2.94585316911316,2.94585316911316,2.94585316911316,m3/s,sum
DOUBLE_BANK,shoulder,shoulder,hvac_group,NW-DOAS,outdoor_air_minimum_m3_s,1,0.03330896790153884,0.03330896790153884,0.03330896790153884,m3/s,minimum
DOUBLE_BANK,shoulder,shoulder,hvac_group,NW-DOAS,people_latent_gain_kwh,1,200.96775485047155,200.96775485047155,200.96775485047155,kWh,sum
DOUBLE_BANK,shoulder,shoulder,hvac_group,NW-DOAS,people_radiant_gain_kwh,1,74.91495671562058,74.91495671562058,74.91495671562058,kWh,sum
DOUBLE_BANK,shoulder,shoulder,hvac_group,NW-DOAS,people_sensible_gain_kwh,1,249.7165223854019,249.7165223854019,249.7165223854019,kWh,sum
DOUBLE_BANK,shoulder,shoulder,hvac_group,NW-DOAS,relative_humidity_maximum_percent,1,55.38702232325292,55.38702232325292,55.38702232325292,%,maximum
DOUBLE_BANK,shoulder,shoulder,hvac_group,NW-DOAS,relative_humidity_mean_percent,1,35.03433573922409,35.03433573922409,35.03433573922409,%,area_weighted_mean
DOUBLE_BANK,shoulder,shoulder,hvac_group,NW-DOAS,relative_humidity_minimum_percent,1,23.462838211112405,23.462838211112405,23.462838211112405,%,minimum
DOUBLE_BANK,shoulder,shoulder,hvac_group,NW-DOAS,sensible_cooling_kwh,1,494.2469725327908,494.2469725327908,494.2469725327908,kWh,sum
DOUBLE_BANK,shoulder,shoulder,hvac_group,NW-DOAS,sensible_heating_kwh,1,145.54080916705374,145.54080916705374,145.54080916705374,kWh,sum
DOUBLE_BANK,shoulder,shoulder,hvac_group,NW-VAV,air_temperature_maximum_c,1,25.000319947214,25.000319947214,25.000319947214,C,maximum
DOUBLE_BANK,shoulder,shoulder,hvac_group,NW-VAV,air_temperature_mean_c,1,20.857179607751576,20.857179607751576,20.857179607751576,C,area_weighted_mean
DOUBLE_BANK,shoulder,shoulder,hvac_group,NW-VAV,air_temperature_minimum_c,1,19.991766479819272,19.991766479819272,19.991766479819272,C,minimum
DOUBLE_BANK,shoulder,shoulder,hvac_group,NW-VAV,maximum_zone_people_latent_gain_interval_peak_kw,1,18.636046739982326,18.636046739982326,18.636046739982326,kW,maximum
DOUBLE_BANK,shoulder,shoulder,hvac_group,NW-VAV,maximum_zone_people_radiant_gain_interval_peak_kw,1,8.883212599851067,8.883212599851067,8.883212599851067,kW,maximum
DOUBLE_BANK,shoulder,shoulder,hvac_group,NW-VAV,maximum_zone_people_sensible_gain_interval_peak_kw,1,29.610708666170225,29.610708666170225,29.610708666170225,kW,maximum
DOUBLE_BANK,shoulder,shoulder,hvac_group,NW-VAV,maximum_zone_sensible_cooling_interval_peak_kw,1,42.17969688428624,42.17969688428624,42.17969688428624,kW,maximum
DOUBLE_BANK,shoulder,shoulder,hvac_group,NW-VAV,maximum_zone_sensible_heating_interval_peak_kw,1,11.212171757258488,11.212171757258488,11.212171757258488,kW,maximum
DOUBLE_BANK,shoulder,shoulder,hvac_group,NW-VAV,outdoor_air_maximum_m3_s,1,3.168699508982121,3.168699508982121,3.168699508982121,m3/s,maximum
DOUBLE_BANK,shoulder,shoulder,hvac_group,NW-VAV,outdoor_air_mean_m3_s,1,36.22842905141975,36.22842905141975,36.22842905141975,m3/s,sum
DOUBLE_BANK,shoulder,shoulder,hvac_group,NW-VAV,outdoor_air_minimum_m3_s,1,0.034592386025072606,0.034592386025072606,0.034592386025072606,m3/s,minimum
DOUBLE_BANK,shoulder,shoulder,hvac_group,NW-VAV,people_latent_gain_kwh,1,812.0283556264727,812.0283556264727,812.0283556264727,kWh,sum
DOUBLE_BANK,shoulder,shoulder,hvac_group,NW-VAV,people_radiant_gain_kwh,1,472.7634116739796,472.7634116739796,472.7634116739796,kWh,sum
DOUBLE_BANK,shoulder,shoulder,hvac_group,NW-VAV,people_sensible_gain_kwh,1,1575.8780389132653,1575.8780389132653,1575.8780389132653,kWh,sum
DOUBLE_BANK,shoulder,shoulder,hvac_group,NW-VAV,relative_humidity_maximum_percent,1,46.062578567282664,46.062578567282664,46.062578567282664,%,maximum
DOUBLE_BANK,shoulder,shoulder,hvac_group,NW-VAV,relative_humidity_mean_percent,1,35.90180343170749,35.90180343170749,35.90180343170749,%,area_weighted_mean
DOUBLE_BANK,shoulder,shoulder,hvac_group,NW-VAV,relative_humidity_minimum_percent,1,22.670907159697283,22.670907159697283,22.670907159697283,%,minimum
DOUBLE_BANK,shoulder,shoulder,hvac_group,NW-VAV,sensible_cooling_kwh,1,6467.66185092801,6467.66185092801,6467.66185092801,kWh,sum
DOUBLE_BANK,shoulder,shoulder,hvac_group,NW-VAV,sensible_heating_kwh,1,397.53910606557685,397.53910606557685,397.53910606557685,kWh,sum
DOUBLE_BANK,shoulder,shoulder,hvac_group,S-DOAS,air_temperature_maximum_c,1,26.0001522110446,26.0001522110446,26.0001522110446,C,maximum
DOUBLE_BANK,shoulder,shoulder,hvac_group,S-DOAS,air_temperature_mean_c,1,22.674538560040578,22.674538560040578,22.674538560040578,C,area_weighted_mean
DOUBLE_BANK,shoulder,shoulder,hvac_group,S-DOAS,air_temperature_minimum_c,1,19.99903483152849,19.99903483152849,19.99903483152849,C,minimum
DOUBLE_BANK,shoulder,shoulder,hvac_group,S-DOAS,maximum_zone_people_latent_gain_interval_peak_kw,1,4.394729179521202,4.394729179521202,4.394729179521202,kW,maximum
DOUBLE_BANK,shoulder,shoulder,hvac_group,S-DOAS,maximum_zone_people_radiant_gain_interval_peak_kw,1,1.7698983823867729,1.7698983823867729,1.7698983823867729,kW,maximum
DOUBLE_BANK,shoulder,shoulder,hvac_group,S-DOAS,maximum_zone_people_sensible_gain_interval_peak_kw,1,5.899661274622576,5.899661274622576,5.899661274622576,kW,maximum
DOUBLE_BANK,shoulder,shoulder,hvac_group,S-DOAS,maximum_zone_sensible_cooling_interval_peak_kw,1,8.8090466487007,8.8090466487007,8.8090466487007,kW,maximum
DOUBLE_BANK,shoulder,shoulder,hvac_group,S-DOAS,maximum_zone_sensible_heating_interval_peak_kw,1,3.69996520799651,3.69996520799651,3.69996520799651,kW,maximum
DOUBLE_BANK,shoulder,shoulder,hvac_group,S-DOAS,outdoor_air_maximum_m3_s,1,0.3750000000000406,0.3750000000000406,0.3750000000000406,m3/s,maximum
DOUBLE_BANK,shoulder,shoulder,hvac_group,S-DOAS,outdoor_air_mean_m3_s,1,1.5918164885327037,1.5918164885327037,1.5918164885327037,m3/s,sum
DOUBLE_BANK,shoulder,shoulder,hvac_group,S-DOAS,outdoor_air_minimum_m3_s,1,0.13916666666666744,0.13916666666666744,0.13916666666666744,m3/s,minimum
DOUBLE_BANK,shoulder,shoulder,hvac_group,S-DOAS,people_latent_gain_kwh,1,118.5025812174118,118.5025812174118,118.5025812174118,kWh,sum
DOUBLE_BANK,shoulder,shoulder,hvac_group,S-DOAS,people_radiant_gain_kwh,1,44.22037892885289,44.22037892885289,44.22037892885289,kWh,sum
DOUBLE_BANK,shoulder,shoulder,hvac_group,S-DOAS,people_sensible_gain_kwh,1,147.4012630961763,147.4012630961763,147.4012630961763,kWh,sum
DOUBLE_BANK,shoulder,shoulder,hvac_group,S-DOAS,relative_humidity_maximum_percent,1,46.418733385323044,46.418733385323044,46.418733385323044,%,maximum
DOUBLE_BANK,shoulder,shoulder,hvac_group,S-DOAS,relative_humidity_mean_percent,1,35.21221015846941,35.21221015846941,35.21221015846941,%,area_weighted_mean
DOUBLE_BANK,shoulder,shoulder,hvac_group,S-DOAS,relative_humidity_minimum_percent,1,23.49420812925439,23.49420812925439,23.49420812925439,%,minimum
DOUBLE_BANK,shoulder,shoulder,hvac_group,S-DOAS,sensible_cooling_kwh,1,297.3899415422877,297.3899415422877,297.3899415422877,kWh,sum
DOUBLE_BANK,shoulder,shoulder,hvac_group,S-DOAS,sensible_heating_kwh,1,82.06881708604841,82.06881708604841,82.06881708604841,kWh,sum
DOUBLE_BANK,shoulder,shoulder,hvac_group,S-VAV,air_temperature_maximum_c,1,22.241661431529025,22.241661431529025,22.241661431529025,C,maximum
DOUBLE_BANK,shoulder,shoulder,hvac_group,S-VAV,air_temperature_mean_c,1,20.50907582588709,20.50907582588709,20.50907582588709,C,area_weighted_mean
DOUBLE_BANK,shoulder,shoulder,hvac_group,S-VAV,air_temperature_minimum_c,1,19.99507542004398,19.99507542004398,19.99507542004398,C,minimum
DOUBLE_BANK,shoulder,shoulder,hvac_group,S-VAV,maximum_zone_people_latent_gain_interval_peak_kw,1,1.8646541334943492,1.8646541334943492,1.8646541334943492,kW,maximum
DOUBLE_BANK,shoulder,shoulder,hvac_group,S-VAV,maximum_zone_people_radiant_gain_interval_peak_kw,1,1.2719964983587224,1.2719964983587224,1.2719964983587224,kW,maximum
DOUBLE_BANK,shoulder,shoulder,hvac_group,S-VAV,maximum_zone_people_sensible_gain_interval_peak_kw,1,4.239988327862408,4.239988327862408,4.239988327862408,kW,maximum
DOUBLE_BANK,shoulder,shoulder,hvac_group,S-VAV,maximum_zone_sensible_cooling_interval_peak_kw,1,61.96917979144896,61.96917979144896,61.96917979144896,kW,maximum
DOUBLE_BANK,shoulder,shoulder,hvac_group,S-VAV,maximum_zone_sensible_heating_interval_peak_kw,1,22.152927159131128,22.152927159131128,22.152927159131128,kW,maximum
DOUBLE_BANK,shoulder,shoulder,hvac_group,S-VAV,outdoor_air_maximum_m3_s,1,5.513345414562779,5.513345414562779,5.513345414562779,m3/s,maximum
DOUBLE_BANK,shoulder,shoulder,hvac_group,S-VAV,outdoor_air_mean_m3_s,1,27.22709717713505,27.22709717713505,27.22709717713505,m3/s,sum
DOUBLE_BANK,shoulder,shoulder,hvac_group,S-VAV,outdoor_air_minimum_m3_s,1,0.10477618508527436,0.10477618508527436,0.10477618508527436,m3/s,minimum
DOUBLE_BANK,shoulder,shoulder,hvac_group,S-VAV,people_latent_gain_kwh,1,35.81784808541819,35.81784808541819,35.81784808541819,kWh,sum
DOUBLE_BANK,shoulder,shoulder,hvac_group,S-VAV,people_radiant_gain_kwh,1,24.50505746102753,24.50505746102753,24.50505746102753,kWh,sum
DOUBLE_BANK,shoulder,shoulder,hvac_group,S-VAV,people_sensible_gain_kwh,1,81.68352487009177,81.68352487009177,81.68352487009177,kWh,sum
DOUBLE_BANK,shoulder,shoulder,hvac_group,S-VAV,relative_humidity_maximum_percent,1,42.55968918759507,42.55968918759507,42.55968918759507,%,maximum
DOUBLE_BANK,shoulder,shoulder,hvac_group,S-VAV,relative_humidity_mean_percent,1,35.12313591096719,35.12313591096719,35.12313591096719,%,area_weighted_mean
DOUBLE_BANK,shoulder,shoulder,hvac_group,S-VAV,relative_humidity_minimum_percent,1,27.531990380545846,27.531990380545846,27.531990380545846,%,minimum
DOUBLE_BANK,shoulder,shoulder,hvac_group,S-VAV,sensible_cooling_kwh,1,4228.7495659573015,4228.7495659573015,4228.7495659573015,kWh,sum
DOUBLE_BANK,shoulder,shoulder,hvac_group,S-VAV,sensible_heating_kwh,1,577.8107932033038,577.8107932033038,577.8107932033038,kWh,sum
DOUBLE_BANK,shoulder,shoulder,hvac_group,SE-DOAS,air_temperature_maximum_c,1,26.004050675998407,26.004050675998407,26.004050675998407,C,maximum
DOUBLE_BANK,shoulder,shoulder,hvac_group,SE-DOAS,air_temperature_mean_c,1,23.441697669929134,23.441697669929134,23.441697669929134,C,area_weighted_mean
DOUBLE_BANK,shoulder,shoulder,hvac_group,SE-DOAS,air_temperature_minimum_c,1,19.999166489705242,19.999166489705242,19.999166489705242,C,minimum
DOUBLE_BANK,shoulder,shoulder,hvac_group,SE-DOAS,maximum_zone_people_latent_gain_interval_peak_kw,1,1.9984721833570067,1.9984721833570067,1.9984721833570067,kW,maximum
DOUBLE_BANK,shoulder,shoulder,hvac_group,SE-DOAS,maximum_zone_people_radiant_gain_interval_peak_kw,1,0.7359195248655255,0.7359195248655255,0.7359195248655255,kW,maximum
DOUBLE_BANK,shoulder,shoulder,hvac_group,SE-DOAS,maximum_zone_people_sensible_gain_interval_peak_kw,1,2.453065082885085,2.453065082885085,2.453065082885085,kW,maximum
DOUBLE_BANK,shoulder,shoulder,hvac_group,SE-DOAS,maximum_zone_sensible_cooling_interval_peak_kw,1,31.642683163254045,31.642683163254045,31.642683163254045,kW,maximum
DOUBLE_BANK,shoulder,shoulder,hvac_group,SE-DOAS,maximum_zone_sensible_heating_interval_peak_kw,1,1.3131737649832869,1.3131737649832869,1.3131737649832869,kW,maximum
DOUBLE_BANK,shoulder,shoulder,hvac_group,SE-DOAS,outdoor_air_maximum_m3_s,1,0.152456615193689,0.152456615193689,0.152456615193689,m3/s,maximum
DOUBLE_BANK,shoulder,shoulder,hvac_group,SE-DOAS,outdoor_air_mean_m3_s,1,0.5536059547100899,0.5536059547100899,0.5536059547100899,m3/s,sum
DOUBLE_BANK,shoulder,shoulder,hvac_group,SE-DOAS,outdoor_air_minimum_m3_s,1,0.03689236111111095,0.03689236111111095,0.03689236111111095,m3/s,minimum
DOUBLE_BANK,shoulder,shoulder,hvac_group,SE-DOAS,people_latent_gain_kwh,1,34.46375555780762,34.46375555780762,34.46375555780762,kWh,sum
DOUBLE_BANK,shoulder,shoulder,hvac_group,SE-DOAS,people_radiant_gain_kwh,1,10.736963191376772,10.736963191376772,10.736963191376772,kWh,sum
DOUBLE_BANK,shoulder,shoulder,hvac_group,SE-DOAS,people_sensible_gain_kwh,1,35.78987730458924,35.78987730458924,35.78987730458924,kWh,sum
DOUBLE_BANK,shoulder,shoulder,hvac_group,SE-DOAS,relative_humidity_maximum_percent,1,48.17792362339223,48.17792362339223,48.17792362339223,%,maximum
DOUBLE_BANK,shoulder,shoulder,hvac_group,SE-DOAS,relative_humidity_mean_percent,1,32.35022140691002,32.35022140691002,32.35022140691002,%,area_weighted_mean
DOUBLE_BANK,shoulder,shoulder,hvac_group,SE-DOAS,relative_humidity_minimum_percent,1,25.096375496975348,25.096375496975348,25.096375496975348,%,minimum
DOUBLE_BANK,shoulder,shoulder,hvac_group,SE-DOAS,sensible_cooling_kwh,1,812.0749084427623,812.0749084427623,812.0749084427623,kWh,sum
DOUBLE_BANK,shoulder,shoulder,hvac_group,SE-DOAS,sensible_heating_kwh,1,18.547109938187937,18.547109938187937,18.547109938187937,kWh,sum
DOUBLE_BANK,shoulder,shoulder,hvac_group,SE-VAV,air_temperature_maximum_c,1,25.000659483039136,25.000659483039136,25.000659483039136,C,maximum
DOUBLE_BANK,shoulder,shoulder,hvac_group,SE-VAV,air_temperature_mean_c,1,21.179604609919114,21.179604609919114,21.179604609919114,C,area_weighted_mean
DOUBLE_BANK,shoulder,shoulder,hvac_group,SE-VAV,air_temperature_minimum_c,1,19.97157265227402,19.97157265227402,19.97157265227402,C,minimum
DOUBLE_BANK,shoulder,shoulder,hvac_group,SE-VAV,maximum_zone_people_latent_gain_interval_peak_kw,1,29.435988809663968,29.435988809663968,29.435988809663968,kW,maximum
DOUBLE_BANK,shoulder,shoulder,hvac_group,SE-VAV,maximum_zone_people_radiant_gain_interval_peak_kw,1,16.83606996042764,16.83606996042764,16.83606996042764,kW,maximum
DOUBLE_BANK,shoulder,shoulder,hvac_group,SE-VAV,maximum_zone_people_sensible_gain_interval_peak_kw,1,56.120233201425464,56.120233201425464,56.120233201425464,kW,maximum
DOUBLE_BANK,shoulder,shoulder,hvac_group,SE-VAV,maximum_zone_sensible_cooling_interval_peak_kw,1,64.10369715405733,64.10369715405733,64.10369715405733,kW,maximum
DOUBLE_BANK,shoulder,shoulder,hvac_group,SE-VAV,maximum_zone_sensible_heating_interval_peak_kw,1,6.6325114744749145,6.6325114744749145,6.6325114744749145,kW,maximum
DOUBLE_BANK,shoulder,shoulder,hvac_group,SE-VAV,outdoor_air_maximum_m3_s,1,4.729833176620761,4.729833176620761,4.729833176620761,m3/s,maximum
DOUBLE_BANK,shoulder,shoulder,hvac_group,SE-VAV,outdoor_air_mean_m3_s,1,69.07605690340775,69.07605690340775,69.07605690340775,m3/s,sum
DOUBLE_BANK,shoulder,shoulder,hvac_group,SE-VAV,outdoor_air_minimum_m3_s,1,0.13740534003462682,0.13740534003462682,0.13740534003462682,m3/s,minimum
DOUBLE_BANK,shoulder,shoulder,hvac_group,SE-VAV,people_latent_gain_kwh,1,1558.5487503205507,1558.5487503205507,1558.5487503205507,kWh,sum
DOUBLE_BANK,shoulder,shoulder,hvac_group,SE-VAV,people_radiant_gain_kwh,1,865.6744939244038,865.6744939244038,865.6744939244038,kWh,sum
DOUBLE_BANK,shoulder,shoulder,hvac_group,SE-VAV,people_sensible_gain_kwh,1,2885.581646414679,2885.581646414679,2885.581646414679,kWh,sum
DOUBLE_BANK,shoulder,shoulder,hvac_group,SE-VAV,relative_humidity_maximum_percent,1,45.31441124282951,45.31441124282951,45.31441124282951,%,maximum
DOUBLE_BANK,shoulder,shoulder,hvac_group,SE-VAV,relative_humidity_mean_percent,1,35.80937652314327,35.80937652314327,35.80937652314327,%,area_weighted_mean
DOUBLE_BANK,shoulder,shoulder,hvac_group,SE-VAV,relative_humidity_minimum_percent,1,22.374315253974217,22.374315253974217,22.374315253974217,%,minimum
DOUBLE_BANK,shoulder,shoulder,hvac_group,SE-VAV,sensible_cooling_kwh,1,13427.279238768078,13427.279238768078,13427.279238768078,kWh,sum
DOUBLE_BANK,shoulder,shoulder,hvac_group,SE-VAV,sensible_heating_kwh,1,292.8215911299543,292.8215911299543,292.8215911299543,kWh,sum
DOUBLE_BANK,shoulder,shoulder,hvac_group,SW-DOAS,air_temperature_maximum_c,1,26.000145458232893,26.000145458232893,26.000145458232893,C,maximum
DOUBLE_BANK,shoulder,shoulder,hvac_group,SW-DOAS,air_temperature_mean_c,1,22.571681073156974,22.571681073156974,22.571681073156974,C,area_weighted_mean
DOUBLE_BANK,shoulder,shoulder,hvac_group,SW-DOAS,air_temperature_minimum_c,1,19.998943269269752,19.998943269269752,19.998943269269752,C,minimum
DOUBLE_BANK,shoulder,shoulder,hvac_group,SW-DOAS,maximum_zone_people_latent_gain_interval_peak_kw,1,4.394788225979881,4.394788225979881,4.394788225979881,kW,maximum
DOUBLE_BANK,shoulder,shoulder,hvac_group,SW-DOAS,maximum_zone_people_radiant_gain_interval_peak_kw,1,1.7845611144827511,1.7845611144827511,1.7845611144827511,kW,maximum
DOUBLE_BANK,shoulder,shoulder,hvac_group,SW-DOAS,maximum_zone_people_sensible_gain_interval_peak_kw,1,5.948537048275837,5.948537048275837,5.948537048275837,kW,maximum
DOUBLE_BANK,shoulder,shoulder,hvac_group,SW-DOAS,maximum_zone_sensible_cooling_interval_peak_kw,1,10.206464025321214,10.206464025321214,10.206464025321214,kW,maximum
DOUBLE_BANK,shoulder,shoulder,hvac_group,SW-DOAS,maximum_zone_sensible_heating_interval_peak_kw,1,3.623998860321917,3.623998860321917,3.623998860321917,kW,maximum
DOUBLE_BANK,shoulder,shoulder,hvac_group,SW-DOAS,outdoor_air_maximum_m3_s,1,0.38134846462513083,0.38134846462513083,0.38134846462513083,m3/s,maximum
DOUBLE_BANK,shoulder,shoulder,hvac_group,SW-DOAS,outdoor_air_mean_m3_s,1,2.0382891009731368,2.0382891009731368,2.0382891009731368,m3/s,sum
DOUBLE_BANK,shoulder,shoulder,hvac_group,SW-DOAS,outdoor_air_minimum_m3_s,1,0.04365308726947315,0.04365308726947315,0.04365308726947315,m3/s,minimum
DOUBLE_BANK,shoulder,shoulder,hvac_group,SW-DOAS,people_latent_gain_kwh,1,133.5346899357287,133.5346899357287,133.5346899357287,kWh,sum
DOUBLE_BANK,shoulder,shoulder,hvac_group,SW-DOAS,people_radiant_gain_kwh,1,51.083882556722905,51.083882556722905,51.083882556722905,kWh,sum
DOUBLE_BANK,shoulder,shoulder,hvac_group,SW-DOAS,people_sensible_gain_kwh,1,170.2796085224097,170.2796085224097,170.2796085224097,kWh,sum
DOUBLE_BANK,shoulder,shoulder,hvac_group,SW-DOAS,relative_humidity_maximum_percent,1,48.86102429124959,48.86102429124959,48.86102429124959,%,maximum
DOUBLE_BANK,shoulder,shoulder,hvac_group,SW-DOAS,relative_humidity_mean_percent,1,34.75832395538758,34.75832395538758,34.75832395538758,%,area_weighted_mean
DOUBLE_BANK,shoulder,shoulder,hvac_group,SW-DOAS,relative_humidity_minimum_percent,1,22.423338554076985,22.423338554076985,22.423338554076985,%,minimum
DOUBLE_BANK,shoulder,shoulder,hvac_group,SW-DOAS,sensible_cooling_kwh,1,360.6624554168932,360.6624554168932,360.6624554168932,kWh,sum
DOUBLE_BANK,shoulder,shoulder,hvac_group,SW-DOAS,sensible_heating_kwh,1,107.60951170437156,107.60951170437156,107.60951170437156,kWh,sum
DOUBLE_BANK,shoulder,shoulder,hvac_group,SW-VAV,air_temperature_maximum_c,1,25.000312175764158,25.000312175764158,25.000312175764158,C,maximum
DOUBLE_BANK,shoulder,shoulder,hvac_group,SW-VAV,air_temperature_mean_c,1,21.137412053173446,21.137412053173446,21.137412053173446,C,area_weighted_mean
DOUBLE_BANK,shoulder,shoulder,hvac_group,SW-VAV,air_temperature_minimum_c,1,19.991721193607265,19.991721193607265,19.991721193607265,C,minimum
DOUBLE_BANK,shoulder,shoulder,hvac_group,SW-VAV,maximum_zone_people_latent_gain_interval_peak_kw,1,23.89239286998311,23.89239286998311,23.89239286998311,kW,maximum
DOUBLE_BANK,shoulder,shoulder,hvac_group,SW-VAV,maximum_zone_people_radiant_gain_interval_peak_kw,1,11.467506183107059,11.467506183107059,11.467506183107059,kW,maximum
DOUBLE_BANK,shoulder,shoulder,hvac_group,SW-VAV,maximum_zone_people_sensible_gain_interval_peak_kw,1,38.22502061035686,38.22502061035686,38.22502061035686,kW,maximum
DOUBLE_BANK,shoulder,shoulder,hvac_group,SW-VAV,maximum_zone_sensible_cooling_interval_peak_kw,1,56.967457534195994,56.967457534195994,56.967457534195994,kW,maximum
DOUBLE_BANK,shoulder,shoulder,hvac_group,SW-VAV,maximum_zone_sensible_heating_interval_peak_kw,1,8.163271831326151,8.163271831326151,8.163271831326151,kW,maximum
DOUBLE_BANK,shoulder,shoulder,hvac_group,SW-VAV,outdoor_air_maximum_m3_s,1,4.283178352112844,4.283178352112844,4.283178352112844,m3/s,maximum
DOUBLE_BANK,shoulder,shoulder,hvac_group,SW-VAV,outdoor_air_mean_m3_s,1,42.5736361643537,42.5736361643537,42.5736361643537,m3/s,sum
DOUBLE_BANK,shoulder,shoulder,hvac_group,SW-VAV,outdoor_air_minimum_m3_s,1,0.05405963134693235,0.05405963134693235,0.05405963134693235,m3/s,minimum
DOUBLE_BANK,shoulder,shoulder,hvac_group,SW-VAV,people_latent_gain_kwh,1,1486.9702677310363,1486.9702677310363,1486.9702677310363,kWh,sum
DOUBLE_BANK,shoulder,shoulder,hvac_group,SW-VAV,people_radiant_gain_kwh,1,832.1680387610716,832.1680387610716,832.1680387610716,kWh,sum
DOUBLE_BANK,shoulder,shoulder,hvac_group,SW-VAV,people_sensible_gain_kwh,1,2773.893462536905,2773.893462536905,2773.893462536905,kWh,sum
DOUBLE_BANK,shoulder,shoulder,hvac_group,SW-VAV,relative_humidity_maximum_percent,1,45.60931576956814,45.60931576956814,45.60931576956814,%,maximum
DOUBLE_BANK,shoulder,shoulder,hvac_group,SW-VAV,relative_humidity_mean_percent,1,36.15398162119571,36.15398162119571,36.15398162119571,%,area_weighted_mean
DOUBLE_BANK,shoulder,shoulder,hvac_group,SW-VAV,relative_humidity_minimum_percent,1,22.7905204398107,22.7905204398107,22.7905204398107,%,minimum
DOUBLE_BANK,shoulder,shoulder,hvac_group,SW-VAV,sensible_cooling_kwh,1,8202.43159054648,8202.43159054648,8202.43159054648,kWh,sum
DOUBLE_BANK,shoulder,shoulder,hvac_group,SW-VAV,sensible_heating_kwh,1,260.393582433065,260.393582433065,260.393582433065,kWh,sum
DOUBLE_BANK,shoulder,shoulder,hvac_group,zone_only,air_temperature_maximum_c,1,25.001946634035335,25.001946634035335,25.001946634035335,C,maximum
DOUBLE_BANK,shoulder,shoulder,hvac_group,zone_only,air_temperature_mean_c,1,25.000461296930098,25.000461296930098,25.000461296930098,C,area_weighted_mean
DOUBLE_BANK,shoulder,shoulder,hvac_group,zone_only,air_temperature_minimum_c,1,25.000014036758145,25.000014036758145,25.000014036758145,C,minimum
DOUBLE_BANK,shoulder,shoulder,hvac_group,zone_only,maximum_zone_sensible_cooling_interval_peak_kw,1,24.50457322082508,24.50457322082508,24.50457322082508,kW,maximum
DOUBLE_BANK,shoulder,shoulder,hvac_group,zone_only,maximum_zone_sensible_heating_interval_peak_kw,1,0.0,0.0,0.0,kW,maximum
DOUBLE_BANK,shoulder,shoulder,hvac_group,zone_only,relative_humidity_maximum_percent,1,27.77480618918794,27.77480618918794,27.77480618918794,%,maximum
DOUBLE_BANK,shoulder,shoulder,hvac_group,zone_only,relative_humidity_mean_percent,1,26.809820602848017,26.809820602848017,26.809820602848017,%,area_weighted_mean
DOUBLE_BANK,shoulder,shoulder,hvac_group,zone_only,relative_humidity_minimum_percent,1,25.94490212065765,25.94490212065765,25.94490212065765,%,minimum
DOUBLE_BANK,shoulder,shoulder,hvac_group,zone_only,sensible_cooling_kwh,1,470.3195189462373,470.3195189462373,470.3195189462373,kWh,sum
DOUBLE_BANK,shoulder,shoulder,hvac_group,zone_only,sensible_heating_kwh,1,0.0,0.0,0.0,kWh,sum
DOUBLE_BANK,shoulder,shoulder,region,central_sector_1,air_temperature_maximum_c,1,26.00023074876107,26.00023074876107,26.00023074876107,C,maximum
DOUBLE_BANK,shoulder,shoulder,region,central_sector_1,air_temperature_mean_c,1,21.331858208518124,21.331858208518124,21.331858208518124,C,area_weighted_mean
DOUBLE_BANK,shoulder,shoulder,region,central_sector_1,air_temperature_minimum_c,1,19.992669825130033,19.992669825130033,19.992669825130033,C,minimum
DOUBLE_BANK,shoulder,shoulder,region,central_sector_1,maximum_zone_people_latent_gain_interval_peak_kw,1,38.54335791455454,38.54335791455454,38.54335791455454,kW,maximum
DOUBLE_BANK,shoulder,shoulder,region,central_sector_1,maximum_zone_people_radiant_gain_interval_peak_kw,1,19.476590488125062,19.476590488125062,19.476590488125062,kW,maximum
DOUBLE_BANK,shoulder,shoulder,region,central_sector_1,maximum_zone_people_sensible_gain_interval_peak_kw,1,64.9219682937502,64.9219682937502,64.9219682937502,kW,maximum
DOUBLE_BANK,shoulder,shoulder,region,central_sector_1,maximum_zone_sensible_cooling_interval_peak_kw,1,165.01640649053863,165.01640649053863,165.01640649053863,kW,maximum
DOUBLE_BANK,shoulder,shoulder,region,central_sector_1,maximum_zone_sensible_heating_interval_peak_kw,1,13.2313422513654,13.2313422513654,13.2313422513654,kW,maximum
DOUBLE_BANK,shoulder,shoulder,region,central_sector_1,outdoor_air_maximum_m3_s,1,12.633752949820138,12.633752949820138,12.633752949820138,m3/s,maximum
DOUBLE_BANK,shoulder,shoulder,region,central_sector_1,outdoor_air_mean_m3_s,1,77.10267420634294,77.10267420634294,77.10267420634294,m3/s,sum
DOUBLE_BANK,shoulder,shoulder,region,central_sector_1,outdoor_air_minimum_m3_s,1,0.22475638640039203,0.22475638640039203,0.22475638640039203,m3/s,minimum
DOUBLE_BANK,shoulder,shoulder,region,central_sector_1,people_latent_gain_kwh,1,1402.1619947316256,1402.1619947316256,1402.1619947316256,kWh,sum
DOUBLE_BANK,shoulder,shoulder,region,central_sector_1,people_radiant_gain_kwh,1,708.9054777964171,708.9054777964171,708.9054777964171,kWh,sum
DOUBLE_BANK,shoulder,shoulder,region,central_sector_1,people_sensible_gain_kwh,1,2363.018259321391,2363.018259321391,2363.018259321391,kWh,sum
DOUBLE_BANK,shoulder,shoulder,region,central_sector_1,relative_humidity_maximum_percent,1,44.05026975366342,44.05026975366342,44.05026975366342,%,maximum
DOUBLE_BANK,shoulder,shoulder,region,central_sector_1,relative_humidity_mean_percent,1,34.754439440322116,34.754439440322116,34.754439440322116,%,area_weighted_mean
DOUBLE_BANK,shoulder,shoulder,region,central_sector_1,relative_humidity_minimum_percent,1,22.66722032300857,22.66722032300857,22.66722032300857,%,minimum
DOUBLE_BANK,shoulder,shoulder,region,central_sector_1,sensible_cooling_kwh,1,14971.187240915886,14971.187240915886,14971.187240915886,kWh,sum
DOUBLE_BANK,shoulder,shoulder,region,central_sector_1,sensible_heating_kwh,1,1014.6064784201508,1014.6064784201508,1014.6064784201508,kWh,sum
DOUBLE_BANK,shoulder,shoulder,region,central_sector_2,air_temperature_maximum_c,1,26.000212323874408,26.000212323874408,26.000212323874408,C,maximum
DOUBLE_BANK,shoulder,shoulder,region,central_sector_2,air_temperature_mean_c,1,21.17650460104061,21.17650460104061,21.17650460104061,C,area_weighted_mean
DOUBLE_BANK,shoulder,shoulder,region,central_sector_2,air_temperature_minimum_c,1,19.992253687817357,19.992253687817357,19.992253687817357,C,minimum
DOUBLE_BANK,shoulder,shoulder,region,central_sector_2,maximum_zone_people_latent_gain_interval_peak_kw,1,23.971788296857092,23.971788296857092,23.971788296857092,kW,maximum
DOUBLE_BANK,shoulder,shoulder,region,central_sector_2,maximum_zone_people_radiant_gain_interval_peak_kw,1,9.642961236442716,9.642961236442716,9.642961236442716,kW,maximum
DOUBLE_BANK,shoulder,shoulder,region,central_sector_2,maximum_zone_people_sensible_gain_interval_peak_kw,1,32.14320412147572,32.14320412147572,32.14320412147572,kW,maximum
DOUBLE_BANK,shoulder,shoulder,region,central_sector_2,maximum_zone_sensible_cooling_interval_peak_kw,1,356.00339161122366,356.00339161122366,356.00339161122366,kW,maximum
DOUBLE_BANK,shoulder,shoulder,region,central_sector_2,maximum_zone_sensible_heating_interval_peak_kw,1,29.576119049312286,29.576119049312286,29.576119049312286,kW,maximum
DOUBLE_BANK,shoulder,shoulder,region,central_sector_2,outdoor_air_maximum_m3_s,1,28.82447251536681,28.82447251536681,28.82447251536681,m3/s,maximum
DOUBLE_BANK,shoulder,shoulder,region,central_sector_2,outdoor_air_mean_m3_s,1,156.79525287913185,156.79525287913185,156.79525287913185,m3/s,sum
DOUBLE_BANK,shoulder,shoulder,region,central_sector_2,outdoor_air_minimum_m3_s,1,0.8484641560824914,0.8484641560824914,0.8484641560824914,m3/s,minimum
DOUBLE_BANK,shoulder,shoulder,region,central_sector_2,people_latent_gain_kwh,1,807.8303871843722,807.8303871843722,807.8303871843722,kWh,sum
DOUBLE_BANK,shoulder,shoulder,region,central_sector_2,people_radiant_gain_kwh,1,426.452729366996,426.452729366996,426.452729366996,kWh,sum
DOUBLE_BANK,shoulder,shoulder,region,central_sector_2,people_sensible_gain_kwh,1,1421.5090978899866,1421.5090978899866,1421.5090978899866,kWh,sum
DOUBLE_BANK,shoulder,shoulder,region,central_sector_2,relative_humidity_maximum_percent,1,46.06060697617059,46.06060697617059,46.06060697617059,%,maximum
DOUBLE_BANK,shoulder,shoulder,region,central_sector_2,relative_humidity_mean_percent,1,34.32411064659518,34.32411064659518,34.32411064659518,%,area_weighted_mean
DOUBLE_BANK,shoulder,shoulder,region,central_sector_2,relative_humidity_minimum_percent,1,22.651751398636865,22.651751398636865,22.651751398636865,%,minimum
DOUBLE_BANK,shoulder,shoulder,region,central_sector_2,sensible_cooling_kwh,1,30829.1685810394,30829.1685810394,30829.1685810394,kWh,sum
DOUBLE_BANK,shoulder,shoulder,region,central_sector_2,sensible_heating_kwh,1,1422.658612571284,1422.658612571284,1422.658612571284,kWh,sum
DOUBLE_BANK,shoulder,shoulder,region,northeast_pier,air_temperature_maximum_c,1,26.000208071081662,26.000208071081662,26.000208071081662,C,maximum
DOUBLE_BANK,shoulder,shoulder,region,northeast_pier,air_temperature_mean_c,1,21.02559005753458,21.02559005753458,21.02559005753458,C,area_weighted_mean
DOUBLE_BANK,shoulder,shoulder,region,northeast_pier,air_temperature_minimum_c,1,19.99246641016766,19.99246641016766,19.99246641016766,C,minimum
DOUBLE_BANK,shoulder,shoulder,region,northeast_pier,maximum_zone_people_latent_gain_interval_peak_kw,1,33.03227655808279,33.03227655808279,33.03227655808279,kW,maximum
DOUBLE_BANK,shoulder,shoulder,region,northeast_pier,maximum_zone_people_radiant_gain_interval_peak_kw,1,14.530385436182675,14.530385436182675,14.530385436182675,kW,maximum
DOUBLE_BANK,shoulder,shoulder,region,northeast_pier,maximum_zone_people_sensible_gain_interval_peak_kw,1,48.43461812060892,48.43461812060892,48.43461812060892,kW,maximum
DOUBLE_BANK,shoulder,shoulder,region,northeast_pier,maximum_zone_sensible_cooling_interval_peak_kw,1,57.7550843146408,57.7550843146408,57.7550843146408,kW,maximum
DOUBLE_BANK,shoulder,shoulder,region,northeast_pier,maximum_zone_sensible_heating_interval_peak_kw,1,18.363777889168325,18.363777889168325,18.363777889168325,kW,maximum
DOUBLE_BANK,shoulder,shoulder,region,northeast_pier,outdoor_air_maximum_m3_s,1,4.350942138733042,4.350942138733042,4.350942138733042,m3/s,maximum
DOUBLE_BANK,shoulder,shoulder,region,northeast_pier,outdoor_air_mean_m3_s,1,41.09710437317954,41.09710437317954,41.09710437317954,m3/s,sum
DOUBLE_BANK,shoulder,shoulder,region,northeast_pier,outdoor_air_minimum_m3_s,1,0.05552019321743379,0.05552019321743379,0.05552019321743379,m3/s,minimum
DOUBLE_BANK,shoulder,shoulder,region,northeast_pier,people_latent_gain_kwh,1,1095.275149422336,1095.275149422336,1095.275149422336,kWh,sum
DOUBLE_BANK,shoulder,shoulder,region,northeast_pier,people_radiant_gain_kwh,1,600.0863785169909,600.0863785169909,600.0863785169909,kWh,sum
DOUBLE_BANK,shoulder,shoulder,region,northeast_pier,people_sensible_gain_kwh,1,2000.2879283899695,2000.2879283899695,2000.2879283899695,kWh,sum
DOUBLE_BANK,shoulder,shoulder,region,northeast_pier,relative_humidity_maximum_percent,1,46.3452651700427,46.3452651700427,46.3452651700427,%,maximum
DOUBLE_BANK,shoulder,shoulder,region,northeast_pier,relative_humidity_mean_percent,1,35.8856295476249,35.8856295476249,35.8856295476249,%,area_weighted_mean
DOUBLE_BANK,shoulder,shoulder,region,northeast_pier,relative_humidity_minimum_percent,1,22.67657700404291,22.67657700404291,22.67657700404291,%,minimum
DOUBLE_BANK,shoulder,shoulder,region,northeast_pier,sensible_cooling_kwh,1,7321.630791383021,7321.630791383021,7321.630791383021,kWh,sum
DOUBLE_BANK,shoulder,shoulder,region,northeast_pier,sensible_heating_kwh,1,547.637229920376,547.637229920376,547.637229920376,kWh,sum
DOUBLE_BANK,shoulder,shoulder,region,northwest_pier,air_temperature_maximum_c,1,26.000181743378132,26.000181743378132,26.000181743378132,C,maximum
DOUBLE_BANK,shoulder,shoulder,region,northwest_pier,air_temperature_mean_c,1,21.065958598208663,21.065958598208663,21.065958598208663,C,area_weighted_mean
DOUBLE_BANK,shoulder,shoulder,region,northwest_pier,air_temperature_minimum_c,1,19.991766479819272,19.991766479819272,19.991766479819272,C,minimum
DOUBLE_BANK,shoulder,shoulder,region,northwest_pier,maximum_zone_people_latent_gain_interval_peak_kw,1,18.636046739982326,18.636046739982326,18.636046739982326,kW,maximum
DOUBLE_BANK,shoulder,shoulder,region,northwest_pier,maximum_zone_people_radiant_gain_interval_peak_kw,1,8.883212599851067,8.883212599851067,8.883212599851067,kW,maximum
DOUBLE_BANK,shoulder,shoulder,region,northwest_pier,maximum_zone_people_sensible_gain_interval_peak_kw,1,29.610708666170225,29.610708666170225,29.610708666170225,kW,maximum
DOUBLE_BANK,shoulder,shoulder,region,northwest_pier,maximum_zone_sensible_cooling_interval_peak_kw,1,42.17969688428624,42.17969688428624,42.17969688428624,kW,maximum
DOUBLE_BANK,shoulder,shoulder,region,northwest_pier,maximum_zone_sensible_heating_interval_peak_kw,1,11.212171757258488,11.212171757258488,11.212171757258488,kW,maximum
DOUBLE_BANK,shoulder,shoulder,region,northwest_pier,outdoor_air_maximum_m3_s,1,3.168699508982121,3.168699508982121,3.168699508982121,m3/s,maximum
DOUBLE_BANK,shoulder,shoulder,region,northwest_pier,outdoor_air_mean_m3_s,1,39.174282220532916,39.174282220532916,39.174282220532916,m3/s,sum
DOUBLE_BANK,shoulder,shoulder,region,northwest_pier,outdoor_air_minimum_m3_s,1,0.03330896790153884,0.03330896790153884,0.03330896790153884,m3/s,minimum
DOUBLE_BANK,shoulder,shoulder,region,northwest_pier,people_latent_gain_kwh,1,1012.9961104769443,1012.9961104769443,1012.9961104769443,kWh,sum
DOUBLE_BANK,shoulder,shoulder,region,northwest_pier,people_radiant_gain_kwh,1,547.6783683896001,547.6783683896001,547.6783683896001,kWh,sum
DOUBLE_BANK,shoulder,shoulder,region,northwest_pier,people_sensible_gain_kwh,1,1825.5945612986673,1825.5945612986673,1825.5945612986673,kWh,sum
DOUBLE_BANK,shoulder,shoulder,region,northwest_pier,relative_humidity_maximum_percent,1,55.38702232325292,55.38702232325292,55.38702232325292,%,maximum
DOUBLE_BANK,shoulder,shoulder,region,northwest_pier,relative_humidity_mean_percent,1,35.79154652695665,35.79154652695665,35.79154652695665,%,area_weighted_mean
DOUBLE_BANK,shoulder,shoulder,region,northwest_pier,relative_humidity_minimum_percent,1,22.670907159697283,22.670907159697283,22.670907159697283,%,minimum
DOUBLE_BANK,shoulder,shoulder,region,northwest_pier,sensible_cooling_kwh,1,6961.908823460801,6961.908823460801,6961.908823460801,kWh,sum
DOUBLE_BANK,shoulder,shoulder,region,northwest_pier,sensible_heating_kwh,1,543.0799152326306,543.0799152326306,543.0799152326306,kWh,sum
DOUBLE_BANK,shoulder,shoulder,region,south_central_pier,air_temperature_maximum_c,1,26.0001522110446,26.0001522110446,26.0001522110446,C,maximum
DOUBLE_BANK,shoulder,shoulder,region,south_central_pier,air_temperature_mean_c,1,20.65780117791948,20.65780117791948,20.65780117791948,C,area_weighted_mean
DOUBLE_BANK,shoulder,shoulder,region,south_central_pier,air_temperature_minimum_c,1,19.99507542004398,19.99507542004398,19.99507542004398,C,minimum
DOUBLE_BANK,shoulder,shoulder,region,south_central_pier,maximum_zone_people_latent_gain_interval_peak_kw,1,4.394729179521202,4.394729179521202,4.394729179521202,kW,maximum
DOUBLE_BANK,shoulder,shoulder,region,south_central_pier,maximum_zone_people_radiant_gain_interval_peak_kw,1,1.7698983823867729,1.7698983823867729,1.7698983823867729,kW,maximum
DOUBLE_BANK,shoulder,shoulder,region,south_central_pier,maximum_zone_people_sensible_gain_interval_peak_kw,1,5.899661274622576,5.899661274622576,5.899661274622576,kW,maximum
DOUBLE_BANK,shoulder,shoulder,region,south_central_pier,maximum_zone_sensible_cooling_interval_peak_kw,1,61.96917979144896,61.96917979144896,61.96917979144896,kW,maximum
DOUBLE_BANK,shoulder,shoulder,region,south_central_pier,maximum_zone_sensible_heating_interval_peak_kw,1,22.152927159131128,22.152927159131128,22.152927159131128,kW,maximum
DOUBLE_BANK,shoulder,shoulder,region,south_central_pier,outdoor_air_maximum_m3_s,1,5.513345414562779,5.513345414562779,5.513345414562779,m3/s,maximum
DOUBLE_BANK,shoulder,shoulder,region,south_central_pier,outdoor_air_mean_m3_s,1,28.818913665667754,28.818913665667754,28.818913665667754,m3/s,sum
DOUBLE_BANK,shoulder,shoulder,region,south_central_pier,outdoor_air_minimum_m3_s,1,0.10477618508527436,0.10477618508527436,0.10477618508527436,m3/s,minimum
DOUBLE_BANK,shoulder,shoulder,region,south_central_pier,people_latent_gain_kwh,1,154.32042930283,154.32042930283,154.32042930283,kWh,sum
DOUBLE_BANK,shoulder,shoulder,region,south_central_pier,people_radiant_gain_kwh,1,68.72543638988041,68.72543638988041,68.72543638988041,kWh,sum
DOUBLE_BANK,shoulder,shoulder,region,south_central_pier,people_sensible_gain_kwh,1,229.08478796626807,229.08478796626807,229.08478796626807,kWh,sum
DOUBLE_BANK,shoulder,shoulder,region,south_central_pier,relative_humidity_maximum_percent,1,46.418733385323044,46.418733385323044,46.418733385323044,%,maximum
DOUBLE_BANK,shoulder,shoulder,region,south_central_pier,relative_humidity_mean_percent,1,35.12925358669897,35.12925358669897,35.12925358669897,%,area_weighted_mean
DOUBLE_BANK,shoulder,shoulder,region,south_central_pier,relative_humidity_minimum_percent,1,23.49420812925439,23.49420812925439,23.49420812925439,%,minimum
DOUBLE_BANK,shoulder,shoulder,region,south_central_pier,sensible_cooling_kwh,1,4526.139507499589,4526.139507499589,4526.139507499589,kWh,sum
DOUBLE_BANK,shoulder,shoulder,region,south_central_pier,sensible_heating_kwh,1,659.8796102893522,659.8796102893522,659.8796102893522,kWh,sum
DOUBLE_BANK,shoulder,shoulder,region,southeast_pier,air_temperature_maximum_c,1,26.004050675998407,26.004050675998407,26.004050675998407,C,maximum
DOUBLE_BANK,shoulder,shoulder,region,southeast_pier,air_temperature_mean_c,1,21.23363674123391,21.23363674123391,21.23363674123391,C,area_weighted_mean
DOUBLE_BANK,shoulder,shoulder,region,southeast_pier,air_temperature_minimum_c,1,19.97157265227402,19.97157265227402,19.97157265227402,C,minimum
DOUBLE_BANK,shoulder,shoulder,region,southeast_pier,maximum_zone_people_latent_gain_interval_peak_kw,1,29.435988809663968,29.435988809663968,29.435988809663968,kW,maximum
DOUBLE_BANK,shoulder,shoulder,region,southeast_pier,maximum_zone_people_radiant_gain_interval_peak_kw,1,16.83606996042764,16.83606996042764,16.83606996042764,kW,maximum
DOUBLE_BANK,shoulder,shoulder,region,southeast_pier,maximum_zone_people_sensible_gain_interval_peak_kw,1,56.120233201425464,56.120233201425464,56.120233201425464,kW,maximum
DOUBLE_BANK,shoulder,shoulder,region,southeast_pier,maximum_zone_sensible_cooling_interval_peak_kw,1,64.10369715405733,64.10369715405733,64.10369715405733,kW,maximum
DOUBLE_BANK,shoulder,shoulder,region,southeast_pier,maximum_zone_sensible_heating_interval_peak_kw,1,6.6325114744749145,6.6325114744749145,6.6325114744749145,kW,maximum
DOUBLE_BANK,shoulder,shoulder,region,southeast_pier,outdoor_air_maximum_m3_s,1,4.729833176620761,4.729833176620761,4.729833176620761,m3/s,maximum
DOUBLE_BANK,shoulder,shoulder,region,southeast_pier,outdoor_air_mean_m3_s,1,69.62966285811784,69.62966285811784,69.62966285811784,m3/s,sum
DOUBLE_BANK,shoulder,shoulder,region,southeast_pier,outdoor_air_minimum_m3_s,1,0.03689236111111095,0.03689236111111095,0.03689236111111095,m3/s,minimum
DOUBLE_BANK,shoulder,shoulder,region,southeast_pier,people_latent_gain_kwh,1,1593.0125058783583,1593.0125058783583,1593.0125058783583,kWh,sum
DOUBLE_BANK,shoulder,shoulder,region,southeast_pier,people_radiant_gain_kwh,1,876.4114571157805,876.4114571157805,876.4114571157805,kWh,sum
DOUBLE_BANK,shoulder,shoulder,region,southeast_pier,people_sensible_gain_kwh,1,2921.3715237192687,2921.3715237192687,2921.3715237192687,kWh,sum
DOUBLE_BANK,shoulder,shoulder,region,southeast_pier,relative_humidity_maximum_percent,1,48.17792362339223,48.17792362339223,48.17792362339223,%,maximum
DOUBLE_BANK,shoulder,shoulder,region,southeast_pier,relative_humidity_mean_percent,1,35.72675148583481,35.72675148583481,35.72675148583481,%,area_weighted_mean
DOUBLE_BANK,shoulder,shoulder,region,southeast_pier,relative_humidity_minimum_percent,1,22.374315253974217,22.374315253974217,22.374315253974217,%,minimum
DOUBLE_BANK,shoulder,shoulder,region,southeast_pier,sensible_cooling_kwh,1,14239.35414721084,14239.35414721084,14239.35414721084,kWh,sum
DOUBLE_BANK,shoulder,shoulder,region,southeast_pier,sensible_heating_kwh,1,311.36870106814223,311.36870106814223,311.36870106814223,kWh,sum
DOUBLE_BANK,shoulder,shoulder,region,southwest_pier,air_temperature_maximum_c,1,26.000145458232893,26.000145458232893,26.000145458232893,C,maximum
DOUBLE_BANK,shoulder,shoulder,region,southwest_pier,air_temperature_mean_c,1,21.263547630297325,21.263547630297325,21.263547630297325,C,area_weighted_mean
DOUBLE_BANK,shoulder,shoulder,region,southwest_pier,air_temperature_minimum_c,1,19.991721193607265,19.991721193607265,19.991721193607265,C,minimum
DOUBLE_BANK,shoulder,shoulder,region,southwest_pier,maximum_zone_people_latent_gain_interval_peak_kw,1,23.89239286998311,23.89239286998311,23.89239286998311,kW,maximum
DOUBLE_BANK,shoulder,shoulder,region,southwest_pier,maximum_zone_people_radiant_gain_interval_peak_kw,1,11.467506183107059,11.467506183107059,11.467506183107059,kW,maximum
DOUBLE_BANK,shoulder,shoulder,region,southwest_pier,maximum_zone_people_sensible_gain_interval_peak_kw,1,38.22502061035686,38.22502061035686,38.22502061035686,kW,maximum
DOUBLE_BANK,shoulder,shoulder,region,southwest_pier,maximum_zone_sensible_cooling_interval_peak_kw,1,56.967457534195994,56.967457534195994,56.967457534195994,kW,maximum
DOUBLE_BANK,shoulder,shoulder,region,southwest_pier,maximum_zone_sensible_heating_interval_peak_kw,1,8.163271831326151,8.163271831326151,8.163271831326151,kW,maximum
DOUBLE_BANK,shoulder,shoulder,region,southwest_pier,outdoor_air_maximum_m3_s,1,4.283178352112844,4.283178352112844,4.283178352112844,m3/s,maximum
DOUBLE_BANK,shoulder,shoulder,region,southwest_pier,outdoor_air_mean_m3_s,1,44.61192526532684,44.61192526532684,44.61192526532684,m3/s,sum
DOUBLE_BANK,shoulder,shoulder,region,southwest_pier,outdoor_air_minimum_m3_s,1,0.04365308726947315,0.04365308726947315,0.04365308726947315,m3/s,minimum
DOUBLE_BANK,shoulder,shoulder,region,southwest_pier,people_latent_gain_kwh,1,1620.504957666765,1620.504957666765,1620.504957666765,kWh,sum
DOUBLE_BANK,shoulder,shoulder,region,southwest_pier,people_radiant_gain_kwh,1,883.2519213177944,883.2519213177944,883.2519213177944,kWh,sum
DOUBLE_BANK,shoulder,shoulder,region,southwest_pier,people_sensible_gain_kwh,1,2944.173071059315,2944.173071059315,2944.173071059315,kWh,sum
DOUBLE_BANK,shoulder,shoulder,region,southwest_pier,relative_humidity_maximum_percent,1,48.86102429124959,48.86102429124959,48.86102429124959,%,maximum
DOUBLE_BANK,shoulder,shoulder,region,southwest_pier,relative_humidity_mean_percent,1,36.031241686991386,36.031241686991386,36.031241686991386,%,area_weighted_mean
DOUBLE_BANK,shoulder,shoulder,region,southwest_pier,relative_humidity_minimum_percent,1,22.423338554076985,22.423338554076985,22.423338554076985,%,minimum
DOUBLE_BANK,shoulder,shoulder,region,southwest_pier,sensible_cooling_kwh,1,8563.094045963371,8563.094045963371,8563.094045963371,kWh,sum
DOUBLE_BANK,shoulder,shoulder,region,southwest_pier,sensible_heating_kwh,1,368.0030941374365,368.0030941374365,368.0030941374365,kWh,sum
EVENING_BANK,shoulder,shoulder,function,arrival_exit,air_temperature_maximum_c,1,23.179962030122578,23.179962030122578,23.179962030122578,C,maximum
EVENING_BANK,shoulder,shoulder,function,arrival_exit,air_temperature_mean_c,1,20.998742810771503,20.998742810771503,20.998742810771503,C,area_weighted_mean
EVENING_BANK,shoulder,shoulder,function,arrival_exit,air_temperature_minimum_c,1,19.99422955409339,19.99422955409339,19.99422955409339,C,minimum
EVENING_BANK,shoulder,shoulder,function,arrival_exit,maximum_zone_people_latent_gain_interval_peak_kw,1,3.0156090253889034,3.0156090253889034,3.0156090253889034,kW,maximum
EVENING_BANK,shoulder,shoulder,function,arrival_exit,maximum_zone_people_radiant_gain_interval_peak_kw,1,1.418846689292424,1.418846689292424,1.418846689292424,kW,maximum
EVENING_BANK,shoulder,shoulder,function,arrival_exit,maximum_zone_people_sensible_gain_interval_peak_kw,1,4.72948896430808,4.72948896430808,4.72948896430808,kW,maximum
EVENING_BANK,shoulder,shoulder,function,arrival_exit,maximum_zone_sensible_cooling_interval_peak_kw,1,69.29366483047384,69.29366483047384,69.29366483047384,kW,maximum
EVENING_BANK,shoulder,shoulder,function,arrival_exit,maximum_zone_sensible_heating_interval_peak_kw,1,6.195794320608722,6.195794320608722,6.195794320608722,kW,maximum
EVENING_BANK,shoulder,shoulder,function,arrival_exit,outdoor_air_maximum_m3_s,1,5.596898996730772,5.596898996730772,5.596898996730772,m3/s,maximum
EVENING_BANK,shoulder,shoulder,function,arrival_exit,outdoor_air_mean_m3_s,1,19.48634338209907,19.48634338209907,19.48634338209907,m3/s,sum
EVENING_BANK,shoulder,shoulder,function,arrival_exit,outdoor_air_minimum_m3_s,1,0.6638764007603768,0.6638764007603768,0.6638764007603768,m3/s,minimum
EVENING_BANK,shoulder,shoulder,function,arrival_exit,people_latent_gain_kwh,1,34.554575340907974,34.554575340907974,34.554575340907974,kWh,sum
EVENING_BANK,shoulder,shoulder,function,arrival_exit,people_radiant_gain_kwh,1,17.83395470927959,17.83395470927959,17.83395470927959,kWh,sum
EVENING_BANK,shoulder,shoulder,function,arrival_exit,people_sensible_gain_kwh,1,59.446515697598635,59.446515697598635,59.446515697598635,kWh,sum
EVENING_BANK,shoulder,shoulder,function,arrival_exit,relative_humidity_maximum_percent,1,42.59211091277707,42.59211091277707,42.59211091277707,%,maximum
EVENING_BANK,shoulder,shoulder,function,arrival_exit,relative_humidity_mean_percent,1,34.57099998295612,34.57099998295612,34.57099998295612,%,area_weighted_mean
EVENING_BANK,shoulder,shoulder,function,arrival_exit,relative_humidity_minimum_percent,1,26.620740603049736,26.620740603049736,26.620740603049736,%,minimum
EVENING_BANK,shoulder,shoulder,function,arrival_exit,sensible_cooling_kwh,1,3674.32905547536,3674.32905547536,3674.32905547536,kWh,sum
EVENING_BANK,shoulder,shoulder,function,arrival_exit,sensible_heating_kwh,1,64.46075267006061,64.46075267006061,64.46075267006061,kWh,sum
EVENING_BANK,shoulder,shoulder,function,baggage_claim,air_temperature_maximum_c,1,24.397314090125064,24.397314090125064,24.397314090125064,C,maximum
EVENING_BANK,shoulder,shoulder,function,baggage_claim,air_temperature_mean_c,1,21.059275000443673,21.059275000443673,21.059275000443673,C,area_weighted_mean
EVENING_BANK,shoulder,shoulder,function,baggage_claim,air_temperature_minimum_c,1,19.99515720684172,19.99515720684172,19.99515720684172,C,minimum
EVENING_BANK,shoulder,shoulder,function,baggage_claim,maximum_zone_people_latent_gain_interval_peak_kw,1,75.25459071726337,75.25459071726337,75.25459071726337,kW,maximum
EVENING_BANK,shoulder,shoulder,function,baggage_claim,maximum_zone_people_radiant_gain_interval_peak_kw,1,31.291563312423634,31.291563312423634,31.291563312423634,kW,maximum
EVENING_BANK,shoulder,shoulder,function,baggage_claim,maximum_zone_people_sensible_gain_interval_peak_kw,1,104.30521104141211,104.30521104141211,104.30521104141211,kW,maximum
EVENING_BANK,shoulder,shoulder,function,baggage_claim,maximum_zone_sensible_cooling_interval_peak_kw,1,192.21228373221894,192.21228373221894,192.21228373221894,kW,maximum
EVENING_BANK,shoulder,shoulder,function,baggage_claim,maximum_zone_sensible_heating_interval_peak_kw,1,4.89445399794873,4.89445399794873,4.89445399794873,kW,maximum
EVENING_BANK,shoulder,shoulder,function,baggage_claim,outdoor_air_maximum_m3_s,1,14.11211553011662,14.11211553011662,14.11211553011662,m3/s,maximum
EVENING_BANK,shoulder,shoulder,function,baggage_claim,outdoor_air_mean_m3_s,1,36.705561955201574,36.705561955201574,36.705561955201574,m3/s,sum
EVENING_BANK,shoulder,shoulder,function,baggage_claim,outdoor_air_minimum_m3_s,1,4.063201368269693,4.063201368269693,4.063201368269693,m3/s,minimum
EVENING_BANK,shoulder,shoulder,function,baggage_claim,people_latent_gain_kwh,1,746.7436452517754,746.7436452517754,746.7436452517754,kWh,sum
EVENING_BANK,shoulder,shoulder,function,baggage_claim,people_radiant_gain_kwh,1,339.98345416941487,339.98345416941487,339.98345416941487,kWh,sum
EVENING_BANK,shoulder,shoulder,function,baggage_claim,people_sensible_gain_kwh,1,1133.2781805647162,1133.2781805647162,1133.2781805647162,kWh,sum
EVENING_BANK,shoulder,shoulder,function,baggage_claim,relative_humidity_maximum_percent,1,42.1526073813055,42.1526073813055,42.1526073813055,%,maximum
EVENING_BANK,shoulder,shoulder,function,baggage_claim,relative_humidity_mean_percent,1,35.22800524053797,35.22800524053797,35.22800524053797,%,area_weighted_mean
EVENING_BANK,shoulder,shoulder,function,baggage_claim,relative_humidity_minimum_percent,1,27.514619240981396,27.514619240981396,27.514619240981396,%,minimum
EVENING_BANK,shoulder,shoulder,function,baggage_claim,sensible_cooling_kwh,1,7165.11650826406,7165.11650826406,7165.11650826406,kWh,sum
EVENING_BANK,shoulder,shoulder,function,baggage_claim,sensible_heating_kwh,1,11.48851427462481,11.48851427462481,11.48851427462481,kWh,sum
EVENING_BANK,shoulder,shoulder,function,central_hall,air_temperature_maximum_c,1,23.4106588071148,23.4106588071148,23.4106588071148,C,maximum
EVENING_BANK,shoulder,shoulder,function,central_hall,air_temperature_mean_c,1,20.61360824435818,20.61360824435818,20.61360824435818,C,area_weighted_mean
EVENING_BANK,shoulder,shoulder,function,central_hall,air_temperature_minimum_c,1,19.99590211804234,19.99590211804234,19.99590211804234,C,minimum
EVENING_BANK,shoulder,shoulder,function,central_hall,maximum_zone_people_latent_gain_interval_peak_kw,1,9.35027516300231,9.35027516300231,9.35027516300231,kW,maximum
EVENING_BANK,shoulder,shoulder,function,central_hall,maximum_zone_people_radiant_gain_interval_peak_kw,1,4.699546813344149,4.699546813344149,4.699546813344149,kW,maximum
EVENING_BANK,shoulder,shoulder,function,central_hall,maximum_zone_people_sensible_gain_interval_peak_kw,1,15.665156044480499,15.665156044480499,15.665156044480499,kW,maximum
EVENING_BANK,shoulder,shoulder,function,central_hall,maximum_zone_sensible_cooling_interval_peak_kw,1,96.59856197799031,96.59856197799031,96.59856197799031,kW,maximum
EVENING_BANK,shoulder,shoulder,function,central_hall,maximum_zone_sensible_heating_interval_peak_kw,1,29.626803726002894,29.626803726002894,29.626803726002894,kW,maximum
EVENING_BANK,shoulder,shoulder,function,central_hall,outdoor_air_maximum_m3_s,1,8.478128855878658,8.478128855878658,8.478128855878658,m3/s,maximum
EVENING_BANK,shoulder,shoulder,function,central_hall,outdoor_air_mean_m3_s,1,59.816895775562365,59.816895775562365,59.816895775562365,m3/s,sum
EVENING_BANK,shoulder,shoulder,function,central_hall,outdoor_air_minimum_m3_s,1,0.9496888855134555,0.9496888855134555,0.9496888855134555,m3/s,minimum
EVENING_BANK,shoulder,shoulder,function,central_hall,people_latent_gain_kwh,1,473.01103461260703,473.01103461260703,473.01103461260703,kWh,sum
EVENING_BANK,shoulder,shoulder,function,central_hall,people_radiant_gain_kwh,1,263.47647594295404,263.47647594295404,263.47647594295404,kWh,sum
EVENING_BANK,shoulder,shoulder,function,central_hall,people_sensible_gain_kwh,1,878.2549198098468,878.2549198098468,878.2549198098468,kWh,sum
EVENING_BANK,shoulder,shoulder,function,central_hall,relative_humidity_maximum_percent,1,43.04137250573898,43.04137250573898,43.04137250573898,%,maximum
EVENING_BANK,shoulder,shoulder,function,central_hall,relative_humidity_mean_percent,1,35.6073174234456,35.6073174234456,35.6073174234456,%,area_weighted_mean
EVENING_BANK,shoulder,shoulder,function,central_hall,relative_humidity_minimum_percent,1,28.510450095539543,28.510450095539543,28.510450095539543,%,minimum
EVENING_BANK,shoulder,shoulder,function,central_hall,sensible_cooling_kwh,1,9234.098422742147,9234.098422742147,9234.098422742147,kWh,sum
EVENING_BANK,shoulder,shoulder,function,central_hall,sensible_heating_kwh,1,624.0125479950609,624.0125479950609,624.0125479950609,kWh,sum
EVENING_BANK,shoulder,shoulder,function,concourse,air_temperature_maximum_c,1,23.308074467856116,23.308074467856116,23.308074467856116,C,maximum
EVENING_BANK,shoulder,shoulder,function,concourse,air_temperature_mean_c,1,20.513464071968507,20.513464071968507,20.513464071968507,C,area_weighted_mean
EVENING_BANK,shoulder,shoulder,function,concourse,air_temperature_minimum_c,1,19.994989087662628,19.994989087662628,19.994989087662628,C,minimum
EVENING_BANK,shoulder,shoulder,function,concourse,maximum_zone_people_latent_gain_interval_peak_kw,1,6.1641324444958085,6.1641324444958085,6.1641324444958085,kW,maximum
EVENING_BANK,shoulder,shoulder,function,concourse,maximum_zone_people_radiant_gain_interval_peak_kw,1,3.1032492138906638,3.1032492138906638,3.1032492138906638,kW,maximum
EVENING_BANK,shoulder,shoulder,function,concourse,maximum_zone_people_sensible_gain_interval_peak_kw,1,10.344164046302213,10.344164046302213,10.344164046302213,kW,maximum
EVENING_BANK,shoulder,shoulder,function,concourse,maximum_zone_sensible_cooling_interval_peak_kw,1,36.73382893904898,36.73382893904898,36.73382893904898,kW,maximum
EVENING_BANK,shoulder,shoulder,function,concourse,maximum_zone_sensible_heating_interval_peak_kw,1,18.1899596988852,18.1899596988852,18.1899596988852,kW,maximum
EVENING_BANK,shoulder,shoulder,function,concourse,outdoor_air_maximum_m3_s,1,3.3586655639983363,3.3586655639983363,3.3586655639983363,m3/s,maximum
EVENING_BANK,shoulder,shoulder,function,concourse,outdoor_air_mean_m3_s,1,23.593733389457437,23.593733389457437,23.593733389457437,m3/s,sum
EVENING_BANK,shoulder,shoulder,function,concourse,outdoor_air_minimum_m3_s,1,0.4356496070125173,0.4356496070125173,0.4356496070125173,m3/s,minimum
EVENING_BANK,shoulder,shoulder,function,concourse,people_latent_gain_kwh,1,182.23656796316624,182.23656796316624,182.23656796316624,kWh,sum
EVENING_BANK,shoulder,shoulder,function,concourse,people_radiant_gain_kwh,1,106.42344174939696,106.42344174939696,106.42344174939696,kWh,sum
EVENING_BANK,shoulder,shoulder,function,concourse,people_sensible_gain_kwh,1,354.7448058313232,354.7448058313232,354.7448058313232,kWh,sum
EVENING_BANK,shoulder,shoulder,function,concourse,relative_humidity_maximum_percent,1,42.72684023749305,42.72684023749305,42.72684023749305,%,maximum
EVENING_BANK,shoulder,shoulder,function,concourse,relative_humidity_mean_percent,1,36.14124697192722,36.14124697192722,36.14124697192722,%,area_weighted_mean
EVENING_BANK,shoulder,shoulder,function,concourse,relative_humidity_minimum_percent,1,28.509961413041857,28.509961413041857,28.509961413041857,%,minimum
EVENING_BANK,shoulder,shoulder,function,concourse,sensible_cooling_kwh,1,3422.5017875988774,3422.5017875988774,3422.5017875988774,kWh,sum
EVENING_BANK,shoulder,shoulder,function,concourse,sensible_heating_kwh,1,433.9473614112885,433.9473614112885,433.9473614112885,kWh,sum
EVENING_BANK,shoulder,shoulder,function,departure_entry,air_temperature_maximum_c,1,23.55040066901153,23.55040066901153,23.55040066901153,C,maximum
EVENING_BANK,shoulder,shoulder,function,departure_entry,air_temperature_mean_c,1,20.674984440940406,20.674984440940406,20.674984440940406,C,area_weighted_mean
EVENING_BANK,shoulder,shoulder,function,departure_entry,air_temperature_minimum_c,1,19.996100564223422,19.996100564223422,19.996100564223422,C,minimum
EVENING_BANK,shoulder,shoulder,function,departure_entry,maximum_zone_people_latent_gain_interval_peak_kw,1,37.395176553283505,37.395176553283505,37.395176553283505,kW,maximum
EVENING_BANK,shoulder,shoulder,function,departure_entry,maximum_zone_people_radiant_gain_interval_peak_kw,1,16.840394800880933,16.840394800880933,16.840394800880933,kW,maximum
EVENING_BANK,shoulder,shoulder,function,departure_entry,maximum_zone_people_sensible_gain_interval_peak_kw,1,56.13464933626979,56.13464933626979,56.13464933626979,kW,maximum
EVENING_BANK,shoulder,shoulder,function,departure_entry,maximum_zone_sensible_cooling_interval_peak_kw,1,61.73066016741622,61.73066016741622,61.73066016741622,kW,maximum
EVENING_BANK,shoulder,shoulder,function,departure_entry,maximum_zone_sensible_heating_interval_peak_kw,1,12.878042085883529,12.878042085883529,12.878042085883529,kW,maximum
EVENING_BANK,shoulder,shoulder,function,departure_entry,outdoor_air_maximum_m3_s,1,4.796268118135869,4.796268118135869,4.796268118135869,m3/s,maximum
EVENING_BANK,shoulder,shoulder,function,departure_entry,outdoor_air_mean_m3_s,1,8.549289687381215,8.549289687381215,8.549289687381215,m3/s,sum
EVENING_BANK,shoulder,shoulder,function,departure_entry,outdoor_air_minimum_m3_s,1,2.9625516552720317,2.9625516552720317,2.9625516552720317,m3/s,minimum
EVENING_BANK,shoulder,shoulder,function,departure_entry,people_latent_gain_kwh,1,261.000134047653,261.000134047653,261.000134047653,kWh,sum
EVENING_BANK,shoulder,shoulder,function,departure_entry,people_radiant_gain_kwh,1,133.20237597965678,133.20237597965678,133.20237597965678,kWh,sum
EVENING_BANK,shoulder,shoulder,function,departure_entry,people_sensible_gain_kwh,1,444.0079199321892,444.0079199321892,444.0079199321892,kWh,sum
EVENING_BANK,shoulder,shoulder,function,departure_entry,relative_humidity_maximum_percent,1,42.73641247019853,42.73641247019853,42.73641247019853,%,maximum
EVENING_BANK,shoulder,shoulder,function,departure_entry,relative_humidity_mean_percent,1,36.34384937280639,36.34384937280639,36.34384937280639,%,area_weighted_mean
EVENING_BANK,shoulder,shoulder,function,departure_entry,relative_humidity_minimum_percent,1,29.188933079044304,29.188933079044304,29.188933079044304,%,minimum
EVENING_BANK,shoulder,shoulder,function,departure_entry,sensible_cooling_kwh,1,1273.5589165789888,1273.5589165789888,1273.5589165789888,kWh,sum
EVENING_BANK,shoulder,shoulder,function,departure_entry,sensible_heating_kwh,1,67.23768294224126,67.23768294224126,67.23768294224126,kWh,sum
EVENING_BANK,shoulder,shoulder,function,domestic_waiting,air_temperature_maximum_c,1,24.995716456573803,24.995716456573803,24.995716456573803,C,maximum
EVENING_BANK,shoulder,shoulder,function,domestic_waiting,air_temperature_mean_c,1,20.838821659950934,20.838821659950934,20.838821659950934,C,area_weighted_mean
EVENING_BANK,shoulder,shoulder,function,domestic_waiting,air_temperature_minimum_c,1,19.99302713335636,19.99302713335636,19.99302713335636,C,minimum
EVENING_BANK,shoulder,shoulder,function,domestic_waiting,maximum_zone_people_latent_gain_interval_peak_kw,1,55.43541242611829,55.43541242611829,55.43541242611829,kW,maximum
EVENING_BANK,shoulder,shoulder,function,domestic_waiting,maximum_zone_people_radiant_gain_interval_peak_kw,1,22.511287065809572,22.511287065809572,22.511287065809572,kW,maximum
EVENING_BANK,shoulder,shoulder,function,domestic_waiting,maximum_zone_people_sensible_gain_interval_peak_kw,1,75.03762355269858,75.03762355269858,75.03762355269858,kW,maximum
EVENING_BANK,shoulder,shoulder,function,domestic_waiting,maximum_zone_sensible_cooling_interval_peak_kw,1,81.28528348156499,81.28528348156499,81.28528348156499,kW,maximum
EVENING_BANK,shoulder,shoulder,function,domestic_waiting,maximum_zone_sensible_heating_interval_peak_kw,1,7.519060918403294,7.519060918403294,7.519060918403294,kW,maximum
EVENING_BANK,shoulder,shoulder,function,domestic_waiting,outdoor_air_maximum_m3_s,1,5.689097325255643,5.689097325255643,5.689097325255643,m3/s,maximum
EVENING_BANK,shoulder,shoulder,function,domestic_waiting,outdoor_air_mean_m3_s,1,140.96187328061143,140.96187328061143,140.96187328061143,m3/s,sum
EVENING_BANK,shoulder,shoulder,function,domestic_waiting,outdoor_air_minimum_m3_s,1,0.3240734913616641,0.3240734913616641,0.3240734913616641,m3/s,minimum
EVENING_BANK,shoulder,shoulder,function,domestic_waiting,people_latent_gain_kwh,1,5142.492887416805,5142.492887416805,5142.492887416805,kWh,sum
EVENING_BANK,shoulder,shoulder,function,domestic_waiting,people_radiant_gain_kwh,1,2384.784071238583,2384.784071238583,2384.784071238583,kWh,sum
EVENING_BANK,shoulder,shoulder,function,domestic_waiting,people_sensible_gain_kwh,1,7949.280237461943,7949.280237461943,7949.280237461943,kWh,sum
EVENING_BANK,shoulder,shoulder,function,domestic_waiting,relative_humidity_maximum_percent,1,46.04214114888765,46.04214114888765,46.04214114888765,%,maximum
EVENING_BANK,shoulder,shoulder,function,domestic_waiting,relative_humidity_mean_percent,1,36.65391624986466,36.65391624986466,36.65391624986466,%,area_weighted_mean
EVENING_BANK,shoulder,shoulder,function,domestic_waiting,relative_humidity_minimum_percent,1,27.583453702989594,27.583453702989594,27.583453702989594,%,minimum
EVENING_BANK,shoulder,shoulder,function,domestic_waiting,sensible_cooling_kwh,1,24508.117030477442,24508.117030477442,24508.117030477442,kWh,sum
EVENING_BANK,shoulder,shoulder,function,domestic_waiting,sensible_heating_kwh,1,446.9191145285942,446.9191145285942,446.9191145285942,kWh,sum
EVENING_BANK,shoulder,shoulder,function,general_commercial,air_temperature_maximum_c,1,25.000806858254172,25.000806858254172,25.000806858254172,C,maximum
EVENING_BANK,shoulder,shoulder,function,general_commercial,air_temperature_mean_c,1,22.411678097113615,22.411678097113615,22.411678097113615,C,area_weighted_mean
EVENING_BANK,shoulder,shoulder,function,general_commercial,air_temperature_minimum_c,1,19.976704144290267,19.976704144290267,19.976704144290267,C,minimum
EVENING_BANK,shoulder,shoulder,function,general_commercial,maximum_zone_people_latent_gain_interval_peak_kw,1,6.12027519365539,6.12027519365539,6.12027519365539,kW,maximum
EVENING_BANK,shoulder,shoulder,function,general_commercial,maximum_zone_people_radiant_gain_interval_peak_kw,1,2.3998540394533827,2.3998540394533827,2.3998540394533827,kW,maximum
EVENING_BANK,shoulder,shoulder,function,general_commercial,maximum_zone_people_sensible_gain_interval_peak_kw,1,7.999513464844609,7.999513464844609,7.999513464844609,kW,maximum
EVENING_BANK,shoulder,shoulder,function,general_commercial,maximum_zone_sensible_cooling_interval_peak_kw,1,91.94280382588946,91.94280382588946,91.94280382588946,kW,maximum
EVENING_BANK,shoulder,shoulder,function,general_commercial,maximum_zone_sensible_heating_interval_peak_kw,1,14.77799584819295,14.77799584819295,14.77799584819295,kW,maximum
EVENING_BANK,shoulder,shoulder,function,general_commercial,outdoor_air_maximum_m3_s,1,6.297025094686241,6.297025094686241,6.297025094686241,m3/s,maximum
EVENING_BANK,shoulder,shoulder,function,general_commercial,outdoor_air_mean_m3_s,1,60.59477417478098,60.59477417478098,60.59477417478098,m3/s,sum
EVENING_BANK,shoulder,shoulder,function,general_commercial,outdoor_air_minimum_m3_s,1,0.04519762363258265,0.04519762363258265,0.04519762363258265,m3/s,minimum
EVENING_BANK,shoulder,shoulder,function,general_commercial,people_latent_gain_kwh,1,52.4424262293927,52.4424262293927,52.4424262293927,kWh,sum
EVENING_BANK,shoulder,shoulder,function,general_commercial,people_radiant_gain_kwh,1,26.83212015634345,26.83212015634345,26.83212015634345,kWh,sum
EVENING_BANK,shoulder,shoulder,function,general_commercial,people_sensible_gain_kwh,1,89.44040052114484,89.44040052114484,89.44040052114484,kWh,sum
EVENING_BANK,shoulder,shoulder,function,general_commercial,relative_humidity_maximum_percent,1,42.48963254656749,42.48963254656749,42.48963254656749,%,maximum
EVENING_BANK,shoulder,shoulder,function,general_commercial,relative_humidity_mean_percent,1,31.588389196064703,31.588389196064703,31.588389196064703,%,area_weighted_mean
EVENING_BANK,shoulder,shoulder,function,general_commercial,relative_humidity_minimum_percent,1,22.374326378232382,22.374326378232382,22.374326378232382,%,minimum
EVENING_BANK,shoulder,shoulder,function,general_commercial,sensible_cooling_kwh,1,13703.470471486498,13703.470471486498,13703.470471486498,kWh,sum
EVENING_BANK,shoulder,shoulder,function,general_commercial,sensible_heating_kwh,1,536.0801955302929,536.0801955302929,536.0801955302929,kWh,sum
EVENING_BANK,shoulder,shoulder,function,information_room,air_temperature_maximum_c,1,25.001955927038093,25.001955927038093,25.001955927038093,C,maximum
EVENING_BANK,shoulder,shoulder,function,information_room,air_temperature_mean_c,1,25.000432771454516,25.000432771454516,25.000432771454516,C,area_weighted_mean
EVENING_BANK,shoulder,shoulder,function,information_room,air_temperature_minimum_c,1,25.00000719339413,25.00000719339413,25.00000719339413,C,minimum
EVENING_BANK,shoulder,shoulder,function,information_room,maximum_zone_sensible_cooling_interval_peak_kw,1,24.401404141709516,24.401404141709516,24.401404141709516,kW,maximum
EVENING_BANK,shoulder,shoulder,function,information_room,maximum_zone_sensible_heating_interval_peak_kw,1,0.0,0.0,0.0,kW,maximum
EVENING_BANK,shoulder,shoulder,function,information_room,relative_humidity_maximum_percent,1,27.78563711669282,27.78563711669282,27.78563711669282,%,maximum
EVENING_BANK,shoulder,shoulder,function,information_room,relative_humidity_mean_percent,1,26.79524086577307,26.79524086577307,26.79524086577307,%,area_weighted_mean
EVENING_BANK,shoulder,shoulder,function,information_room,relative_humidity_minimum_percent,1,25.92329286885424,25.92329286885424,25.92329286885424,%,minimum
EVENING_BANK,shoulder,shoulder,function,information_room,sensible_cooling_kwh,1,469.5986652626231,469.5986652626231,469.5986652626231,kWh,sum
EVENING_BANK,shoulder,shoulder,function,information_room,sensible_heating_kwh,1,0.0,0.0,0.0,kWh,sum
EVENING_BANK,shoulder,shoulder,function,international_arrival,air_temperature_maximum_c,1,22.270892693651774,22.270892693651774,22.270892693651774,C,maximum
EVENING_BANK,shoulder,shoulder,function,international_arrival,air_temperature_mean_c,1,20.52066331027843,20.52066331027843,20.52066331027843,C,area_weighted_mean
EVENING_BANK,shoulder,shoulder,function,international_arrival,air_temperature_minimum_c,1,19.994643830607675,19.994643830607675,19.994643830607675,C,minimum
EVENING_BANK,shoulder,shoulder,function,international_arrival,maximum_zone_people_latent_gain_interval_peak_kw,1,3.0572108118171757,3.0572108118171757,3.0572108118171757,kW,maximum
EVENING_BANK,shoulder,shoulder,function,international_arrival,maximum_zone_people_radiant_gain_interval_peak_kw,1,1.6692384105752824,1.6692384105752824,1.6692384105752824,kW,maximum
EVENING_BANK,shoulder,shoulder,function,international_arrival,maximum_zone_people_sensible_gain_interval_peak_kw,1,5.564128035250943,5.564128035250943,5.564128035250943,kW,maximum
EVENING_BANK,shoulder,shoulder,function,international_arrival,maximum_zone_sensible_cooling_interval_peak_kw,1,63.75748758581741,63.75748758581741,63.75748758581741,kW,maximum
EVENING_BANK,shoulder,shoulder,function,international_arrival,maximum_zone_sensible_heating_interval_peak_kw,1,22.05955104389513,22.05955104389513,22.05955104389513,kW,maximum
EVENING_BANK,shoulder,shoulder,function,international_arrival,outdoor_air_maximum_m3_s,1,5.648544221480913,5.648544221480913,5.648544221480913,m3/s,maximum
EVENING_BANK,shoulder,shoulder,function,international_arrival,outdoor_air_mean_m3_s,1,25.996845700169267,25.996845700169267,25.996845700169267,m3/s,sum
EVENING_BANK,shoulder,shoulder,function,international_arrival,outdoor_air_minimum_m3_s,1,0.12345898275720957,0.12345898275720957,0.12345898275720957,m3/s,minimum
EVENING_BANK,shoulder,shoulder,function,international_arrival,people_latent_gain_kwh,1,39.02878300485235,39.02878300485235,39.02878300485235,kWh,sum
EVENING_BANK,shoulder,shoulder,function,international_arrival,people_radiant_gain_kwh,1,23.54177701369883,23.54177701369883,23.54177701369883,kWh,sum
EVENING_BANK,shoulder,shoulder,function,international_arrival,people_sensible_gain_kwh,1,78.47259004566277,78.47259004566277,78.47259004566277,kWh,sum
EVENING_BANK,shoulder,shoulder,function,international_arrival,relative_humidity_maximum_percent,1,42.40674453313051,42.40674453313051,42.40674453313051,%,maximum
EVENING_BANK,shoulder,shoulder,function,international_arrival,relative_humidity_mean_percent,1,35.11364249787704,35.11364249787704,35.11364249787704,%,area_weighted_mean
EVENING_BANK,shoulder,shoulder,function,international_arrival,relative_humidity_minimum_percent,1,27.88983362350588,27.88983362350588,27.88983362350588,%,minimum
EVENING_BANK,shoulder,shoulder,function,international_arrival,sensible_cooling_kwh,1,4099.331153355922,4099.331153355922,4099.331153355922,kWh,sum
EVENING_BANK,shoulder,shoulder,function,international_arrival,sensible_heating_kwh,1,472.2331160083585,472.2331160083585,472.2331160083585,kWh,sum
EVENING_BANK,shoulder,shoulder,function,international_hall,air_temperature_maximum_c,1,23.177073695201848,23.177073695201848,23.177073695201848,C,maximum
EVENING_BANK,shoulder,shoulder,function,international_hall,air_temperature_mean_c,1,21.17670827051026,21.17670827051026,21.17670827051026,C,area_weighted_mean
EVENING_BANK,shoulder,shoulder,function,international_hall,air_temperature_minimum_c,1,19.99561397915682,19.99561397915682,19.99561397915682,C,minimum
EVENING_BANK,shoulder,shoulder,function,international_hall,maximum_zone_people_latent_gain_interval_peak_kw,1,6.934939053850299,6.934939053850299,6.934939053850299,kW,maximum
EVENING_BANK,shoulder,shoulder,function,international_hall,maximum_zone_people_radiant_gain_interval_peak_kw,1,3.2948608998408986,3.2948608998408986,3.2948608998408986,kW,maximum
EVENING_BANK,shoulder,shoulder,function,international_hall,maximum_zone_people_sensible_gain_interval_peak_kw,1,10.982869666136327,10.982869666136327,10.982869666136327,kW,maximum
EVENING_BANK,shoulder,shoulder,function,international_hall,maximum_zone_sensible_cooling_interval_peak_kw,1,363.26409639953,363.26409639953,363.26409639953,kW,maximum
EVENING_BANK,shoulder,shoulder,function,international_hall,maximum_zone_sensible_heating_interval_peak_kw,1,23.10863587967819,23.10863587967819,23.10863587967819,kW,maximum
EVENING_BANK,shoulder,shoulder,function,international_hall,outdoor_air_maximum_m3_s,1,29.315012804618327,29.315012804618327,29.315012804618327,m3/s,maximum
EVENING_BANK,shoulder,shoulder,function,international_hall,outdoor_air_mean_m3_s,1,52.486129795969205,52.486129795969205,52.486129795969205,m3/s,sum
EVENING_BANK,shoulder,shoulder,function,international_hall,outdoor_air_minimum_m3_s,1,18.690635137302323,18.690635137302323,18.690635137302323,m3/s,minimum
EVENING_BANK,shoulder,shoulder,function,international_hall,people_latent_gain_kwh,1,44.14093676669423,44.14093676669423,44.14093676669423,kWh,sum
EVENING_BANK,shoulder,shoulder,function,international_hall,people_radiant_gain_kwh,1,22.008130772669595,22.008130772669595,22.008130772669595,kWh,sum
EVENING_BANK,shoulder,shoulder,function,international_hall,people_sensible_gain_kwh,1,73.36043590889864,73.36043590889864,73.36043590889864,kWh,sum
EVENING_BANK,shoulder,shoulder,function,international_hall,relative_humidity_maximum_percent,1,40.566703113035274,40.566703113035274,40.566703113035274,%,maximum
EVENING_BANK,shoulder,shoulder,function,international_hall,relative_humidity_mean_percent,1,33.893410126887645,33.893410126887645,33.893410126887645,%,area_weighted_mean
EVENING_BANK,shoulder,shoulder,function,international_hall,relative_humidity_minimum_percent,1,26.145460186534194,26.145460186534194,26.145460186534194,%,minimum
EVENING_BANK,shoulder,shoulder,function,international_hall,sensible_cooling_kwh,1,10681.544057571886,10681.544057571886,10681.544057571886,kWh,sum
EVENING_BANK,shoulder,shoulder,function,international_hall,sensible_heating_kwh,1,43.486158326371665,43.486158326371665,43.486158326371665,kWh,sum
EVENING_BANK,shoulder,shoulder,function,office,air_temperature_maximum_c,1,26.004759710514634,26.004759710514634,26.004759710514634,C,maximum
EVENING_BANK,shoulder,shoulder,function,office,air_temperature_mean_c,1,22.774497981238657,22.774497981238657,22.774497981238657,C,area_weighted_mean
EVENING_BANK,shoulder,shoulder,function,office,air_temperature_minimum_c,1,19.998943987461363,19.998943987461363,19.998943987461363,C,minimum
EVENING_BANK,shoulder,shoulder,function,office,maximum_zone_people_latent_gain_interval_peak_kw,1,23.972554745236103,23.972554745236103,23.972554745236103,kW,maximum
EVENING_BANK,shoulder,shoulder,function,office,maximum_zone_people_radiant_gain_interval_peak_kw,1,9.642960941321132,9.642960941321132,9.642960941321132,kW,maximum
EVENING_BANK,shoulder,shoulder,function,office,maximum_zone_people_sensible_gain_interval_peak_kw,1,32.14320313773711,32.14320313773711,32.14320313773711,kW,maximum
EVENING_BANK,shoulder,shoulder,function,office,maximum_zone_sensible_cooling_interval_peak_kw,1,52.11473524091649,52.11473524091649,52.11473524091649,kW,maximum
EVENING_BANK,shoulder,shoulder,function,office,maximum_zone_sensible_heating_interval_peak_kw,1,15.374394184733493,15.374394184733493,15.374394184733493,kW,maximum
EVENING_BANK,shoulder,shoulder,function,office,outdoor_air_maximum_m3_s,1,1.7589377246984212,1.7589377246984212,1.7589377246984212,m3/s,maximum
EVENING_BANK,shoulder,shoulder,function,office,outdoor_air_mean_m3_s,1,19.23877379545117,19.23877379545117,19.23877379545117,m3/s,sum
EVENING_BANK,shoulder,shoulder,function,office,outdoor_air_minimum_m3_s,1,0.03330896790153884,0.03330896790153884,0.03330896790153884,m3/s,minimum
EVENING_BANK,shoulder,shoulder,function,office,people_latent_gain_kwh,1,1426.922736406971,1426.922736406971,1426.922736406971,kWh,sum
EVENING_BANK,shoulder,shoulder,function,office,people_radiant_gain_kwh,1,521.6212946109044,521.6212946109044,521.6212946109044,kWh,sum
EVENING_BANK,shoulder,shoulder,function,office,people_sensible_gain_kwh,1,1738.7376487030147,1738.7376487030147,1738.7376487030147,kWh,sum
EVENING_BANK,shoulder,shoulder,function,office,relative_humidity_maximum_percent,1,56.1515444650277,56.1515444650277,56.1515444650277,%,maximum
EVENING_BANK,shoulder,shoulder,function,office,relative_humidity_mean_percent,1,35.09725282162568,35.09725282162568,35.09725282162568,%,area_weighted_mean
EVENING_BANK,shoulder,shoulder,function,office,relative_humidity_minimum_percent,1,22.505197984013442,22.505197984013442,22.505197984013442,%,minimum
EVENING_BANK,shoulder,shoulder,function,office,sensible_cooling_kwh,1,4568.641523185414,4568.641523185414,4568.641523185414,kWh,sum
EVENING_BANK,shoulder,shoulder,function,office,sensible_heating_kwh,1,906.4086734001045,906.4086734001045,906.4086734001045,kWh,sum
EVENING_BANK,shoulder,shoulder,function,restaurant,air_temperature_maximum_c,1,25.00061061607657,25.00061061607657,25.00061061607657,C,maximum
EVENING_BANK,shoulder,shoulder,function,restaurant,air_temperature_mean_c,1,21.16785580184598,21.16785580184598,21.16785580184598,C,area_weighted_mean
EVENING_BANK,shoulder,shoulder,function,restaurant,air_temperature_minimum_c,1,19.977903877498836,19.977903877498836,19.977903877498836,C,minimum
EVENING_BANK,shoulder,shoulder,function,restaurant,maximum_zone_people_latent_gain_interval_peak_kw,1,3.163050556402578,3.163050556402578,3.163050556402578,kW,maximum
EVENING_BANK,shoulder,shoulder,function,restaurant,maximum_zone_people_radiant_gain_interval_peak_kw,1,2.076984162344628,2.076984162344628,2.076984162344628,kW,maximum
EVENING_BANK,shoulder,shoulder,function,restaurant,maximum_zone_people_sensible_gain_interval_peak_kw,1,6.923280541148759,6.923280541148759,6.923280541148759,kW,maximum
EVENING_BANK,shoulder,shoulder,function,restaurant,maximum_zone_sensible_cooling_interval_peak_kw,1,40.43728716837345,40.43728716837345,40.43728716837345,kW,maximum
EVENING_BANK,shoulder,shoulder,function,restaurant,maximum_zone_sensible_heating_interval_peak_kw,1,18.897934381085303,18.897934381085303,18.897934381085303,kW,maximum
EVENING_BANK,shoulder,shoulder,function,restaurant,outdoor_air_maximum_m3_s,1,2.8055960683542214,2.8055960683542214,2.8055960683542214,m3/s,maximum
EVENING_BANK,shoulder,shoulder,function,restaurant,outdoor_air_mean_m3_s,1,14.483133189460322,14.483133189460322,14.483133189460322,m3/s,sum
EVENING_BANK,shoulder,shoulder,function,restaurant,outdoor_air_minimum_m3_s,1,0.028781814594196313,0.028781814594196313,0.028781814594196313,m3/s,minimum
EVENING_BANK,shoulder,shoulder,function,restaurant,people_latent_gain_kwh,1,18.81210615911503,18.81210615911503,18.81210615911503,kWh,sum
EVENING_BANK,shoulder,shoulder,function,restaurant,people_radiant_gain_kwh,1,11.276553423695999,11.276553423695999,11.276553423695999,kWh,sum
EVENING_BANK,shoulder,shoulder,function,restaurant,people_sensible_gain_kwh,1,37.588511412319995,37.588511412319995,37.588511412319995,kWh,sum
EVENING_BANK,shoulder,shoulder,function,restaurant,relative_humidity_maximum_percent,1,43.77272646678974,43.77272646678974,43.77272646678974,%,maximum
EVENING_BANK,shoulder,shoulder,function,restaurant,relative_humidity_mean_percent,1,33.868605774382935,33.868605774382935,33.868605774382935,%,area_weighted_mean
EVENING_BANK,shoulder,shoulder,function,restaurant,relative_humidity_minimum_percent,1,22.382083175775044,22.382083175775044,22.382083175775044,%,minimum
EVENING_BANK,shoulder,shoulder,function,restaurant,sensible_cooling_kwh,1,2544.58504148303,2544.58504148303,2544.58504148303,kWh,sum
EVENING_BANK,shoulder,shoulder,function,restaurant,sensible_heating_kwh,1,275.95991108258835,275.95991108258835,275.95991108258835,kWh,sum
EVENING_BANK,shoulder,shoulder,function,restroom,air_temperature_maximum_c,1,20.633017032721966,20.633017032721966,20.633017032721966,C,maximum
EVENING_BANK,shoulder,shoulder,function,restroom,air_temperature_mean_c,1,20.00204710745415,20.00204710745415,20.00204710745415,C,area_weighted_mean
EVENING_BANK,shoulder,shoulder,function,restroom,air_temperature_minimum_c,1,19.994153502874617,19.994153502874617,19.994153502874617,C,minimum
EVENING_BANK,shoulder,shoulder,function,restroom,maximum_zone_sensible_cooling_interval_peak_kw,1,5.038267836573902,5.038267836573902,5.038267836573902,kW,maximum
EVENING_BANK,shoulder,shoulder,function,restroom,maximum_zone_sensible_heating_interval_peak_kw,1,11.123858723550132,11.123858723550132,11.123858723550132,kW,maximum
EVENING_BANK,shoulder,shoulder,function,restroom,outdoor_air_maximum_m3_s,1,1.4756124547872413,1.4756124547872413,1.4756124547872413,m3/s,maximum
EVENING_BANK,shoulder,shoulder,function,restroom,outdoor_air_mean_m3_s,1,10.426816128234545,10.426816128234545,10.426816128234545,m3/s,sum
EVENING_BANK,shoulder,shoulder,function,restroom,outdoor_air_minimum_m3_s,1,0.05433235803297676,0.05433235803297676,0.05433235803297676,m3/s,minimum
EVENING_BANK,shoulder,shoulder,function,restroom,relative_humidity_maximum_percent,1,44.12332962253171,44.12332962253171,44.12332962253171,%,maximum
EVENING_BANK,shoulder,shoulder,function,restroom,relative_humidity_mean_percent,1,36.16729833079929,36.16729833079929,36.16729833079929,%,area_weighted_mean
EVENING_BANK,shoulder,shoulder,function,restroom,relative_humidity_minimum_percent,1,27.502112291266673,27.502112291266673,27.502112291266673,%,minimum
EVENING_BANK,shoulder,shoulder,function,restroom,sensible_cooling_kwh,1,331.0630342609795,331.0630342609795,331.0630342609795,kWh,sum
EVENING_BANK,shoulder,shoulder,function,restroom,sensible_heating_kwh,1,792.7909886454347,792.7909886454347,792.7909886454347,kWh,sum
EVENING_BANK,shoulder,shoulder,function,staff_breakroom,air_temperature_maximum_c,1,25.13744711767799,25.13744711767799,25.13744711767799,C,maximum
EVENING_BANK,shoulder,shoulder,function,staff_breakroom,air_temperature_mean_c,1,21.231887794976835,21.231887794976835,21.231887794976835,C,area_weighted_mean
EVENING_BANK,shoulder,shoulder,function,staff_breakroom,air_temperature_minimum_c,1,19.99913148854962,19.99913148854962,19.99913148854962,C,minimum
EVENING_BANK,shoulder,shoulder,function,staff_breakroom,maximum_zone_people_latent_gain_interval_peak_kw,1,3.7412927957204705,3.7412927957204705,3.7412927957204705,kW,maximum
EVENING_BANK,shoulder,shoulder,function,staff_breakroom,maximum_zone_people_radiant_gain_interval_peak_kw,1,2.202073034941625,2.202073034941625,2.202073034941625,kW,maximum
EVENING_BANK,shoulder,shoulder,function,staff_breakroom,maximum_zone_people_sensible_gain_interval_peak_kw,1,7.340243449805417,7.340243449805417,7.340243449805417,kW,maximum
EVENING_BANK,shoulder,shoulder,function,staff_breakroom,maximum_zone_sensible_cooling_interval_peak_kw,1,5.686091746486429,5.686091746486429,5.686091746486429,kW,maximum
EVENING_BANK,shoulder,shoulder,function,staff_breakroom,maximum_zone_sensible_heating_interval_peak_kw,1,6.204010500128248,6.204010500128248,6.204010500128248,kW,maximum
EVENING_BANK,shoulder,shoulder,function,staff_breakroom,outdoor_air_maximum_m3_s,1,0.6520888064436858,0.6520888064436858,0.6520888064436858,m3/s,maximum
EVENING_BANK,shoulder,shoulder,function,staff_breakroom,outdoor_air_mean_m3_s,1,2.1065183628894033,2.1065183628894033,2.1065183628894033,m3/s,sum
EVENING_BANK,shoulder,shoulder,function,staff_breakroom,outdoor_air_minimum_m3_s,1,0.03689236111111094,0.03689236111111094,0.03689236111111094,m3/s,minimum
EVENING_BANK,shoulder,shoulder,function,staff_breakroom,people_latent_gain_kwh,1,5.008600677755781,5.008600677755781,5.008600677755781,kWh,sum
EVENING_BANK,shoulder,shoulder,function,staff_breakroom,people_radiant_gain_kwh,1,3.1898422298910045,3.1898422298910045,3.1898422298910045,kWh,sum
EVENING_BANK,shoulder,shoulder,function,staff_breakroom,people_sensible_gain_kwh,1,10.632807432970015,10.632807432970015,10.632807432970015,kWh,sum
EVENING_BANK,shoulder,shoulder,function,staff_breakroom,relative_humidity_maximum_percent,1,42.39455732628774,42.39455732628774,42.39455732628774,%,maximum
EVENING_BANK,shoulder,shoulder,function,staff_breakroom,relative_humidity_mean_percent,1,33.894855374352325,33.894855374352325,33.894855374352325,%,area_weighted_mean
EVENING_BANK,shoulder,shoulder,function,staff_breakroom,relative_humidity_minimum_percent,1,23.977349284244355,23.977349284244355,23.977349284244355,%,minimum
EVENING_BANK,shoulder,shoulder,function,staff_breakroom,sensible_cooling_kwh,1,168.51200474518853,168.51200474518853,168.51200474518853,kWh,sum
EVENING_BANK,shoulder,shoulder,function,staff_breakroom,sensible_heating_kwh,1,123.17235472821848,123.17235472821848,123.17235472821848,kWh,sum
EVENING_BANK,shoulder,shoulder,function,transfer,air_temperature_maximum_c,1,22.601393607022544,22.601393607022544,22.601393607022544,C,maximum
EVENING_BANK,shoulder,shoulder,function,transfer,air_temperature_mean_c,1,20.67859089590319,20.67859089590319,20.67859089590319,C,area_weighted_mean
EVENING_BANK,shoulder,shoulder,function,transfer,air_temperature_minimum_c,1,19.996606182005724,19.996606182005724,19.996606182005724,C,minimum
EVENING_BANK,shoulder,shoulder,function,transfer,maximum_zone_people_latent_gain_interval_peak_kw,1,7.033864768354181,7.033864768354181,7.033864768354181,kW,maximum
EVENING_BANK,shoulder,shoulder,function,transfer,maximum_zone_people_radiant_gain_interval_peak_kw,1,3.975314120598962,3.975314120598962,3.975314120598962,kW,maximum
EVENING_BANK,shoulder,shoulder,function,transfer,maximum_zone_people_sensible_gain_interval_peak_kw,1,13.251047068663208,13.251047068663208,13.251047068663208,kW,maximum
EVENING_BANK,shoulder,shoulder,function,transfer,maximum_zone_sensible_cooling_interval_peak_kw,1,54.56220898120366,54.56220898120366,54.56220898120366,kW,maximum
EVENING_BANK,shoulder,shoulder,function,transfer,maximum_zone_sensible_heating_interval_peak_kw,1,12.25176764684914,12.25176764684914,12.25176764684914,kW,maximum
EVENING_BANK,shoulder,shoulder,function,transfer,outdoor_air_maximum_m3_s,1,4.739301654474457,4.739301654474457,4.739301654474457,m3/s,maximum
EVENING_BANK,shoulder,shoulder,function,transfer,outdoor_air_mean_m3_s,1,8.837695063317877,8.837695063317877,8.837695063317877,m3/s,sum
EVENING_BANK,shoulder,shoulder,function,transfer,outdoor_air_minimum_m3_s,1,1.6314786200736906,1.6314786200736906,1.6314786200736906,m3/s,minimum
EVENING_BANK,shoulder,shoulder,function,transfer,people_latent_gain_kwh,1,40.965727722916064,40.965727722916064,40.965727722916064,kWh,sum
EVENING_BANK,shoulder,shoulder,function,transfer,people_radiant_gain_kwh,1,22.96068827196015,22.96068827196015,22.96068827196015,kWh,sum
EVENING_BANK,shoulder,shoulder,function,transfer,people_sensible_gain_kwh,1,76.53562757320051,76.53562757320051,76.53562757320051,kWh,sum
EVENING_BANK,shoulder,shoulder,function,transfer,relative_humidity_maximum_percent,1,42.014382606217126,42.014382606217126,42.014382606217126,%,maximum
EVENING_BANK,shoulder,shoulder,function,transfer,relative_humidity_mean_percent,1,35.04209625286979,35.04209625286979,35.04209625286979,%,area_weighted_mean
EVENING_BANK,shoulder,shoulder,function,transfer,relative_humidity_minimum_percent,1,28.70214419753834,28.70214419753834,28.70214419753834,%,minimum
EVENING_BANK,shoulder,shoulder,function,transfer,sensible_cooling_kwh,1,1469.4954057672471,1469.4954057672471,1469.4954057672471,kWh,sum
EVENING_BANK,shoulder,shoulder,function,transfer,sensible_heating_kwh,1,57.8566690412257,57.8566690412257,57.8566690412257,kWh,sum
EVENING_BANK,shoulder,shoulder,hvac_group,C1-DOAS,air_temperature_maximum_c,1,26.00022995970747,26.00022995970747,26.00022995970747,C,maximum
EVENING_BANK,shoulder,shoulder,hvac_group,C1-DOAS,air_temperature_mean_c,1,22.54811520028614,22.54811520028614,22.54811520028614,C,area_weighted_mean
EVENING_BANK,shoulder,shoulder,hvac_group,C1-DOAS,air_temperature_minimum_c,1,19.99913148854962,19.99913148854962,19.99913148854962,C,minimum
EVENING_BANK,shoulder,shoulder,hvac_group,C1-DOAS,maximum_zone_people_latent_gain_interval_peak_kw,1,18.778598961312284,18.778598961312284,18.778598961312284,kW,maximum
EVENING_BANK,shoulder,shoulder,hvac_group,C1-DOAS,maximum_zone_people_radiant_gain_interval_peak_kw,1,7.553648717632948,7.553648717632948,7.553648717632948,kW,maximum
EVENING_BANK,shoulder,shoulder,hvac_group,C1-DOAS,maximum_zone_people_sensible_gain_interval_peak_kw,1,25.178829058776493,25.178829058776493,25.178829058776493,kW,maximum
EVENING_BANK,shoulder,shoulder,hvac_group,C1-DOAS,maximum_zone_sensible_cooling_interval_peak_kw,1,43.39228200928012,43.39228200928012,43.39228200928012,kW,maximum
EVENING_BANK,shoulder,shoulder,hvac_group,C1-DOAS,maximum_zone_sensible_heating_interval_peak_kw,1,13.23527294062582,13.23527294062582,13.23527294062582,kW,maximum
EVENING_BANK,shoulder,shoulder,hvac_group,C1-DOAS,outdoor_air_maximum_m3_s,1,1.520477458891893,1.520477458891893,1.520477458891893,m3/s,maximum
EVENING_BANK,shoulder,shoulder,hvac_group,C1-DOAS,outdoor_air_mean_m3_s,1,8.484885982128562,8.484885982128562,8.484885982128562,m3/s,sum
EVENING_BANK,shoulder,shoulder,hvac_group,C1-DOAS,outdoor_air_minimum_m3_s,1,0.22475638640039203,0.22475638640039203,0.22475638640039203,m3/s,minimum
EVENING_BANK,shoulder,shoulder,hvac_group,C1-DOAS,people_latent_gain_kwh,1,489.234563631179,489.234563631179,489.234563631179,kWh,sum
EVENING_BANK,shoulder,shoulder,hvac_group,C1-DOAS,people_radiant_gain_kwh,1,179.07441528198208,179.07441528198208,179.07441528198208,kWh,sum
EVENING_BANK,shoulder,shoulder,hvac_group,C1-DOAS,people_sensible_gain_kwh,1,596.9147176066069,596.9147176066069,596.9147176066069,kWh,sum
EVENING_BANK,shoulder,shoulder,hvac_group,C1-DOAS,relative_humidity_maximum_percent,1,45.98091639516402,45.98091639516402,45.98091639516402,%,maximum
EVENING_BANK,shoulder,shoulder,hvac_group,C1-DOAS,relative_humidity_mean_percent,1,34.63702839368543,34.63702839368543,34.63702839368543,%,area_weighted_mean
EVENING_BANK,shoulder,shoulder,hvac_group,C1-DOAS,relative_humidity_minimum_percent,1,24.347139450793197,24.347139450793197,24.347139450793197,%,minimum
EVENING_BANK,shoulder,shoulder,hvac_group,C1-DOAS,sensible_cooling_kwh,1,1610.2410612721483,1610.2410612721483,1610.2410612721483,kWh,sum
EVENING_BANK,shoulder,shoulder,hvac_group,C1-DOAS,sensible_heating_kwh,1,404.61104975006594,404.61104975006594,404.61104975006594,kWh,sum
EVENING_BANK,shoulder,shoulder,hvac_group,C1-VAV,air_temperature_maximum_c,1,25.000271054434428,25.000271054434428,25.000271054434428,C,maximum
EVENING_BANK,shoulder,shoulder,hvac_group,C1-VAV,air_temperature_mean_c,1,20.898332588365946,20.898332588365946,20.898332588365946,C,area_weighted_mean
EVENING_BANK,shoulder,shoulder,hvac_group,C1-VAV,air_temperature_minimum_c,1,19.99422955409339,19.99422955409339,19.99422955409339,C,minimum
EVENING_BANK,shoulder,shoulder,hvac_group,C1-VAV,maximum_zone_people_latent_gain_interval_peak_kw,1,75.25459071726337,75.25459071726337,75.25459071726337,kW,maximum
EVENING_BANK,shoulder,shoulder,hvac_group,C1-VAV,maximum_zone_people_radiant_gain_interval_peak_kw,1,31.291563312423634,31.291563312423634,31.291563312423634,kW,maximum
EVENING_BANK,shoulder,shoulder,hvac_group,C1-VAV,maximum_zone_people_sensible_gain_interval_peak_kw,1,104.30521104141211,104.30521104141211,104.30521104141211,kW,maximum
EVENING_BANK,shoulder,shoulder,hvac_group,C1-VAV,maximum_zone_sensible_cooling_interval_peak_kw,1,192.21228373221894,192.21228373221894,192.21228373221894,kW,maximum
EVENING_BANK,shoulder,shoulder,hvac_group,C1-VAV,maximum_zone_sensible_heating_interval_peak_kw,1,12.878042085883529,12.878042085883529,12.878042085883529,kW,maximum
EVENING_BANK,shoulder,shoulder,hvac_group,C1-VAV,outdoor_air_maximum_m3_s,1,14.11211553011662,14.11211553011662,14.11211553011662,m3/s,maximum
EVENING_BANK,shoulder,shoulder,hvac_group,C1-VAV,outdoor_air_mean_m3_s,1,73.03400508194362,73.03400508194362,73.03400508194362,m3/s,sum
EVENING_BANK,shoulder,shoulder,hvac_group,C1-VAV,outdoor_air_minimum_m3_s,1,0.4157395154115967,0.4157395154115967,0.4157395154115967,m3/s,minimum
EVENING_BANK,shoulder,shoulder,hvac_group,C1-VAV,people_latent_gain_kwh,1,1042.2983546403364,1042.2983546403364,1042.2983546403364,kWh,sum
EVENING_BANK,shoulder,shoulder,hvac_group,C1-VAV,people_radiant_gain_kwh,1,491.0197848583512,491.0197848583512,491.0197848583512,kWh,sum
EVENING_BANK,shoulder,shoulder,hvac_group,C1-VAV,people_sensible_gain_kwh,1,1636.732616194504,1636.732616194504,1636.732616194504,kWh,sum
EVENING_BANK,shoulder,shoulder,hvac_group,C1-VAV,relative_humidity_maximum_percent,1,42.73641247019853,42.73641247019853,42.73641247019853,%,maximum
EVENING_BANK,shoulder,shoulder,hvac_group,C1-VAV,relative_humidity_mean_percent,1,35.204759521062506,35.204759521062506,35.204759521062506,%,area_weighted_mean
EVENING_BANK,shoulder,shoulder,hvac_group,C1-VAV,relative_humidity_minimum_percent,1,22.67049940859078,22.67049940859078,22.67049940859078,%,minimum
EVENING_BANK,shoulder,shoulder,hvac_group,C1-VAV,sensible_cooling_kwh,1,12908.851854357934,12908.851854357934,12908.851854357934,kWh,sum
EVENING_BANK,shoulder,shoulder,hvac_group,C1-VAV,sensible_heating_kwh,1,608.1701705853216,608.1701705853216,608.1701705853216,kWh,sum
EVENING_BANK,shoulder,shoulder,hvac_group,C2-DOAS,air_temperature_maximum_c,1,26.000212575003594,26.000212575003594,26.000212575003594,C,maximum
EVENING_BANK,shoulder,shoulder,hvac_group,C2-DOAS,air_temperature_mean_c,1,22.890956262161318,22.890956262161318,22.890956262161318,C,area_weighted_mean
EVENING_BANK,shoulder,shoulder,hvac_group,C2-DOAS,air_temperature_minimum_c,1,19.999267385860644,19.999267385860644,19.999267385860644,C,minimum
EVENING_BANK,shoulder,shoulder,hvac_group,C2-DOAS,maximum_zone_people_latent_gain_interval_peak_kw,1,23.972554745236103,23.972554745236103,23.972554745236103,kW,maximum
EVENING_BANK,shoulder,shoulder,hvac_group,C2-DOAS,maximum_zone_people_radiant_gain_interval_peak_kw,1,9.642960941321132,9.642960941321132,9.642960941321132,kW,maximum
EVENING_BANK,shoulder,shoulder,hvac_group,C2-DOAS,maximum_zone_people_sensible_gain_interval_peak_kw,1,32.14320313773711,32.14320313773711,32.14320313773711,kW,maximum
EVENING_BANK,shoulder,shoulder,hvac_group,C2-DOAS,maximum_zone_sensible_cooling_interval_peak_kw,1,52.11473524091649,52.11473524091649,52.11473524091649,kW,maximum
EVENING_BANK,shoulder,shoulder,hvac_group,C2-DOAS,maximum_zone_sensible_heating_interval_peak_kw,1,15.374394184733493,15.374394184733493,15.374394184733493,kW,maximum
EVENING_BANK,shoulder,shoulder,hvac_group,C2-DOAS,outdoor_air_maximum_m3_s,1,1.7589377246984212,1.7589377246984212,1.7589377246984212,m3/s,maximum
EVENING_BANK,shoulder,shoulder,hvac_group,C2-DOAS,outdoor_air_mean_m3_s,1,3.5177648188747197,3.5177648188747197,3.5177648188747197,m3/s,sum
EVENING_BANK,shoulder,shoulder,hvac_group,C2-DOAS,outdoor_air_minimum_m3_s,1,1.7588270941762985,1.7588270941762985,1.7588270941762985,m3/s,minimum
EVENING_BANK,shoulder,shoulder,hvac_group,C2-DOAS,people_latent_gain_kwh,1,328.31044584381755,328.31044584381755,328.31044584381755,kWh,sum
EVENING_BANK,shoulder,shoulder,hvac_group,C2-DOAS,people_radiant_gain_kwh,1,114.25645822243018,114.25645822243018,114.25645822243018,kWh,sum
EVENING_BANK,shoulder,shoulder,hvac_group,C2-DOAS,people_sensible_gain_kwh,1,380.8548607414339,380.8548607414339,380.8548607414339,kWh,sum
EVENING_BANK,shoulder,shoulder,hvac_group,C2-DOAS,relative_humidity_maximum_percent,1,46.37168887782552,46.37168887782552,46.37168887782552,%,maximum
EVENING_BANK,shoulder,shoulder,hvac_group,C2-DOAS,relative_humidity_mean_percent,1,35.97971786904752,35.97971786904752,35.97971786904752,%,area_weighted_mean
EVENING_BANK,shoulder,shoulder,hvac_group,C2-DOAS,relative_humidity_minimum_percent,1,25.985984904781713,25.985984904781713,25.985984904781713,%,minimum
EVENING_BANK,shoulder,shoulder,hvac_group,C2-DOAS,sensible_cooling_kwh,1,826.4771807202771,826.4771807202771,826.4771807202771,kWh,sum
EVENING_BANK,shoulder,shoulder,hvac_group,C2-DOAS,sensible_heating_kwh,1,166.5122256140824,166.5122256140824,166.5122256140824,kWh,sum
EVENING_BANK,shoulder,shoulder,hvac_group,C2-VAV,air_temperature_maximum_c,1,25.000287407325487,25.000287407325487,25.000287407325487,C,maximum
EVENING_BANK,shoulder,shoulder,hvac_group,C2-VAV,air_temperature_mean_c,1,21.07045445055817,21.07045445055817,21.07045445055817,C,area_weighted_mean
EVENING_BANK,shoulder,shoulder,hvac_group,C2-VAV,air_temperature_minimum_c,1,19.99160930525978,19.99160930525978,19.99160930525978,C,minimum
EVENING_BANK,shoulder,shoulder,hvac_group,C2-VAV,maximum_zone_people_latent_gain_interval_peak_kw,1,9.35027516300231,9.35027516300231,9.35027516300231,kW,maximum
EVENING_BANK,shoulder,shoulder,hvac_group,C2-VAV,maximum_zone_people_radiant_gain_interval_peak_kw,1,4.699546813344149,4.699546813344149,4.699546813344149,kW,maximum
EVENING_BANK,shoulder,shoulder,hvac_group,C2-VAV,maximum_zone_people_sensible_gain_interval_peak_kw,1,15.665156044480499,15.665156044480499,15.665156044480499,kW,maximum
EVENING_BANK,shoulder,shoulder,hvac_group,C2-VAV,maximum_zone_sensible_cooling_interval_peak_kw,1,363.26409639953,363.26409639953,363.26409639953,kW,maximum
EVENING_BANK,shoulder,shoulder,hvac_group,C2-VAV,maximum_zone_sensible_heating_interval_peak_kw,1,29.626803726002894,29.626803726002894,29.626803726002894,kW,maximum
EVENING_BANK,shoulder,shoulder,hvac_group,C2-VAV,outdoor_air_maximum_m3_s,1,29.315012804618327,29.315012804618327,29.315012804618327,m3/s,maximum
EVENING_BANK,shoulder,shoulder,hvac_group,C2-VAV,outdoor_air_mean_m3_s,1,156.84973184828087,156.84973184828087,156.84973184828087,m3/s,sum
EVENING_BANK,shoulder,shoulder,hvac_group,C2-VAV,outdoor_air_minimum_m3_s,1,0.8271542611042956,0.8271542611042956,0.8271542611042956,m3/s,minimum
EVENING_BANK,shoulder,shoulder,hvac_group,C2-VAV,people_latent_gain_kwh,1,533.9158807665286,533.9158807665286,533.9158807665286,kWh,sum
EVENING_BANK,shoulder,shoulder,hvac_group,C2-VAV,people_radiant_gain_kwh,1,295.8774896215181,295.8774896215181,295.8774896215181,kWh,sum
EVENING_BANK,shoulder,shoulder,hvac_group,C2-VAV,people_sensible_gain_kwh,1,986.2582987383938,986.2582987383938,986.2582987383938,kWh,sum
EVENING_BANK,shoulder,shoulder,hvac_group,C2-VAV,relative_humidity_maximum_percent,1,42.52321193190513,42.52321193190513,42.52321193190513,%,maximum
EVENING_BANK,shoulder,shoulder,hvac_group,C2-VAV,relative_humidity_mean_percent,1,34.372083594825476,34.372083594825476,34.372083594825476,%,area_weighted_mean
EVENING_BANK,shoulder,shoulder,hvac_group,C2-VAV,relative_humidity_minimum_percent,1,22.65200268817885,22.65200268817885,22.65200268817885,%,minimum
EVENING_BANK,shoulder,shoulder,hvac_group,C2-VAV,sensible_cooling_kwh,1,29715.06634179068,29715.06634179068,29715.06634179068,kWh,sum
EVENING_BANK,shoulder,shoulder,hvac_group,C2-VAV,sensible_heating_kwh,1,1238.8705295640793,1238.8705295640793,1238.8705295640793,kWh,sum
EVENING_BANK,shoulder,shoulder,hvac_group,NE-DOAS,air_temperature_maximum_c,1,26.000180669805417,26.000180669805417,26.000180669805417,C,maximum
EVENING_BANK,shoulder,shoulder,hvac_group,NE-DOAS,air_temperature_mean_c,1,22.42569352868085,22.42569352868085,22.42569352868085,C,area_weighted_mean
EVENING_BANK,shoulder,shoulder,hvac_group,NE-DOAS,air_temperature_minimum_c,1,19.99902191375806,19.99902191375806,19.99902191375806,C,minimum
EVENING_BANK,shoulder,shoulder,hvac_group,NE-DOAS,maximum_zone_people_latent_gain_interval_peak_kw,1,3.1961331601686322,3.1961331601686322,3.1961331601686322,kW,maximum
EVENING_BANK,shoulder,shoulder,hvac_group,NE-DOAS,maximum_zone_people_radiant_gain_interval_peak_kw,1,1.3045876305583497,1.3045876305583497,1.3045876305583497,kW,maximum
EVENING_BANK,shoulder,shoulder,hvac_group,NE-DOAS,maximum_zone_people_sensible_gain_interval_peak_kw,1,4.348625435194499,4.348625435194499,4.348625435194499,kW,maximum
EVENING_BANK,shoulder,shoulder,hvac_group,NE-DOAS,maximum_zone_sensible_cooling_interval_peak_kw,1,8.648382187237653,8.648382187237653,8.648382187237653,kW,maximum
EVENING_BANK,shoulder,shoulder,hvac_group,NE-DOAS,maximum_zone_sensible_heating_interval_peak_kw,1,3.8354214667419178,3.8354214667419178,3.8354214667419178,kW,maximum
EVENING_BANK,shoulder,shoulder,hvac_group,NE-DOAS,outdoor_air_maximum_m3_s,1,0.4274187124768439,0.4274187124768439,0.4274187124768439,m3/s,maximum
EVENING_BANK,shoulder,shoulder,hvac_group,NE-DOAS,outdoor_air_mean_m3_s,1,2.2130766440082006,2.2130766440082006,2.2130766440082006,m3/s,sum
EVENING_BANK,shoulder,shoulder,hvac_group,NE-DOAS,outdoor_air_minimum_m3_s,1,0.05673470406303612,0.05673470406303612,0.05673470406303612,m3/s,minimum
EVENING_BANK,shoulder,shoulder,hvac_group,NE-DOAS,people_latent_gain_kwh,1,128.83022831687472,128.83022831687472,128.83022831687472,kWh,sum
EVENING_BANK,shoulder,shoulder,hvac_group,NE-DOAS,people_radiant_gain_kwh,1,49.95027726324074,49.95027726324074,49.95027726324074,kWh,sum
EVENING_BANK,shoulder,shoulder,hvac_group,NE-DOAS,people_sensible_gain_kwh,1,166.50092421080248,166.50092421080248,166.50092421080248,kWh,sum
EVENING_BANK,shoulder,shoulder,hvac_group,NE-DOAS,relative_humidity_maximum_percent,1,47.68691946810476,47.68691946810476,47.68691946810476,%,maximum
EVENING_BANK,shoulder,shoulder,hvac_group,NE-DOAS,relative_humidity_mean_percent,1,34.92689548751316,34.92689548751316,34.92689548751316,%,area_weighted_mean
EVENING_BANK,shoulder,shoulder,hvac_group,NE-DOAS,relative_humidity_minimum_percent,1,24.383880693018448,24.383880693018448,24.383880693018448,%,minimum
EVENING_BANK,shoulder,shoulder,hvac_group,NE-DOAS,sensible_cooling_kwh,1,357.4001156059993,357.4001156059993,357.4001156059993,kWh,sum
EVENING_BANK,shoulder,shoulder,hvac_group,NE-DOAS,sensible_heating_kwh,1,110.3013330610018,110.3013330610018,110.3013330610018,kWh,sum
EVENING_BANK,shoulder,shoulder,hvac_group,NE-VAV,air_temperature_maximum_c,1,25.000271470846588,25.000271470846588,25.000271470846588,C,maximum
EVENING_BANK,shoulder,shoulder,hvac_group,NE-VAV,air_temperature_mean_c,1,20.74697307049206,20.74697307049206,20.74697307049206,C,area_weighted_mean
EVENING_BANK,shoulder,shoulder,hvac_group,NE-VAV,air_temperature_minimum_c,1,19.993228669300706,19.993228669300706,19.993228669300706,C,minimum
EVENING_BANK,shoulder,shoulder,hvac_group,NE-VAV,maximum_zone_people_latent_gain_interval_peak_kw,1,54.110523999414085,54.110523999414085,54.110523999414085,kW,maximum
EVENING_BANK,shoulder,shoulder,hvac_group,NE-VAV,maximum_zone_people_radiant_gain_interval_peak_kw,1,21.738775904226085,21.738775904226085,21.738775904226085,kW,maximum
EVENING_BANK,shoulder,shoulder,hvac_group,NE-VAV,maximum_zone_people_sensible_gain_interval_peak_kw,1,72.46258634742028,72.46258634742028,72.46258634742028,kW,maximum
EVENING_BANK,shoulder,shoulder,hvac_group,NE-VAV,maximum_zone_sensible_cooling_interval_peak_kw,1,72.07854940887398,72.07854940887398,72.07854940887398,kW,maximum
EVENING_BANK,shoulder,shoulder,hvac_group,NE-VAV,maximum_zone_sensible_heating_interval_peak_kw,1,18.1899596988852,18.1899596988852,18.1899596988852,kW,maximum
EVENING_BANK,shoulder,shoulder,hvac_group,NE-VAV,outdoor_air_maximum_m3_s,1,5.159861000778294,5.159861000778294,5.159861000778294,m3/s,maximum
EVENING_BANK,shoulder,shoulder,hvac_group,NE-VAV,outdoor_air_mean_m3_s,1,42.22338116446592,42.22338116446592,42.22338116446592,m3/s,sum
EVENING_BANK,shoulder,shoulder,hvac_group,NE-VAV,outdoor_air_minimum_m3_s,1,0.04519762363258265,0.04519762363258265,0.04519762363258265,m3/s,minimum
EVENING_BANK,shoulder,shoulder,hvac_group,NE-VAV,people_latent_gain_kwh,1,1082.761234856676,1082.761234856676,1082.761234856676,kWh,sum
EVENING_BANK,shoulder,shoulder,hvac_group,NE-VAV,people_radiant_gain_kwh,1,515.2412053466865,515.2412053466865,515.2412053466865,kWh,sum
EVENING_BANK,shoulder,shoulder,hvac_group,NE-VAV,people_sensible_gain_kwh,1,1717.470684488955,1717.470684488955,1717.470684488955,kWh,sum
EVENING_BANK,shoulder,shoulder,hvac_group,NE-VAV,relative_humidity_maximum_percent,1,46.04214114888765,46.04214114888765,46.04214114888765,%,maximum
EVENING_BANK,shoulder,shoulder,hvac_group,NE-VAV,relative_humidity_mean_percent,1,36.14917768919844,36.14917768919844,36.14917768919844,%,area_weighted_mean
EVENING_BANK,shoulder,shoulder,hvac_group,NE-VAV,relative_humidity_minimum_percent,1,22.68083611548544,22.68083611548544,22.68083611548544,%,minimum
EVENING_BANK,shoulder,shoulder,hvac_group,NE-VAV,sensible_cooling_kwh,1,6963.240506230717,6963.240506230717,6963.240506230717,kWh,sum
EVENING_BANK,shoulder,shoulder,hvac_group,NE-VAV,sensible_heating_kwh,1,445.11025685193863,445.11025685193863,445.11025685193863,kWh,sum
EVENING_BANK,shoulder,shoulder,hvac_group,NW-DOAS,air_temperature_maximum_c,1,26.000148858994425,26.000148858994425,26.000148858994425,C,maximum
EVENING_BANK,shoulder,shoulder,hvac_group,NW-DOAS,air_temperature_mean_c,1,22.49954737061271,22.49954737061271,22.49954737061271,C,area_weighted_mean
EVENING_BANK,shoulder,shoulder,hvac_group,NW-DOAS,air_temperature_minimum_c,1,19.998964497858083,19.998964497858083,19.998964497858083,C,minimum
EVENING_BANK,shoulder,shoulder,hvac_group,NW-DOAS,maximum_zone_people_latent_gain_interval_peak_kw,1,3.196175181428621,3.196175181428621,3.196175181428621,kW,maximum
EVENING_BANK,shoulder,shoulder,hvac_group,NW-DOAS,maximum_zone_people_radiant_gain_interval_peak_kw,1,1.2857307431668168,1.2857307431668168,1.2857307431668168,kW,maximum
EVENING_BANK,shoulder,shoulder,hvac_group,NW-DOAS,maximum_zone_people_sensible_gain_interval_peak_kw,1,4.2857691438893895,4.2857691438893895,4.2857691438893895,kW,maximum
EVENING_BANK,shoulder,shoulder,hvac_group,NW-DOAS,maximum_zone_sensible_cooling_interval_peak_kw,1,4.764681378198904,4.764681378198904,4.764681378198904,kW,maximum
EVENING_BANK,shoulder,shoulder,hvac_group,NW-DOAS,maximum_zone_sensible_heating_interval_peak_kw,1,2.1362150261355857,2.1362150261355857,2.1362150261355857,kW,maximum
EVENING_BANK,shoulder,shoulder,hvac_group,NW-DOAS,outdoor_air_maximum_m3_s,1,0.2146485625719291,0.2146485625719291,0.2146485625719291,m3/s,maximum
EVENING_BANK,shoulder,shoulder,hvac_group,NW-DOAS,outdoor_air_mean_m3_s,1,2.94585316911316,2.94585316911316,2.94585316911316,m3/s,sum
EVENING_BANK,shoulder,shoulder,hvac_group,NW-DOAS,outdoor_air_minimum_m3_s,1,0.03330896790153884,0.03330896790153884,0.03330896790153884,m3/s,minimum
EVENING_BANK,shoulder,shoulder,hvac_group,NW-DOAS,people_latent_gain_kwh,1,199.78211066859438,199.78211066859438,199.78211066859438,kWh,sum
EVENING_BANK,shoulder,shoulder,hvac_group,NW-DOAS,people_radiant_gain_kwh,1,75.27064997018373,75.27064997018373,75.27064997018373,kWh,sum
EVENING_BANK,shoulder,shoulder,hvac_group,NW-DOAS,people_sensible_gain_kwh,1,250.9021665672791,250.9021665672791,250.9021665672791,kWh,sum
EVENING_BANK,shoulder,shoulder,hvac_group,NW-DOAS,relative_humidity_maximum_percent,1,56.1515444650277,56.1515444650277,56.1515444650277,%,maximum
EVENING_BANK,shoulder,shoulder,hvac_group,NW-DOAS,relative_humidity_mean_percent,1,35.172224329678514,35.172224329678514,35.172224329678514,%,area_weighted_mean
EVENING_BANK,shoulder,shoulder,hvac_group,NW-DOAS,relative_humidity_minimum_percent,1,23.433021628325506,23.433021628325506,23.433021628325506,%,minimum
EVENING_BANK,shoulder,shoulder,hvac_group,NW-DOAS,sensible_cooling_kwh,1,486.11167772176213,486.11167772176213,486.11167772176213,kWh,sum
EVENING_BANK,shoulder,shoulder,hvac_group,NW-DOAS,sensible_heating_kwh,1,142.9707822518671,142.9707822518671,142.9707822518671,kWh,sum
EVENING_BANK,shoulder,shoulder,hvac_group,NW-VAV,air_temperature_maximum_c,1,25.00026999014132,25.00026999014132,25.00026999014132,C,maximum
EVENING_BANK,shoulder,shoulder,hvac_group,NW-VAV,air_temperature_mean_c,1,20.747823778251107,20.747823778251107,20.747823778251107,C,area_weighted_mean
EVENING_BANK,shoulder,shoulder,hvac_group,NW-VAV,air_temperature_minimum_c,1,19.992266697703307,19.992266697703307,19.992266697703307,C,minimum
EVENING_BANK,shoulder,shoulder,hvac_group,NW-VAV,maximum_zone_people_latent_gain_interval_peak_kw,1,33.83946666359405,33.83946666359405,33.83946666359405,kW,maximum
EVENING_BANK,shoulder,shoulder,hvac_group,NW-VAV,maximum_zone_people_radiant_gain_interval_peak_kw,1,13.306921609319883,13.306921609319883,13.306921609319883,kW,maximum
EVENING_BANK,shoulder,shoulder,hvac_group,NW-VAV,maximum_zone_people_sensible_gain_interval_peak_kw,1,44.35640536439961,44.35640536439961,44.35640536439961,kW,maximum
EVENING_BANK,shoulder,shoulder,hvac_group,NW-VAV,maximum_zone_sensible_cooling_interval_peak_kw,1,51.67977946367381,51.67977946367381,51.67977946367381,kW,maximum
EVENING_BANK,shoulder,shoulder,hvac_group,NW-VAV,maximum_zone_sensible_heating_interval_peak_kw,1,11.186840424133857,11.186840424133857,11.186840424133857,kW,maximum
EVENING_BANK,shoulder,shoulder,hvac_group,NW-VAV,outdoor_air_maximum_m3_s,1,3.688499780098824,3.688499780098824,3.688499780098824,m3/s,maximum
EVENING_BANK,shoulder,shoulder,hvac_group,NW-VAV,outdoor_air_mean_m3_s,1,38.55478708796153,38.55478708796153,38.55478708796153,m3/s,sum
EVENING_BANK,shoulder,shoulder,hvac_group,NW-VAV,outdoor_air_minimum_m3_s,1,0.028781814594196313,0.028781814594196313,0.028781814594196313,m3/s,minimum
EVENING_BANK,shoulder,shoulder,hvac_group,NW-VAV,people_latent_gain_kwh,1,919.5640664011174,919.5640664011174,919.5640664011174,kWh,sum
EVENING_BANK,shoulder,shoulder,hvac_group,NW-VAV,people_radiant_gain_kwh,1,440.5026989421745,440.5026989421745,440.5026989421745,kWh,sum
EVENING_BANK,shoulder,shoulder,hvac_group,NW-VAV,people_sensible_gain_kwh,1,1468.3423298072485,1468.3423298072485,1468.3423298072485,kWh,sum
EVENING_BANK,shoulder,shoulder,hvac_group,NW-VAV,relative_humidity_maximum_percent,1,44.279372033893345,44.279372033893345,44.279372033893345,%,maximum
EVENING_BANK,shoulder,shoulder,hvac_group,NW-VAV,relative_humidity_mean_percent,1,36.04059527070065,36.04059527070065,36.04059527070065,%,area_weighted_mean
EVENING_BANK,shoulder,shoulder,hvac_group,NW-VAV,relative_humidity_minimum_percent,1,22.675774261943324,22.675774261943324,22.675774261943324,%,minimum
EVENING_BANK,shoulder,shoulder,hvac_group,NW-VAV,sensible_cooling_kwh,1,6442.109140099807,6442.109140099807,6442.109140099807,kWh,sum
EVENING_BANK,shoulder,shoulder,hvac_group,NW-VAV,sensible_heating_kwh,1,401.91701185439274,401.91701185439274,401.91701185439274,kWh,sum
EVENING_BANK,shoulder,shoulder,hvac_group,S-DOAS,air_temperature_maximum_c,1,26.00015517130153,26.00015517130153,26.00015517130153,C,maximum
EVENING_BANK,shoulder,shoulder,hvac_group,S-DOAS,air_temperature_mean_c,1,22.689380316170684,22.689380316170684,22.689380316170684,C,area_weighted_mean
EVENING_BANK,shoulder,shoulder,hvac_group,S-DOAS,air_temperature_minimum_c,1,19.999017779407225,19.999017779407225,19.999017779407225,C,minimum
EVENING_BANK,shoulder,shoulder,hvac_group,S-DOAS,maximum_zone_people_latent_gain_interval_peak_kw,1,4.394682474748023,4.394682474748023,4.394682474748023,kW,maximum
EVENING_BANK,shoulder,shoulder,hvac_group,S-DOAS,maximum_zone_people_radiant_gain_interval_peak_kw,1,1.7700315645471443,1.7700315645471443,1.7700315645471443,kW,maximum
EVENING_BANK,shoulder,shoulder,hvac_group,S-DOAS,maximum_zone_people_sensible_gain_interval_peak_kw,1,5.900105215157148,5.900105215157148,5.900105215157148,kW,maximum
EVENING_BANK,shoulder,shoulder,hvac_group,S-DOAS,maximum_zone_sensible_cooling_interval_peak_kw,1,8.765630190895351,8.765630190895351,8.765630190895351,kW,maximum
EVENING_BANK,shoulder,shoulder,hvac_group,S-DOAS,maximum_zone_sensible_heating_interval_peak_kw,1,3.70073964471255,3.70073964471255,3.70073964471255,kW,maximum
EVENING_BANK,shoulder,shoulder,hvac_group,S-DOAS,outdoor_air_maximum_m3_s,1,0.3750000000000401,0.3750000000000401,0.3750000000000401,m3/s,maximum
EVENING_BANK,shoulder,shoulder,hvac_group,S-DOAS,outdoor_air_mean_m3_s,1,1.5918164885327037,1.5918164885327037,1.5918164885327037,m3/s,sum
EVENING_BANK,shoulder,shoulder,hvac_group,S-DOAS,outdoor_air_minimum_m3_s,1,0.13916666666666744,0.13916666666666744,0.13916666666666744,m3/s,minimum
EVENING_BANK,shoulder,shoulder,hvac_group,S-DOAS,people_latent_gain_kwh,1,118.2063163741243,118.2063163741243,118.2063163741243,kWh,sum
EVENING_BANK,shoulder,shoulder,hvac_group,S-DOAS,people_radiant_gain_kwh,1,44.309258381839136,44.309258381839136,44.309258381839136,kWh,sum
EVENING_BANK,shoulder,shoulder,hvac_group,S-DOAS,people_sensible_gain_kwh,1,147.69752793946378,147.69752793946378,147.69752793946378,kWh,sum
EVENING_BANK,shoulder,shoulder,hvac_group,S-DOAS,relative_humidity_maximum_percent,1,48.09363860115511,48.09363860115511,48.09363860115511,%,maximum
EVENING_BANK,shoulder,shoulder,hvac_group,S-DOAS,relative_humidity_mean_percent,1,35.33103874442354,35.33103874442354,35.33103874442354,%,area_weighted_mean
EVENING_BANK,shoulder,shoulder,hvac_group,S-DOAS,relative_humidity_minimum_percent,1,23.42519009757049,23.42519009757049,23.42519009757049,%,minimum
EVENING_BANK,shoulder,shoulder,hvac_group,S-DOAS,sensible_cooling_kwh,1,294.15923672063263,294.15923672063263,294.15923672063263,kWh,sum
EVENING_BANK,shoulder,shoulder,hvac_group,S-DOAS,sensible_heating_kwh,1,80.7174298595623,80.7174298595623,80.7174298595623,kWh,sum
EVENING_BANK,shoulder,shoulder,hvac_group,S-VAV,air_temperature_maximum_c,1,22.270892693651774,22.270892693651774,22.270892693651774,C,maximum
EVENING_BANK,shoulder,shoulder,hvac_group,S-VAV,air_temperature_mean_c,1,20.48889944034802,20.48889944034802,20.48889944034802,C,area_weighted_mean
EVENING_BANK,shoulder,shoulder,hvac_group,S-VAV,air_temperature_minimum_c,1,19.994643830607675,19.994643830607675,19.994643830607675,C,minimum
EVENING_BANK,shoulder,shoulder,hvac_group,S-VAV,maximum_zone_people_latent_gain_interval_peak_kw,1,3.0572108118171757,3.0572108118171757,3.0572108118171757,kW,maximum
EVENING_BANK,shoulder,shoulder,hvac_group,S-VAV,maximum_zone_people_radiant_gain_interval_peak_kw,1,1.6692384105752824,1.6692384105752824,1.6692384105752824,kW,maximum
EVENING_BANK,shoulder,shoulder,hvac_group,S-VAV,maximum_zone_people_sensible_gain_interval_peak_kw,1,5.564128035250943,5.564128035250943,5.564128035250943,kW,maximum
EVENING_BANK,shoulder,shoulder,hvac_group,S-VAV,maximum_zone_sensible_cooling_interval_peak_kw,1,63.75748758581741,63.75748758581741,63.75748758581741,kW,maximum
EVENING_BANK,shoulder,shoulder,hvac_group,S-VAV,maximum_zone_sensible_heating_interval_peak_kw,1,22.05955104389513,22.05955104389513,22.05955104389513,kW,maximum
EVENING_BANK,shoulder,shoulder,hvac_group,S-VAV,outdoor_air_maximum_m3_s,1,5.648544221480913,5.648544221480913,5.648544221480913,m3/s,maximum
EVENING_BANK,shoulder,shoulder,hvac_group,S-VAV,outdoor_air_mean_m3_s,1,27.419509229723726,27.419509229723726,27.419509229723726,m3/s,sum
EVENING_BANK,shoulder,shoulder,hvac_group,S-VAV,outdoor_air_minimum_m3_s,1,0.10329827304148363,0.10329827304148363,0.10329827304148363,m3/s,minimum
EVENING_BANK,shoulder,shoulder,hvac_group,S-VAV,people_latent_gain_kwh,1,39.02878300485235,39.02878300485235,39.02878300485235,kWh,sum
EVENING_BANK,shoulder,shoulder,hvac_group,S-VAV,people_radiant_gain_kwh,1,23.54177701369883,23.54177701369883,23.54177701369883,kWh,sum
EVENING_BANK,shoulder,shoulder,hvac_group,S-VAV,people_sensible_gain_kwh,1,78.47259004566277,78.47259004566277,78.47259004566277,kWh,sum
EVENING_BANK,shoulder,shoulder,hvac_group,S-VAV,relative_humidity_maximum_percent,1,42.40674453313051,42.40674453313051,42.40674453313051,%,maximum
EVENING_BANK,shoulder,shoulder,hvac_group,S-VAV,relative_humidity_mean_percent,1,35.170539486582754,35.170539486582754,35.170539486582754,%,area_weighted_mean
EVENING_BANK,shoulder,shoulder,hvac_group,S-VAV,relative_humidity_minimum_percent,1,27.88983362350588,27.88983362350588,27.88983362350588,%,minimum
EVENING_BANK,shoulder,shoulder,hvac_group,S-VAV,sensible_cooling_kwh,1,4140.398423795502,4140.398423795502,4140.398423795502,kWh,sum
EVENING_BANK,shoulder,shoulder,hvac_group,S-VAV,sensible_heating_kwh,1,581.138013717477,581.138013717477,581.138013717477,kWh,sum
EVENING_BANK,shoulder,shoulder,hvac_group,SE-DOAS,air_temperature_maximum_c,1,26.004759710514634,26.004759710514634,26.004759710514634,C,maximum
EVENING_BANK,shoulder,shoulder,hvac_group,SE-DOAS,air_temperature_mean_c,1,23.46212053368311,23.46212053368311,23.46212053368311,C,area_weighted_mean
EVENING_BANK,shoulder,shoulder,hvac_group,SE-DOAS,air_temperature_minimum_c,1,19.999155126771768,19.999155126771768,19.999155126771768,C,minimum
EVENING_BANK,shoulder,shoulder,hvac_group,SE-DOAS,maximum_zone_people_latent_gain_interval_peak_kw,1,1.9982340434602857,1.9982340434602857,1.9982340434602857,kW,maximum
EVENING_BANK,shoulder,shoulder,hvac_group,SE-DOAS,maximum_zone_people_radiant_gain_interval_peak_kw,1,0.7362979603614007,0.7362979603614007,0.7362979603614007,kW,maximum
EVENING_BANK,shoulder,shoulder,hvac_group,SE-DOAS,maximum_zone_people_sensible_gain_interval_peak_kw,1,2.4543265345380028,2.4543265345380028,2.4543265345380028,kW,maximum
EVENING_BANK,shoulder,shoulder,hvac_group,SE-DOAS,maximum_zone_sensible_cooling_interval_peak_kw,1,31.48588003821608,31.48588003821608,31.48588003821608,kW,maximum
EVENING_BANK,shoulder,shoulder,hvac_group,SE-DOAS,maximum_zone_sensible_heating_interval_peak_kw,1,1.3085037549594563,1.3085037549594563,1.3085037549594563,kW,maximum
EVENING_BANK,shoulder,shoulder,hvac_group,SE-DOAS,outdoor_air_maximum_m3_s,1,0.15245661519368878,0.15245661519368878,0.15245661519368878,m3/s,maximum
EVENING_BANK,shoulder,shoulder,hvac_group,SE-DOAS,outdoor_air_mean_m3_s,1,0.5536059547100899,0.5536059547100899,0.5536059547100899,m3/s,sum
EVENING_BANK,shoulder,shoulder,hvac_group,SE-DOAS,outdoor_air_minimum_m3_s,1,0.03689236111111094,0.03689236111111094,0.03689236111111094,m3/s,minimum
EVENING_BANK,shoulder,shoulder,hvac_group,SE-DOAS,people_latent_gain_kwh,1,34.45351848444893,34.45351848444893,34.45351848444893,kWh,sum
EVENING_BANK,shoulder,shoulder,hvac_group,SE-DOAS,people_radiant_gain_kwh,1,10.740034313384381,10.740034313384381,10.740034313384381,kWh,sum
EVENING_BANK,shoulder,shoulder,hvac_group,SE-DOAS,people_sensible_gain_kwh,1,35.80011437794794,35.80011437794794,35.80011437794794,kWh,sum
EVENING_BANK,shoulder,shoulder,hvac_group,SE-DOAS,relative_humidity_maximum_percent,1,50.09396828045685,50.09396828045685,50.09396828045685,%,maximum
EVENING_BANK,shoulder,shoulder,hvac_group,SE-DOAS,relative_humidity_mean_percent,1,32.4204621309538,32.4204621309538,32.4204621309538,%,area_weighted_mean
EVENING_BANK,shoulder,shoulder,hvac_group,SE-DOAS,relative_humidity_minimum_percent,1,25.084670206958208,25.084670206958208,25.084670206958208,%,minimum
EVENING_BANK,shoulder,shoulder,hvac_group,SE-DOAS,sensible_cooling_kwh,1,806.8934895227717,806.8934895227717,806.8934895227717,kWh,sum
EVENING_BANK,shoulder,shoulder,hvac_group,SE-DOAS,sensible_heating_kwh,1,18.167559357430484,18.167559357430484,18.167559357430484,kWh,sum
EVENING_BANK,shoulder,shoulder,hvac_group,SE-VAV,air_temperature_maximum_c,1,25.000806858254172,25.000806858254172,25.000806858254172,C,maximum
EVENING_BANK,shoulder,shoulder,hvac_group,SE-VAV,air_temperature_mean_c,1,20.91047558948133,20.91047558948133,20.91047558948133,C,area_weighted_mean
EVENING_BANK,shoulder,shoulder,hvac_group,SE-VAV,air_temperature_minimum_c,1,19.976704144290267,19.976704144290267,19.976704144290267,C,minimum
EVENING_BANK,shoulder,shoulder,hvac_group,SE-VAV,maximum_zone_people_latent_gain_interval_peak_kw,1,55.43541242611829,55.43541242611829,55.43541242611829,kW,maximum
EVENING_BANK,shoulder,shoulder,hvac_group,SE-VAV,maximum_zone_people_radiant_gain_interval_peak_kw,1,22.511287065809572,22.511287065809572,22.511287065809572,kW,maximum
EVENING_BANK,shoulder,shoulder,hvac_group,SE-VAV,maximum_zone_people_sensible_gain_interval_peak_kw,1,75.03762355269858,75.03762355269858,75.03762355269858,kW,maximum
EVENING_BANK,shoulder,shoulder,hvac_group,SE-VAV,maximum_zone_sensible_cooling_interval_peak_kw,1,81.28528348156499,81.28528348156499,81.28528348156499,kW,maximum
EVENING_BANK,shoulder,shoulder,hvac_group,SE-VAV,maximum_zone_sensible_heating_interval_peak_kw,1,6.555453141369217,6.555453141369217,6.555453141369217,kW,maximum
EVENING_BANK,shoulder,shoulder,hvac_group,SE-VAV,outdoor_air_maximum_m3_s,1,5.689097325255643,5.689097325255643,5.689097325255643,m3/s,maximum
EVENING_BANK,shoulder,shoulder,hvac_group,SE-VAV,outdoor_air_mean_m3_s,1,75.87045534856094,75.87045534856094,75.87045534856094,m3/s,sum
EVENING_BANK,shoulder,shoulder,hvac_group,SE-VAV,outdoor_air_minimum_m3_s,1,0.137364660080304,0.137364660080304,0.137364660080304,m3/s,minimum
EVENING_BANK,shoulder,shoulder,hvac_group,SE-VAV,people_latent_gain_kwh,1,1744.6513187402481,1744.6513187402481,1744.6513187402481,kWh,sum
EVENING_BANK,shoulder,shoulder,hvac_group,SE-VAV,people_radiant_gain_kwh,1,809.8437254468711,809.8437254468711,809.8437254468711,kWh,sum
EVENING_BANK,shoulder,shoulder,hvac_group,SE-VAV,people_sensible_gain_kwh,1,2699.4790848229036,2699.4790848229036,2699.4790848229036,kWh,sum
EVENING_BANK,shoulder,shoulder,hvac_group,SE-VAV,relative_humidity_maximum_percent,1,44.77710474610623,44.77710474610623,44.77710474610623,%,maximum
EVENING_BANK,shoulder,shoulder,hvac_group,SE-VAV,relative_humidity_mean_percent,1,36.24258710229308,36.24258710229308,36.24258710229308,%,area_weighted_mean
EVENING_BANK,shoulder,shoulder,hvac_group,SE-VAV,relative_humidity_minimum_percent,1,22.374326378232382,22.374326378232382,22.374326378232382,%,minimum
EVENING_BANK,shoulder,shoulder,hvac_group,SE-VAV,sensible_cooling_kwh,1,13579.75169301855,13579.75169301855,13579.75169301855,kWh,sum
EVENING_BANK,shoulder,shoulder,hvac_group,SE-VAV,sensible_heating_kwh,1,291.2294956183138,291.2294956183138,291.2294956183138,kWh,sum
EVENING_BANK,shoulder,shoulder,hvac_group,SW-DOAS,air_temperature_maximum_c,1,26.000122678073026,26.000122678073026,26.000122678073026,C,maximum
EVENING_BANK,shoulder,shoulder,hvac_group,SW-DOAS,air_temperature_mean_c,1,22.577439802721933,22.577439802721933,22.577439802721933,C,area_weighted_mean
EVENING_BANK,shoulder,shoulder,hvac_group,SW-DOAS,air_temperature_minimum_c,1,19.998943987461363,19.998943987461363,19.998943987461363,C,minimum
EVENING_BANK,shoulder,shoulder,hvac_group,SW-DOAS,maximum_zone_people_latent_gain_interval_peak_kw,1,4.394802032635655,4.394802032635655,4.394802032635655,kW,maximum
EVENING_BANK,shoulder,shoulder,hvac_group,SW-DOAS,maximum_zone_people_radiant_gain_interval_peak_kw,1,1.7847326287372158,1.7847326287372158,1.7847326287372158,kW,maximum
EVENING_BANK,shoulder,shoulder,hvac_group,SW-DOAS,maximum_zone_people_sensible_gain_interval_peak_kw,1,5.949108762457386,5.949108762457386,5.949108762457386,kW,maximum
EVENING_BANK,shoulder,shoulder,hvac_group,SW-DOAS,maximum_zone_sensible_cooling_interval_peak_kw,1,10.11105888123895,10.11105888123895,10.11105888123895,kW,maximum
EVENING_BANK,shoulder,shoulder,hvac_group,SW-DOAS,maximum_zone_sensible_heating_interval_peak_kw,1,3.6252704547910155,3.6252704547910155,3.6252704547910155,kW,maximum
EVENING_BANK,shoulder,shoulder,hvac_group,SW-DOAS,outdoor_air_maximum_m3_s,1,0.3813484646251304,0.3813484646251304,0.3813484646251304,m3/s,maximum
EVENING_BANK,shoulder,shoulder,hvac_group,SW-DOAS,outdoor_air_mean_m3_s,1,2.0382891009731368,2.0382891009731368,2.0382891009731368,m3/s,sum
EVENING_BANK,shoulder,shoulder,hvac_group,SW-DOAS,outdoor_air_minimum_m3_s,1,0.04365308726947315,0.04365308726947315,0.04365308726947315,m3/s,minimum
EVENING_BANK,shoulder,shoulder,hvac_group,SW-DOAS,people_latent_gain_kwh,1,133.11415376568783,133.11415376568783,133.11415376568783,kWh,sum
EVENING_BANK,shoulder,shoulder,hvac_group,SW-DOAS,people_radiant_gain_kwh,1,51.210043407735164,51.210043407735164,51.210043407735164,kWh,sum
EVENING_BANK,shoulder,shoulder,hvac_group,SW-DOAS,people_sensible_gain_kwh,1,170.70014469245055,170.70014469245055,170.70014469245055,kWh,sum
EVENING_BANK,shoulder,shoulder,hvac_group,SW-DOAS,relative_humidity_maximum_percent,1,49.74363645473905,49.74363645473905,49.74363645473905,%,maximum
EVENING_BANK,shoulder,shoulder,hvac_group,SW-DOAS,relative_humidity_mean_percent,1,34.868471020410546,34.868471020410546,34.868471020410546,%,area_weighted_mean
EVENING_BANK,shoulder,shoulder,hvac_group,SW-DOAS,relative_humidity_minimum_percent,1,22.505197984013442,22.505197984013442,22.505197984013442,%,minimum
EVENING_BANK,shoulder,shoulder,hvac_group,SW-DOAS,sensible_cooling_kwh,1,355.87076636701164,355.87076636701164,355.87076636701164,kWh,sum
EVENING_BANK,shoulder,shoulder,hvac_group,SW-DOAS,sensible_heating_kwh,1,106.3006482343129,106.3006482343129,106.3006482343129,kWh,sum
EVENING_BANK,shoulder,shoulder,hvac_group,SW-VAV,air_temperature_maximum_c,1,25.000264972934936,25.000264972934936,25.000264972934936,C,maximum
EVENING_BANK,shoulder,shoulder,hvac_group,SW-VAV,air_temperature_mean_c,1,20.85200675023913,20.85200675023913,20.85200675023913,C,area_weighted_mean
EVENING_BANK,shoulder,shoulder,hvac_group,SW-VAV,air_temperature_minimum_c,1,19.99082336578378,19.99082336578378,19.99082336578378,C,minimum
EVENING_BANK,shoulder,shoulder,hvac_group,SW-VAV,maximum_zone_people_latent_gain_interval_peak_kw,1,44.332348593056295,44.332348593056295,44.332348593056295,kW,maximum
EVENING_BANK,shoulder,shoulder,hvac_group,SW-VAV,maximum_zone_people_radiant_gain_interval_peak_kw,1,17.513042228315523,17.513042228315523,17.513042228315523,kW,maximum
EVENING_BANK,shoulder,shoulder,hvac_group,SW-VAV,maximum_zone_people_sensible_gain_interval_peak_kw,1,58.37680742771842,58.37680742771842,58.37680742771842,kW,maximum
EVENING_BANK,shoulder,shoulder,hvac_group,SW-VAV,maximum_zone_sensible_cooling_interval_peak_kw,1,71.42964373491266,71.42964373491266,71.42964373491266,kW,maximum
EVENING_BANK,shoulder,shoulder,hvac_group,SW-VAV,maximum_zone_sensible_heating_interval_peak_kw,1,8.129972679557882,8.129972679557882,8.129972679557882,kW,maximum
EVENING_BANK,shoulder,shoulder,hvac_group,SW-VAV,outdoor_air_maximum_m3_s,1,5.074103938819336,5.074103938819336,5.074103938819336,m3/s,maximum
EVENING_BANK,shoulder,shoulder,hvac_group,SW-VAV,outdoor_air_mean_m3_s,1,47.98722176130866,47.98722176130866,47.98722176130866,m3/s,sum
EVENING_BANK,shoulder,shoulder,hvac_group,SW-VAV,outdoor_air_minimum_m3_s,1,0.0462842063063775,0.0462842063063775,0.0462842063063775,m3/s,minimum
EVENING_BANK,shoulder,shoulder,hvac_group,SW-VAV,people_latent_gain_kwh,1,1673.209186106126,1673.209186106126,1673.209186106126,kWh,sum
EVENING_BANK,shoulder,shoulder,hvac_group,SW-VAV,people_radiant_gain_kwh,1,776.2963621983529,776.2963621983529,776.2963621983529,kWh,sum
EVENING_BANK,shoulder,shoulder,hvac_group,SW-VAV,people_sensible_gain_kwh,1,2587.6545406611763,2587.6545406611763,2587.6545406611763,kWh,sum
EVENING_BANK,shoulder,shoulder,hvac_group,SW-VAV,relative_humidity_maximum_percent,1,45.28268398267273,45.28268398267273,45.28268398267273,%,maximum
EVENING_BANK,shoulder,shoulder,hvac_group,SW-VAV,relative_humidity_mean_percent,1,36.56717772835789,36.56717772835789,36.56717772835789,%,area_weighted_mean
EVENING_BANK,shoulder,shoulder,hvac_group,SW-VAV,relative_humidity_minimum_percent,1,23.041943519015575,23.041943519015575,23.041943519015575,%,minimum
EVENING_BANK,shoulder,shoulder,hvac_group,SW-VAV,sensible_cooling_kwh,1,8357.79292576925,8357.79292576925,8357.79292576925,kWh,sum
EVENING_BANK,shoulder,shoulder,hvac_group,SW-VAV,sensible_heating_kwh,1,260.0375342646191,260.0375342646191,260.0375342646191,kWh,sum
EVENING_BANK,shoulder,shoulder,hvac_group,zone_only,air_temperature_maximum_c,1,25.001955927038093,25.001955927038093,25.001955927038093,C,maximum
EVENING_BANK,shoulder,shoulder,hvac_group,zone_only,air_temperature_mean_c,1,25.000432771454516,25.000432771454516,25.000432771454516,C,area_weighted_mean
EVENING_BANK,shoulder,shoulder,hvac_group,zone_only,air_temperature_minimum_c,1,25.00000719339413,25.00000719339413,25.00000719339413,C,minimum
EVENING_BANK,shoulder,shoulder,hvac_group,zone_only,maximum_zone_sensible_cooling_interval_peak_kw,1,24.401404141709516,24.401404141709516,24.401404141709516,kW,maximum
EVENING_BANK,shoulder,shoulder,hvac_group,zone_only,maximum_zone_sensible_heating_interval_peak_kw,1,0.0,0.0,0.0,kW,maximum
EVENING_BANK,shoulder,shoulder,hvac_group,zone_only,relative_humidity_maximum_percent,1,27.78563711669282,27.78563711669282,27.78563711669282,%,maximum
EVENING_BANK,shoulder,shoulder,hvac_group,zone_only,relative_humidity_mean_percent,1,26.79524086577307,26.79524086577307,26.79524086577307,%,area_weighted_mean
EVENING_BANK,shoulder,shoulder,hvac_group,zone_only,relative_humidity_minimum_percent,1,25.92329286885424,25.92329286885424,25.92329286885424,%,minimum
EVENING_BANK,shoulder,shoulder,hvac_group,zone_only,sensible_cooling_kwh,1,469.5986652626231,469.5986652626231,469.5986652626231,kWh,sum
EVENING_BANK,shoulder,shoulder,hvac_group,zone_only,sensible_heating_kwh,1,0.0,0.0,0.0,kWh,sum
EVENING_BANK,shoulder,shoulder,region,central_sector_1,air_temperature_maximum_c,1,26.00022995970747,26.00022995970747,26.00022995970747,C,maximum
EVENING_BANK,shoulder,shoulder,region,central_sector_1,air_temperature_mean_c,1,21.223509809711604,21.223509809711604,21.223509809711604,C,area_weighted_mean
EVENING_BANK,shoulder,shoulder,region,central_sector_1,air_temperature_minimum_c,1,19.99422955409339,19.99422955409339,19.99422955409339,C,minimum
EVENING_BANK,shoulder,shoulder,region,central_sector_1,maximum_zone_people_latent_gain_interval_peak_kw,1,75.25459071726337,75.25459071726337,75.25459071726337,kW,maximum
EVENING_BANK,shoulder,shoulder,region,central_sector_1,maximum_zone_people_radiant_gain_interval_peak_kw,1,31.291563312423634,31.291563312423634,31.291563312423634,kW,maximum
EVENING_BANK,shoulder,shoulder,region,central_sector_1,maximum_zone_people_sensible_gain_interval_peak_kw,1,104.30521104141211,104.30521104141211,104.30521104141211,kW,maximum
EVENING_BANK,shoulder,shoulder,region,central_sector_1,maximum_zone_sensible_cooling_interval_peak_kw,1,192.21228373221894,192.21228373221894,192.21228373221894,kW,maximum
EVENING_BANK,shoulder,shoulder,region,central_sector_1,maximum_zone_sensible_heating_interval_peak_kw,1,13.23527294062582,13.23527294062582,13.23527294062582,kW,maximum
EVENING_BANK,shoulder,shoulder,region,central_sector_1,outdoor_air_maximum_m3_s,1,14.11211553011662,14.11211553011662,14.11211553011662,m3/s,maximum
EVENING_BANK,shoulder,shoulder,region,central_sector_1,outdoor_air_mean_m3_s,1,81.51889106407218,81.51889106407218,81.51889106407218,m3/s,sum
EVENING_BANK,shoulder,shoulder,region,central_sector_1,outdoor_air_minimum_m3_s,1,0.22475638640039203,0.22475638640039203,0.22475638640039203,m3/s,minimum
EVENING_BANK,shoulder,shoulder,region,central_sector_1,people_latent_gain_kwh,1,1531.5329182715154,1531.5329182715154,1531.5329182715154,kWh,sum
EVENING_BANK,shoulder,shoulder,region,central_sector_1,people_radiant_gain_kwh,1,670.0942001403333,670.0942001403333,670.0942001403333,kWh,sum
EVENING_BANK,shoulder,shoulder,region,central_sector_1,people_sensible_gain_kwh,1,2233.647333801111,2233.647333801111,2233.647333801111,kWh,sum
EVENING_BANK,shoulder,shoulder,region,central_sector_1,relative_humidity_maximum_percent,1,45.98091639516402,45.98091639516402,45.98091639516402,%,maximum
EVENING_BANK,shoulder,shoulder,region,central_sector_1,relative_humidity_mean_percent,1,34.99859671505081,34.99859671505081,34.99859671505081,%,area_weighted_mean
EVENING_BANK,shoulder,shoulder,region,central_sector_1,relative_humidity_minimum_percent,1,22.67049940859078,22.67049940859078,22.67049940859078,%,minimum
EVENING_BANK,shoulder,shoulder,region,central_sector_1,sensible_cooling_kwh,1,14988.691580892704,14988.691580892704,14988.691580892704,kWh,sum
EVENING_BANK,shoulder,shoulder,region,central_sector_1,sensible_heating_kwh,1,1012.7812203353875,1012.7812203353875,1012.7812203353875,kWh,sum
EVENING_BANK,shoulder,shoulder,region,central_sector_2,air_temperature_maximum_c,1,26.000212575003594,26.000212575003594,26.000212575003594,C,maximum
EVENING_BANK,shoulder,shoulder,region,central_sector_2,air_temperature_mean_c,1,21.130847761578426,21.130847761578426,21.130847761578426,C,area_weighted_mean
EVENING_BANK,shoulder,shoulder,region,central_sector_2,air_temperature_minimum_c,1,19.99160930525978,19.99160930525978,19.99160930525978,C,minimum
EVENING_BANK,shoulder,shoulder,region,central_sector_2,maximum_zone_people_latent_gain_interval_peak_kw,1,23.972554745236103,23.972554745236103,23.972554745236103,kW,maximum
EVENING_BANK,shoulder,shoulder,region,central_sector_2,maximum_zone_people_radiant_gain_interval_peak_kw,1,9.642960941321132,9.642960941321132,9.642960941321132,kW,maximum
EVENING_BANK,shoulder,shoulder,region,central_sector_2,maximum_zone_people_sensible_gain_interval_peak_kw,1,32.14320313773711,32.14320313773711,32.14320313773711,kW,maximum
EVENING_BANK,shoulder,shoulder,region,central_sector_2,maximum_zone_sensible_cooling_interval_peak_kw,1,363.26409639953,363.26409639953,363.26409639953,kW,maximum
EVENING_BANK,shoulder,shoulder,region,central_sector_2,maximum_zone_sensible_heating_interval_peak_kw,1,29.626803726002894,29.626803726002894,29.626803726002894,kW,maximum
EVENING_BANK,shoulder,shoulder,region,central_sector_2,outdoor_air_maximum_m3_s,1,29.315012804618327,29.315012804618327,29.315012804618327,m3/s,maximum
EVENING_BANK,shoulder,shoulder,region,central_sector_2,outdoor_air_mean_m3_s,1,160.3674966671556,160.3674966671556,160.3674966671556,m3/s,sum
EVENING_BANK,shoulder,shoulder,region,central_sector_2,outdoor_air_minimum_m3_s,1,0.8271542611042956,0.8271542611042956,0.8271542611042956,m3/s,minimum
EVENING_BANK,shoulder,shoulder,region,central_sector_2,people_latent_gain_kwh,1,862.2263266103462,862.2263266103462,862.2263266103462,kWh,sum
EVENING_BANK,shoulder,shoulder,region,central_sector_2,people_radiant_gain_kwh,1,410.1339478439483,410.1339478439483,410.1339478439483,kWh,sum
EVENING_BANK,shoulder,shoulder,region,central_sector_2,people_sensible_gain_kwh,1,1367.1131594798278,1367.1131594798278,1367.1131594798278,kWh,sum
EVENING_BANK,shoulder,shoulder,region,central_sector_2,relative_humidity_maximum_percent,1,46.37168887782552,46.37168887782552,46.37168887782552,%,maximum
EVENING_BANK,shoulder,shoulder,region,central_sector_2,relative_humidity_mean_percent,1,34.42541524004061,34.42541524004061,34.42541524004061,%,area_weighted_mean
EVENING_BANK,shoulder,shoulder,region,central_sector_2,relative_humidity_minimum_percent,1,22.65200268817885,22.65200268817885,22.65200268817885,%,minimum
EVENING_BANK,shoulder,shoulder,region,central_sector_2,sensible_cooling_kwh,1,30541.543522510958,30541.543522510958,30541.543522510958,kWh,sum
EVENING_BANK,shoulder,shoulder,region,central_sector_2,sensible_heating_kwh,1,1405.382755178162,1405.382755178162,1405.382755178162,kWh,sum
EVENING_BANK,shoulder,shoulder,region,northeast_pier,air_temperature_maximum_c,1,26.000180669805417,26.000180669805417,26.000180669805417,C,maximum
EVENING_BANK,shoulder,shoulder,region,northeast_pier,air_temperature_mean_c,1,20.907266312397653,20.907266312397653,20.907266312397653,C,area_weighted_mean
EVENING_BANK,shoulder,shoulder,region,northeast_pier,air_temperature_minimum_c,1,19.993228669300706,19.993228669300706,19.993228669300706,C,minimum
EVENING_BANK,shoulder,shoulder,region,northeast_pier,maximum_zone_people_latent_gain_interval_peak_kw,1,54.110523999414085,54.110523999414085,54.110523999414085,kW,maximum
EVENING_BANK,shoulder,shoulder,region,northeast_pier,maximum_zone_people_radiant_gain_interval_peak_kw,1,21.738775904226085,21.738775904226085,21.738775904226085,kW,maximum
EVENING_BANK,shoulder,shoulder,region,northeast_pier,maximum_zone_people_sensible_gain_interval_peak_kw,1,72.46258634742028,72.46258634742028,72.46258634742028,kW,maximum
EVENING_BANK,shoulder,shoulder,region,northeast_pier,maximum_zone_sensible_cooling_interval_peak_kw,1,72.07854940887398,72.07854940887398,72.07854940887398,kW,maximum
EVENING_BANK,shoulder,shoulder,region,northeast_pier,maximum_zone_sensible_heating_interval_peak_kw,1,18.1899596988852,18.1899596988852,18.1899596988852,kW,maximum
EVENING_BANK,shoulder,shoulder,region,northeast_pier,outdoor_air_maximum_m3_s,1,5.159861000778294,5.159861000778294,5.159861000778294,m3/s,maximum
EVENING_BANK,shoulder,shoulder,region,northeast_pier,outdoor_air_mean_m3_s,1,44.436457808474124,44.436457808474124,44.436457808474124,m3/s,sum
EVENING_BANK,shoulder,shoulder,region,northeast_pier,outdoor_air_minimum_m3_s,1,0.04519762363258265,0.04519762363258265,0.04519762363258265,m3/s,minimum
EVENING_BANK,shoulder,shoulder,region,northeast_pier,people_latent_gain_kwh,1,1211.591463173551,1211.591463173551,1211.591463173551,kWh,sum
EVENING_BANK,shoulder,shoulder,region,northeast_pier,people_radiant_gain_kwh,1,565.1914826099271,565.1914826099271,565.1914826099271,kWh,sum
EVENING_BANK,shoulder,shoulder,region,northeast_pier,people_sensible_gain_kwh,1,1883.9716086997573,1883.9716086997573,1883.9716086997573,kWh,sum
EVENING_BANK,shoulder,shoulder,region,northeast_pier,relative_humidity_maximum_percent,1,47.68691946810476,47.68691946810476,47.68691946810476,%,maximum
EVENING_BANK,shoulder,shoulder,region,northeast_pier,relative_humidity_mean_percent,1,36.032467622506914,36.032467622506914,36.032467622506914,%,area_weighted_mean
EVENING_BANK,shoulder,shoulder,region,northeast_pier,relative_humidity_minimum_percent,1,22.68083611548544,22.68083611548544,22.68083611548544,%,minimum
EVENING_BANK,shoulder,shoulder,region,northeast_pier,sensible_cooling_kwh,1,7320.6406218367165,7320.6406218367165,7320.6406218367165,kWh,sum
EVENING_BANK,shoulder,shoulder,region,northeast_pier,sensible_heating_kwh,1,555.4115899129405,555.4115899129405,555.4115899129405,kWh,sum
EVENING_BANK,shoulder,shoulder,region,northwest_pier,air_temperature_maximum_c,1,26.000148858994425,26.000148858994425,26.000148858994425,C,maximum
EVENING_BANK,shoulder,shoulder,region,northwest_pier,air_temperature_mean_c,1,20.97047140299421,20.97047140299421,20.97047140299421,C,area_weighted_mean
EVENING_BANK,shoulder,shoulder,region,northwest_pier,air_temperature_minimum_c,1,19.992266697703307,19.992266697703307,19.992266697703307,C,minimum
EVENING_BANK,shoulder,shoulder,region,northwest_pier,maximum_zone_people_latent_gain_interval_peak_kw,1,33.83946666359405,33.83946666359405,33.83946666359405,kW,maximum
EVENING_BANK,shoulder,shoulder,region,northwest_pier,maximum_zone_people_radiant_gain_interval_peak_kw,1,13.306921609319883,13.306921609319883,13.306921609319883,kW,maximum
EVENING_BANK,shoulder,shoulder,region,northwest_pier,maximum_zone_people_sensible_gain_interval_peak_kw,1,44.35640536439961,44.35640536439961,44.35640536439961,kW,maximum
EVENING_BANK,shoulder,shoulder,region,northwest_pier,maximum_zone_sensible_cooling_interval_peak_kw,1,51.67977946367381,51.67977946367381,51.67977946367381,kW,maximum
EVENING_BANK,shoulder,shoulder,region,northwest_pier,maximum_zone_sensible_heating_interval_peak_kw,1,11.186840424133857,11.186840424133857,11.186840424133857,kW,maximum
EVENING_BANK,shoulder,shoulder,region,northwest_pier,outdoor_air_maximum_m3_s,1,3.688499780098824,3.688499780098824,3.688499780098824,m3/s,maximum
EVENING_BANK,shoulder,shoulder,region,northwest_pier,outdoor_air_mean_m3_s,1,41.50064025707469,41.50064025707469,41.50064025707469,m3/s,sum
EVENING_BANK,shoulder,shoulder,region,northwest_pier,outdoor_air_minimum_m3_s,1,0.028781814594196313,0.028781814594196313,0.028781814594196313,m3/s,minimum
EVENING_BANK,shoulder,shoulder,region,northwest_pier,people_latent_gain_kwh,1,1119.3461770697118,1119.3461770697118,1119.3461770697118,kWh,sum
EVENING_BANK,shoulder,shoulder,region,northwest_pier,people_radiant_gain_kwh,1,515.7733489123582,515.7733489123582,515.7733489123582,kWh,sum
EVENING_BANK,shoulder,shoulder,region,northwest_pier,people_sensible_gain_kwh,1,1719.2444963745274,1719.2444963745274,1719.2444963745274,kWh,sum
EVENING_BANK,shoulder,shoulder,region,northwest_pier,relative_humidity_maximum_percent,1,56.1515444650277,56.1515444650277,56.1515444650277,%,maximum
EVENING_BANK,shoulder,shoulder,region,northwest_pier,relative_humidity_mean_percent,1,35.93022356122686,35.93022356122686,35.93022356122686,%,area_weighted_mean
EVENING_BANK,shoulder,shoulder,region,northwest_pier,relative_humidity_minimum_percent,1,22.675774261943324,22.675774261943324,22.675774261943324,%,minimum
EVENING_BANK,shoulder,shoulder,region,northwest_pier,sensible_cooling_kwh,1,6928.220817821569,6928.220817821569,6928.220817821569,kWh,sum
EVENING_BANK,shoulder,shoulder,region,northwest_pier,sensible_heating_kwh,1,544.8877941062599,544.8877941062599,544.8877941062599,kWh,sum
EVENING_BANK,shoulder,shoulder,region,south_central_pier,air_temperature_maximum_c,1,26.00015517130153,26.00015517130153,26.00015517130153,C,maximum
EVENING_BANK,shoulder,shoulder,region,south_central_pier,air_temperature_mean_c,1,20.64002986052826,20.64002986052826,20.64002986052826,C,area_weighted_mean
EVENING_BANK,shoulder,shoulder,region,south_central_pier,air_temperature_minimum_c,1,19.994643830607675,19.994643830607675,19.994643830607675,C,minimum
EVENING_BANK,shoulder,shoulder,region,south_central_pier,maximum_zone_people_latent_gain_interval_peak_kw,1,4.394682474748023,4.394682474748023,4.394682474748023,kW,maximum
EVENING_BANK,shoulder,shoulder,region,south_central_pier,maximum_zone_people_radiant_gain_interval_peak_kw,1,1.7700315645471443,1.7700315645471443,1.7700315645471443,kW,maximum
EVENING_BANK,shoulder,shoulder,region,south_central_pier,maximum_zone_people_sensible_gain_interval_peak_kw,1,5.900105215157148,5.900105215157148,5.900105215157148,kW,maximum
EVENING_BANK,shoulder,shoulder,region,south_central_pier,maximum_zone_sensible_cooling_interval_peak_kw,1,63.75748758581741,63.75748758581741,63.75748758581741,kW,maximum
EVENING_BANK,shoulder,shoulder,region,south_central_pier,maximum_zone_sensible_heating_interval_peak_kw,1,22.05955104389513,22.05955104389513,22.05955104389513,kW,maximum
EVENING_BANK,shoulder,shoulder,region,south_central_pier,outdoor_air_maximum_m3_s,1,5.648544221480913,5.648544221480913,5.648544221480913,m3/s,maximum
EVENING_BANK,shoulder,shoulder,region,south_central_pier,outdoor_air_mean_m3_s,1,29.01132571825643,29.01132571825643,29.01132571825643,m3/s,sum
EVENING_BANK,shoulder,shoulder,region,south_central_pier,outdoor_air_minimum_m3_s,1,0.10329827304148363,0.10329827304148363,0.10329827304148363,m3/s,minimum
EVENING_BANK,shoulder,shoulder,region,south_central_pier,people_latent_gain_kwh,1,157.23509937897666,157.23509937897666,157.23509937897666,kWh,sum
EVENING_BANK,shoulder,shoulder,region,south_central_pier,people_radiant_gain_kwh,1,67.85103539553796,67.85103539553796,67.85103539553796,kWh,sum
EVENING_BANK,shoulder,shoulder,region,south_central_pier,people_sensible_gain_kwh,1,226.17011798512658,226.17011798512658,226.17011798512658,kWh,sum
EVENING_BANK,shoulder,shoulder,region,south_central_pier,relative_humidity_maximum_percent,1,48.09363860115511,48.09363860115511,48.09363860115511,%,maximum
EVENING_BANK,shoulder,shoulder,region,south_central_pier,relative_humidity_mean_percent,1,35.18156267726012,35.18156267726012,35.18156267726012,%,area_weighted_mean
EVENING_BANK,shoulder,shoulder,region,south_central_pier,relative_humidity_minimum_percent,1,23.42519009757049,23.42519009757049,23.42519009757049,%,minimum
EVENING_BANK,shoulder,shoulder,region,south_central_pier,sensible_cooling_kwh,1,4434.557660516135,4434.557660516135,4434.557660516135,kWh,sum
EVENING_BANK,shoulder,shoulder,region,south_central_pier,sensible_heating_kwh,1,661.8554435770392,661.8554435770392,661.8554435770392,kWh,sum
EVENING_BANK,shoulder,shoulder,region,southeast_pier,air_temperature_maximum_c,1,26.004759710514634,26.004759710514634,26.004759710514634,C,maximum
EVENING_BANK,shoulder,shoulder,region,southeast_pier,air_temperature_mean_c,1,20.971423928491408,20.971423928491408,20.971423928491408,C,area_weighted_mean
EVENING_BANK,shoulder,shoulder,region,southeast_pier,air_temperature_minimum_c,1,19.976704144290267,19.976704144290267,19.976704144290267,C,minimum
EVENING_BANK,shoulder,shoulder,region,southeast_pier,maximum_zone_people_latent_gain_interval_peak_kw,1,55.43541242611829,55.43541242611829,55.43541242611829,kW,maximum
EVENING_BANK,shoulder,shoulder,region,southeast_pier,maximum_zone_people_radiant_gain_interval_peak_kw,1,22.511287065809572,22.511287065809572,22.511287065809572,kW,maximum
EVENING_BANK,shoulder,shoulder,region,southeast_pier,maximum_zone_people_sensible_gain_interval_peak_kw,1,75.03762355269858,75.03762355269858,75.03762355269858,kW,maximum
EVENING_BANK,shoulder,shoulder,region,southeast_pier,maximum_zone_sensible_cooling_interval_peak_kw,1,81.28528348156499,81.28528348156499,81.28528348156499,kW,maximum
EVENING_BANK,shoulder,shoulder,region,southeast_pier,maximum_zone_sensible_heating_interval_peak_kw,1,6.555453141369217,6.555453141369217,6.555453141369217,kW,maximum
EVENING_BANK,shoulder,shoulder,region,southeast_pier,outdoor_air_maximum_m3_s,1,5.689097325255643,5.689097325255643,5.689097325255643,m3/s,maximum
EVENING_BANK,shoulder,shoulder,region,southeast_pier,outdoor_air_mean_m3_s,1,76.42406130327103,76.42406130327103,76.42406130327103,m3/s,sum
EVENING_BANK,shoulder,shoulder,region,southeast_pier,outdoor_air_minimum_m3_s,1,0.03689236111111094,0.03689236111111094,0.03689236111111094,m3/s,minimum
EVENING_BANK,shoulder,shoulder,region,southeast_pier,people_latent_gain_kwh,1,1779.1048372246971,1779.1048372246971,1779.1048372246971,kWh,sum
EVENING_BANK,shoulder,shoulder,region,southeast_pier,people_radiant_gain_kwh,1,820.5837597602555,820.5837597602555,820.5837597602555,kWh,sum
EVENING_BANK,shoulder,shoulder,region,southeast_pier,people_sensible_gain_kwh,1,2735.2791992008515,2735.2791992008515,2735.2791992008515,kWh,sum
EVENING_BANK,shoulder,shoulder,region,southeast_pier,relative_humidity_maximum_percent,1,50.09396828045685,50.09396828045685,50.09396828045685,%,maximum
EVENING_BANK,shoulder,shoulder,region,southeast_pier,relative_humidity_mean_percent,1,36.15129220289047,36.15129220289047,36.15129220289047,%,area_weighted_mean
EVENING_BANK,shoulder,shoulder,region,southeast_pier,relative_humidity_minimum_percent,1,22.374326378232382,22.374326378232382,22.374326378232382,%,minimum
EVENING_BANK,shoulder,shoulder,region,southeast_pier,sensible_cooling_kwh,1,14386.645182541322,14386.645182541322,14386.645182541322,kWh,sum
EVENING_BANK,shoulder,shoulder,region,southeast_pier,sensible_heating_kwh,1,309.3970549757443,309.3970549757443,309.3970549757443,kWh,sum
EVENING_BANK,shoulder,shoulder,region,southwest_pier,air_temperature_maximum_c,1,26.000122678073026,26.000122678073026,26.000122678073026,C,maximum
EVENING_BANK,shoulder,shoulder,region,southwest_pier,air_temperature_mean_c,1,21.003748502191662,21.003748502191662,21.003748502191662,C,area_weighted_mean
EVENING_BANK,shoulder,shoulder,region,southwest_pier,air_temperature_minimum_c,1,19.99082336578378,19.99082336578378,19.99082336578378,C,minimum
EVENING_BANK,shoulder,shoulder,region,southwest_pier,maximum_zone_people_latent_gain_interval_peak_kw,1,44.332348593056295,44.332348593056295,44.332348593056295,kW,maximum
EVENING_BANK,shoulder,shoulder,region,southwest_pier,maximum_zone_people_radiant_gain_interval_peak_kw,1,17.513042228315523,17.513042228315523,17.513042228315523,kW,maximum
EVENING_BANK,shoulder,shoulder,region,southwest_pier,maximum_zone_people_sensible_gain_interval_peak_kw,1,58.37680742771842,58.37680742771842,58.37680742771842,kW,maximum
EVENING_BANK,shoulder,shoulder,region,southwest_pier,maximum_zone_sensible_cooling_interval_peak_kw,1,71.42964373491266,71.42964373491266,71.42964373491266,kW,maximum
EVENING_BANK,shoulder,shoulder,region,southwest_pier,maximum_zone_sensible_heating_interval_peak_kw,1,8.129972679557882,8.129972679557882,8.129972679557882,kW,maximum
EVENING_BANK,shoulder,shoulder,region,southwest_pier,outdoor_air_maximum_m3_s,1,5.074103938819336,5.074103938819336,5.074103938819336,m3/s,maximum
EVENING_BANK,shoulder,shoulder,region,southwest_pier,outdoor_air_mean_m3_s,1,50.0255108622818,50.0255108622818,50.0255108622818,m3/s,sum
EVENING_BANK,shoulder,shoulder,region,southwest_pier,outdoor_air_minimum_m3_s,1,0.04365308726947315,0.04365308726947315,0.04365308726947315,m3/s,minimum
EVENING_BANK,shoulder,shoulder,region,southwest_pier,people_latent_gain_kwh,1,1806.323339871814,1806.323339871814,1806.323339871814,kWh,sum
EVENING_BANK,shoulder,shoulder,region,southwest_pier,people_radiant_gain_kwh,1,827.506405606088,827.506405606088,827.506405606088,kWh,sum
EVENING_BANK,shoulder,shoulder,region,southwest_pier,people_sensible_gain_kwh,1,2758.354685353627,2758.354685353627,2758.354685353627,kWh,sum
EVENING_BANK,shoulder,shoulder,region,southwest_pier,relative_humidity_maximum_percent,1,49.74363645473905,49.74363645473905,49.74363645473905,%,maximum
EVENING_BANK,shoulder,shoulder,region,southwest_pier,relative_humidity_mean_percent,1,36.41778640219399,36.41778640219399,36.41778640219399,%,area_weighted_mean
EVENING_BANK,shoulder,shoulder,region,southwest_pier,relative_humidity_minimum_percent,1,22.505197984013442,22.505197984013442,22.505197984013442,%,minimum
EVENING_BANK,shoulder,shoulder,region,southwest_pier,sensible_cooling_kwh,1,8713.66369213626,8713.66369213626,8713.66369213626,kWh,sum
EVENING_BANK,shoulder,shoulder,region,southwest_pier,sensible_heating_kwh,1,366.33818249893204,366.33818249893204,366.33818249893204,kWh,sum
MIDDAY_BANK,shoulder,shoulder,function,arrival_exit,air_temperature_maximum_c,1,23.79944799648335,23.79944799648335,23.79944799648335,C,maximum
MIDDAY_BANK,shoulder,shoulder,function,arrival_exit,air_temperature_mean_c,1,21.03443563971751,21.03443563971751,21.03443563971751,C,area_weighted_mean
MIDDAY_BANK,shoulder,shoulder,function,arrival_exit,air_temperature_minimum_c,1,19.994479095315405,19.994479095315405,19.994479095315405,C,minimum
MIDDAY_BANK,shoulder,shoulder,function,arrival_exit,maximum_zone_people_latent_gain_interval_peak_kw,1,2.860019993391308,2.860019993391308,2.860019993391308,kW,maximum
MIDDAY_BANK,shoulder,shoulder,function,arrival_exit,maximum_zone_people_radiant_gain_interval_peak_kw,1,1.39555711410699,1.39555711410699,1.39555711410699,kW,maximum
MIDDAY_BANK,shoulder,shoulder,function,arrival_exit,maximum_zone_people_sensible_gain_interval_peak_kw,1,4.6518570470233,4.6518570470233,4.6518570470233,kW,maximum
MIDDAY_BANK,shoulder,shoulder,function,arrival_exit,maximum_zone_sensible_cooling_interval_peak_kw,1,73.29379552692929,73.29379552692929,73.29379552692929,kW,maximum
MIDDAY_BANK,shoulder,shoulder,function,arrival_exit,maximum_zone_sensible_heating_interval_peak_kw,1,6.487584224484628,6.487584224484628,6.487584224484628,kW,maximum
MIDDAY_BANK,shoulder,shoulder,function,arrival_exit,outdoor_air_maximum_m3_s,1,5.577995371335959,5.577995371335959,5.577995371335959,m3/s,maximum
MIDDAY_BANK,shoulder,shoulder,function,arrival_exit,outdoor_air_mean_m3_s,1,19.58558592893986,19.58558592893986,19.58558592893986,m3/s,sum
MIDDAY_BANK,shoulder,shoulder,function,arrival_exit,outdoor_air_minimum_m3_s,1,0.7115705369118219,0.7115705369118219,0.7115705369118219,m3/s,minimum
MIDDAY_BANK,shoulder,shoulder,function,arrival_exit,people_latent_gain_kwh,1,33.42452402161331,33.42452402161331,33.42452402161331,kWh,sum
MIDDAY_BANK,shoulder,shoulder,function,arrival_exit,people_radiant_gain_kwh,1,18.172970100133437,18.172970100133437,18.172970100133437,kWh,sum
MIDDAY_BANK,shoulder,shoulder,function,arrival_exit,people_sensible_gain_kwh,1,60.57656700044479,60.57656700044479,60.57656700044479,kWh,sum
MIDDAY_BANK,shoulder,shoulder,function,arrival_exit,relative_humidity_maximum_percent,1,42.68436397369467,42.68436397369467,42.68436397369467,%,maximum
MIDDAY_BANK,shoulder,shoulder,function,arrival_exit,relative_humidity_mean_percent,1,34.59805886953929,34.59805886953929,34.59805886953929,%,area_weighted_mean
MIDDAY_BANK,shoulder,shoulder,function,arrival_exit,relative_humidity_minimum_percent,1,27.069467618193688,27.069467618193688,27.069467618193688,%,minimum
MIDDAY_BANK,shoulder,shoulder,function,arrival_exit,sensible_cooling_kwh,1,3670.633560584267,3670.633560584267,3670.633560584267,kWh,sum
MIDDAY_BANK,shoulder,shoulder,function,arrival_exit,sensible_heating_kwh,1,68.67898170875294,68.67898170875294,68.67898170875294,kWh,sum
MIDDAY_BANK,shoulder,shoulder,function,baggage_claim,air_temperature_maximum_c,1,24.637242678017113,24.637242678017113,24.637242678017113,C,maximum
MIDDAY_BANK,shoulder,shoulder,function,baggage_claim,air_temperature_mean_c,1,21.1539551545083,21.1539551545083,21.1539551545083,C,area_weighted_mean
MIDDAY_BANK,shoulder,shoulder,function,baggage_claim,air_temperature_minimum_c,1,19.99524376138227,19.99524376138227,19.99524376138227,C,minimum
MIDDAY_BANK,shoulder,shoulder,function,baggage_claim,maximum_zone_people_latent_gain_interval_peak_kw,1,71.021659394102,71.021659394102,71.021659394102,kW,maximum
MIDDAY_BANK,shoulder,shoulder,function,baggage_claim,maximum_zone_people_radiant_gain_interval_peak_kw,1,31.45081544668445,31.45081544668445,31.45081544668445,kW,maximum
MIDDAY_BANK,shoulder,shoulder,function,baggage_claim,maximum_zone_people_sensible_gain_interval_peak_kw,1,104.83605148894817,104.83605148894817,104.83605148894817,kW,maximum
MIDDAY_BANK,shoulder,shoulder,function,baggage_claim,maximum_zone_sensible_cooling_interval_peak_kw,1,193.28579449257512,193.28579449257512,193.28579449257512,kW,maximum
MIDDAY_BANK,shoulder,shoulder,function,baggage_claim,maximum_zone_sensible_heating_interval_peak_kw,1,5.485640640579339,5.485640640579339,5.485640640579339,kW,maximum
MIDDAY_BANK,shoulder,shoulder,function,baggage_claim,outdoor_air_maximum_m3_s,1,13.629869033108658,13.629869033108658,13.629869033108658,m3/s,maximum
MIDDAY_BANK,shoulder,shoulder,function,baggage_claim,outdoor_air_mean_m3_s,1,35.82189903294792,35.82189903294792,35.82189903294792,m3/s,sum
MIDDAY_BANK,shoulder,shoulder,function,baggage_claim,outdoor_air_minimum_m3_s,1,4.070568950708836,4.070568950708836,4.070568950708836,m3/s,minimum
MIDDAY_BANK,shoulder,shoulder,function,baggage_claim,people_latent_gain_kwh,1,717.0968211112971,717.0968211112971,717.0968211112971,kWh,sum
MIDDAY_BANK,shoulder,shoulder,function,baggage_claim,people_radiant_gain_kwh,1,348.87750033876995,348.87750033876995,348.87750033876995,kWh,sum
MIDDAY_BANK,shoulder,shoulder,function,baggage_claim,people_sensible_gain_kwh,1,1162.9250011292331,1162.9250011292331,1162.9250011292331,kWh,sum
MIDDAY_BANK,shoulder,shoulder,function,baggage_claim,relative_humidity_maximum_percent,1,42.30538414049617,42.30538414049617,42.30538414049617,%,maximum
MIDDAY_BANK,shoulder,shoulder,function,baggage_claim,relative_humidity_mean_percent,1,35.12566149719566,35.12566149719566,35.12566149719566,%,area_weighted_mean
MIDDAY_BANK,shoulder,shoulder,function,baggage_claim,relative_humidity_minimum_percent,1,28.378087275447307,28.378087275447307,28.378087275447307,%,minimum
MIDDAY_BANK,shoulder,shoulder,function,baggage_claim,sensible_cooling_kwh,1,7072.542778278354,7072.542778278354,7072.542778278354,kWh,sum
MIDDAY_BANK,shoulder,shoulder,function,baggage_claim,sensible_heating_kwh,1,13.417379164758684,13.417379164758684,13.417379164758684,kWh,sum
MIDDAY_BANK,shoulder,shoulder,function,central_hall,air_temperature_maximum_c,1,23.89924660993314,23.89924660993314,23.89924660993314,C,maximum
MIDDAY_BANK,shoulder,shoulder,function,central_hall,air_temperature_mean_c,1,20.71598977953502,20.71598977953502,20.71598977953502,C,area_weighted_mean
MIDDAY_BANK,shoulder,shoulder,function,central_hall,air_temperature_minimum_c,1,19.995981849639207,19.995981849639207,19.995981849639207,C,minimum
MIDDAY_BANK,shoulder,shoulder,function,central_hall,maximum_zone_people_latent_gain_interval_peak_kw,1,8.830333737507603,8.830333737507603,8.830333737507603,kW,maximum
MIDDAY_BANK,shoulder,shoulder,function,central_hall,maximum_zone_people_radiant_gain_interval_peak_kw,1,4.919407380357256,4.919407380357256,4.919407380357256,kW,maximum
MIDDAY_BANK,shoulder,shoulder,function,central_hall,maximum_zone_people_sensible_gain_interval_peak_kw,1,16.398024601190855,16.398024601190855,16.398024601190855,kW,maximum
MIDDAY_BANK,shoulder,shoulder,function,central_hall,maximum_zone_sensible_cooling_interval_peak_kw,1,100.10234909934655,100.10234909934655,100.10234909934655,kW,maximum
MIDDAY_BANK,shoulder,shoulder,function,central_hall,maximum_zone_sensible_heating_interval_peak_kw,1,29.652820296758087,29.652820296758087,29.652820296758087,kW,maximum
MIDDAY_BANK,shoulder,shoulder,function,central_hall,outdoor_air_maximum_m3_s,1,8.22348663750965,8.22348663750965,8.22348663750965,m3/s,maximum
MIDDAY_BANK,shoulder,shoulder,function,central_hall,outdoor_air_mean_m3_s,1,57.9525865094875,57.9525865094875,57.9525865094875,m3/s,sum
MIDDAY_BANK,shoulder,shoulder,function,central_hall,outdoor_air_minimum_m3_s,1,0.9435139701597176,0.9435139701597176,0.9435139701597176,m3/s,minimum
MIDDAY_BANK,shoulder,shoulder,function,central_hall,people_latent_gain_kwh,1,450.13610105342514,450.13610105342514,450.13610105342514,kWh,sum
MIDDAY_BANK,shoulder,shoulder,function,central_hall,people_radiant_gain_kwh,1,270.3389557457941,270.3389557457941,270.3389557457941,kWh,sum
MIDDAY_BANK,shoulder,shoulder,function,central_hall,people_sensible_gain_kwh,1,901.1298524859805,901.1298524859805,901.1298524859805,kWh,sum
MIDDAY_BANK,shoulder,shoulder,function,central_hall,relative_humidity_maximum_percent,1,43.13837780963702,43.13837780963702,43.13837780963702,%,maximum
MIDDAY_BANK,shoulder,shoulder,function,central_hall,relative_humidity_mean_percent,1,35.493258726837574,35.493258726837574,35.493258726837574,%,area_weighted_mean
MIDDAY_BANK,shoulder,shoulder,function,central_hall,relative_humidity_minimum_percent,1,28.21313500199222,28.21313500199222,28.21313500199222,%,minimum
MIDDAY_BANK,shoulder,shoulder,function,central_hall,sensible_cooling_kwh,1,9107.329001931095,9107.329001931095,9107.329001931095,kWh,sum
MIDDAY_BANK,shoulder,shoulder,function,central_hall,sensible_heating_kwh,1,662.518224576871,662.518224576871,662.518224576871,kWh,sum
MIDDAY_BANK,shoulder,shoulder,function,concourse,air_temperature_maximum_c,1,23.628285300888578,23.628285300888578,23.628285300888578,C,maximum
MIDDAY_BANK,shoulder,shoulder,function,concourse,air_temperature_mean_c,1,20.59511451273113,20.59511451273113,20.59511451273113,C,area_weighted_mean
MIDDAY_BANK,shoulder,shoulder,function,concourse,air_temperature_minimum_c,1,19.994970517250962,19.994970517250962,19.994970517250962,C,minimum
MIDDAY_BANK,shoulder,shoulder,function,concourse,maximum_zone_people_latent_gain_interval_peak_kw,1,5.784235425187616,5.784235425187616,5.784235425187616,kW,maximum
MIDDAY_BANK,shoulder,shoulder,function,concourse,maximum_zone_people_radiant_gain_interval_peak_kw,1,3.249667690381992,3.249667690381992,3.249667690381992,kW,maximum
MIDDAY_BANK,shoulder,shoulder,function,concourse,maximum_zone_people_sensible_gain_interval_peak_kw,1,10.83222563460664,10.83222563460664,10.83222563460664,kW,maximum
MIDDAY_BANK,shoulder,shoulder,function,concourse,maximum_zone_sensible_cooling_interval_peak_kw,1,41.299565080051664,41.299565080051664,41.299565080051664,kW,maximum
MIDDAY_BANK,shoulder,shoulder,function,concourse,maximum_zone_sensible_heating_interval_peak_kw,1,18.372287644955097,18.372287644955097,18.372287644955097,kW,maximum
MIDDAY_BANK,shoulder,shoulder,function,concourse,outdoor_air_maximum_m3_s,1,3.3609478187116366,3.3609478187116366,3.3609478187116366,m3/s,maximum
MIDDAY_BANK,shoulder,shoulder,function,concourse,outdoor_air_mean_m3_s,1,23.11130555192144,23.11130555192144,23.11130555192144,m3/s,sum
MIDDAY_BANK,shoulder,shoulder,function,concourse,outdoor_air_minimum_m3_s,1,0.4639617343588773,0.4639617343588773,0.4639617343588773,m3/s,minimum
MIDDAY_BANK,shoulder,shoulder,function,concourse,people_latent_gain_kwh,1,176.42088979824155,176.42088979824155,176.42088979824155,kWh,sum
MIDDAY_BANK,shoulder,shoulder,function,concourse,people_radiant_gain_kwh,1,108.16814499846576,108.16814499846576,108.16814499846576,kWh,sum
MIDDAY_BANK,shoulder,shoulder,function,concourse,people_sensible_gain_kwh,1,360.5604833282192,360.5604833282192,360.5604833282192,kWh,sum
MIDDAY_BANK,shoulder,shoulder,function,concourse,relative_humidity_maximum_percent,1,42.822988515307664,42.822988515307664,42.822988515307664,%,maximum
MIDDAY_BANK,shoulder,shoulder,function,concourse,relative_humidity_mean_percent,1,36.0810037086321,36.0810037086321,36.0810037086321,%,area_weighted_mean
MIDDAY_BANK,shoulder,shoulder,function,concourse,relative_humidity_minimum_percent,1,28.478469265756583,28.478469265756583,28.478469265756583,%,minimum
MIDDAY_BANK,shoulder,shoulder,function,concourse,sensible_cooling_kwh,1,3383.6104559345567,3383.6104559345567,3383.6104559345567,kWh,sum
MIDDAY_BANK,shoulder,shoulder,function,concourse,sensible_heating_kwh,1,452.5740374294868,452.5740374294868,452.5740374294868,kWh,sum
MIDDAY_BANK,shoulder,shoulder,function,departure_entry,air_temperature_maximum_c,1,23.935940813270477,23.935940813270477,23.935940813270477,C,maximum
MIDDAY_BANK,shoulder,shoulder,function,departure_entry,air_temperature_mean_c,1,20.775534257616258,20.775534257616258,20.775534257616258,C,area_weighted_mean
MIDDAY_BANK,shoulder,shoulder,function,departure_entry,air_temperature_minimum_c,1,19.995671289704145,19.995671289704145,19.995671289704145,C,minimum
MIDDAY_BANK,shoulder,shoulder,function,departure_entry,maximum_zone_people_latent_gain_interval_peak_kw,1,37.70514417526092,37.70514417526092,37.70514417526092,kW,maximum
MIDDAY_BANK,shoulder,shoulder,function,departure_entry,maximum_zone_people_radiant_gain_interval_peak_kw,1,17.928045977900453,17.928045977900453,17.928045977900453,kW,maximum
MIDDAY_BANK,shoulder,shoulder,function,departure_entry,maximum_zone_people_sensible_gain_interval_peak_kw,1,59.760153259668165,59.760153259668165,59.760153259668165,kW,maximum
MIDDAY_BANK,shoulder,shoulder,function,departure_entry,maximum_zone_sensible_cooling_interval_peak_kw,1,60.8954485437472,60.8954485437472,60.8954485437472,kW,maximum
MIDDAY_BANK,shoulder,shoulder,function,departure_entry,maximum_zone_sensible_heating_interval_peak_kw,1,12.911002111242402,12.911002111242402,12.911002111242402,kW,maximum
MIDDAY_BANK,shoulder,shoulder,function,departure_entry,outdoor_air_maximum_m3_s,1,4.5732567200589775,4.5732567200589775,4.5732567200589775,m3/s,maximum
MIDDAY_BANK,shoulder,shoulder,function,departure_entry,outdoor_air_mean_m3_s,1,8.185584844293034,8.185584844293034,8.185584844293034,m3/s,sum
MIDDAY_BANK,shoulder,shoulder,function,departure_entry,outdoor_air_minimum_m3_s,1,2.888986450961928,2.888986450961928,2.888986450961928,m3/s,minimum
MIDDAY_BANK,shoulder,shoulder,function,departure_entry,people_latent_gain_kwh,1,250.14395694626128,250.14395694626128,250.14395694626128,kWh,sum
MIDDAY_BANK,shoulder,shoulder,function,departure_entry,people_radiant_gain_kwh,1,136.4592288308479,136.4592288308479,136.4592288308479,kWh,sum
MIDDAY_BANK,shoulder,shoulder,function,departure_entry,people_sensible_gain_kwh,1,454.8640961028264,454.8640961028264,454.8640961028264,kWh,sum
MIDDAY_BANK,shoulder,shoulder,function,departure_entry,relative_humidity_maximum_percent,1,42.79966631481248,42.79966631481248,42.79966631481248,%,maximum
MIDDAY_BANK,shoulder,shoulder,function,departure_entry,relative_humidity_mean_percent,1,36.175414138423854,36.175414138423854,36.175414138423854,%,area_weighted_mean
MIDDAY_BANK,shoulder,shoulder,function,departure_entry,relative_humidity_minimum_percent,1,29.209785029133073,29.209785029133073,29.209785029133073,%,minimum
MIDDAY_BANK,shoulder,shoulder,function,departure_entry,sensible_cooling_kwh,1,1259.8078347046917,1259.8078347046917,1259.8078347046917,kWh,sum
MIDDAY_BANK,shoulder,shoulder,function,departure_entry,sensible_heating_kwh,1,71.86122506948674,71.86122506948674,71.86122506948674,kWh,sum
MIDDAY_BANK,shoulder,shoulder,function,domestic_waiting,air_temperature_maximum_c,1,24.997165156260007,24.997165156260007,24.997165156260007,C,maximum
MIDDAY_BANK,shoulder,shoulder,function,domestic_waiting,air_temperature_mean_c,1,20.879082118946506,20.879082118946506,20.879082118946506,C,area_weighted_mean
MIDDAY_BANK,shoulder,shoulder,function,domestic_waiting,air_temperature_minimum_c,1,19.992109422087605,19.992109422087605,19.992109422087605,C,minimum
MIDDAY_BANK,shoulder,shoulder,function,domestic_waiting,maximum_zone_people_latent_gain_interval_peak_kw,1,55.100717810928415,55.100717810928415,55.100717810928415,kW,maximum
MIDDAY_BANK,shoulder,shoulder,function,domestic_waiting,maximum_zone_people_radiant_gain_interval_peak_kw,1,21.909941949985036,21.909941949985036,21.909941949985036,kW,maximum
MIDDAY_BANK,shoulder,shoulder,function,domestic_waiting,maximum_zone_people_sensible_gain_interval_peak_kw,1,73.03313983328347,73.03313983328347,73.03313983328347,kW,maximum
MIDDAY_BANK,shoulder,shoulder,function,domestic_waiting,maximum_zone_sensible_cooling_interval_peak_kw,1,82.9522056584659,82.9522056584659,82.9522056584659,kW,maximum
MIDDAY_BANK,shoulder,shoulder,function,domestic_waiting,maximum_zone_sensible_heating_interval_peak_kw,1,7.657226649816512,7.657226649816512,7.657226649816512,kW,maximum
MIDDAY_BANK,shoulder,shoulder,function,domestic_waiting,outdoor_air_maximum_m3_s,1,5.663932595477906,5.663932595477906,5.663932595477906,m3/s,maximum
MIDDAY_BANK,shoulder,shoulder,function,domestic_waiting,outdoor_air_mean_m3_s,1,139.01870186500355,139.01870186500355,139.01870186500355,m3/s,sum
MIDDAY_BANK,shoulder,shoulder,function,domestic_waiting,outdoor_air_minimum_m3_s,1,0.3008897742385967,0.3008897742385967,0.3008897742385967,m3/s,minimum
MIDDAY_BANK,shoulder,shoulder,function,domestic_waiting,people_latent_gain_kwh,1,5116.936185062917,5116.936185062917,5116.936185062917,kWh,sum
MIDDAY_BANK,shoulder,shoulder,function,domestic_waiting,people_radiant_gain_kwh,1,2392.4510799025797,2392.4510799025797,2392.4510799025797,kWh,sum
MIDDAY_BANK,shoulder,shoulder,function,domestic_waiting,people_sensible_gain_kwh,1,7974.8369330086,7974.8369330086,7974.8369330086,kWh,sum
MIDDAY_BANK,shoulder,shoulder,function,domestic_waiting,relative_humidity_maximum_percent,1,44.601238924440594,44.601238924440594,44.601238924440594,%,maximum
MIDDAY_BANK,shoulder,shoulder,function,domestic_waiting,relative_humidity_mean_percent,1,36.689500279772396,36.689500279772396,36.689500279772396,%,area_weighted_mean
MIDDAY_BANK,shoulder,shoulder,function,domestic_waiting,relative_humidity_minimum_percent,1,27.726655929614573,27.726655929614573,27.726655929614573,%,minimum
MIDDAY_BANK,shoulder,shoulder,function,domestic_waiting,sensible_cooling_kwh,1,24421.94963897779,24421.94963897779,24421.94963897779,kWh,sum
MIDDAY_BANK,shoulder,shoulder,function,domestic_waiting,sensible_heating_kwh,1,479.3893706925946,479.3893706925946,479.3893706925946,kWh,sum
MIDDAY_BANK,shoulder,shoulder,function,general_commercial,air_temperature_maximum_c,1,25.23786020620314,25.23786020620314,25.23786020620314,C,maximum
MIDDAY_BANK,shoulder,shoulder,function,general_commercial,air_temperature_mean_c,1,22.40887802941666,22.40887802941666,22.40887802941666,C,area_weighted_mean
MIDDAY_BANK,shoulder,shoulder,function,general_commercial,air_temperature_minimum_c,1,19.972739703962556,19.972739703962556,19.972739703962556,C,minimum
MIDDAY_BANK,shoulder,shoulder,function,general_commercial,maximum_zone_people_latent_gain_interval_peak_kw,1,6.691480825379809,6.691480825379809,6.691480825379809,kW,maximum
MIDDAY_BANK,shoulder,shoulder,function,general_commercial,maximum_zone_people_radiant_gain_interval_peak_kw,1,2.3528093644646315,2.3528093644646315,2.3528093644646315,kW,maximum
MIDDAY_BANK,shoulder,shoulder,function,general_commercial,maximum_zone_people_sensible_gain_interval_peak_kw,1,7.842697881548772,7.842697881548772,7.842697881548772,kW,maximum
MIDDAY_BANK,shoulder,shoulder,function,general_commercial,maximum_zone_sensible_cooling_interval_peak_kw,1,93.42011090276533,93.42011090276533,93.42011090276533,kW,maximum
MIDDAY_BANK,shoulder,shoulder,function,general_commercial,maximum_zone_sensible_heating_interval_peak_kw,1,14.775546494366878,14.775546494366878,14.775546494366878,kW,maximum
MIDDAY_BANK,shoulder,shoulder,function,general_commercial,outdoor_air_maximum_m3_s,1,6.398924732612212,6.398924732612212,6.398924732612212,m3/s,maximum
MIDDAY_BANK,shoulder,shoulder,function,general_commercial,outdoor_air_mean_m3_s,1,60.348562306974756,60.348562306974756,60.348562306974756,m3/s,sum
MIDDAY_BANK,shoulder,shoulder,function,general_commercial,outdoor_air_minimum_m3_s,1,0.045961991092974414,0.045961991092974414,0.045961991092974414,m3/s,minimum
MIDDAY_BANK,shoulder,shoulder,function,general_commercial,people_latent_gain_kwh,1,62.778563930624756,62.778563930624756,62.778563930624756,kWh,sum
MIDDAY_BANK,shoulder,shoulder,function,general_commercial,people_radiant_gain_kwh,1,23.731278842779663,23.731278842779663,23.731278842779663,kWh,sum
MIDDAY_BANK,shoulder,shoulder,function,general_commercial,people_sensible_gain_kwh,1,79.10426280926555,79.10426280926555,79.10426280926555,kWh,sum
MIDDAY_BANK,shoulder,shoulder,function,general_commercial,relative_humidity_maximum_percent,1,41.47613178608242,41.47613178608242,41.47613178608242,%,maximum
MIDDAY_BANK,shoulder,shoulder,function,general_commercial,relative_humidity_mean_percent,1,31.63034782449993,31.63034782449993,31.63034782449993,%,area_weighted_mean
MIDDAY_BANK,shoulder,shoulder,function,general_commercial,relative_humidity_minimum_percent,1,22.3764943734324,22.3764943734324,22.3764943734324,%,minimum
MIDDAY_BANK,shoulder,shoulder,function,general_commercial,sensible_cooling_kwh,1,13760.045925501727,13760.045925501727,13760.045925501727,kWh,sum
MIDDAY_BANK,shoulder,shoulder,function,general_commercial,sensible_heating_kwh,1,557.5405833936238,557.5405833936238,557.5405833936238,kWh,sum
MIDDAY_BANK,shoulder,shoulder,function,information_room,air_temperature_maximum_c,1,25.001786878266824,25.001786878266824,25.001786878266824,C,maximum
MIDDAY_BANK,shoulder,shoulder,function,information_room,air_temperature_mean_c,1,25.000403512858185,25.000403512858185,25.000403512858185,C,area_weighted_mean
MIDDAY_BANK,shoulder,shoulder,function,information_room,air_temperature_minimum_c,1,25.0000015507868,25.0000015507868,25.0000015507868,C,minimum
MIDDAY_BANK,shoulder,shoulder,function,information_room,maximum_zone_sensible_cooling_interval_peak_kw,1,24.924449110368197,24.924449110368197,24.924449110368197,kW,maximum
MIDDAY_BANK,shoulder,shoulder,function,information_room,maximum_zone_sensible_heating_interval_peak_kw,1,0.0,0.0,0.0,kW,maximum
MIDDAY_BANK,shoulder,shoulder,function,information_room,relative_humidity_maximum_percent,1,27.840806409072933,27.840806409072933,27.840806409072933,%,maximum
MIDDAY_BANK,shoulder,shoulder,function,information_room,relative_humidity_mean_percent,1,26.844222785518436,26.844222785518436,26.844222785518436,%,area_weighted_mean
MIDDAY_BANK,shoulder,shoulder,function,information_room,relative_humidity_minimum_percent,1,25.971337218568298,25.971337218568298,25.971337218568298,%,minimum
MIDDAY_BANK,shoulder,shoulder,function,information_room,sensible_cooling_kwh,1,469.85249597396637,469.85249597396637,469.85249597396637,kWh,sum
MIDDAY_BANK,shoulder,shoulder,function,information_room,sensible_heating_kwh,1,0.0,0.0,0.0,kWh,sum
MIDDAY_BANK,shoulder,shoulder,function,international_arrival,air_temperature_maximum_c,1,22.91326646178922,22.91326646178922,22.91326646178922,C,maximum
MIDDAY_BANK,shoulder,shoulder,function,international_arrival,air_temperature_mean_c,1,20.593230603258302,20.593230603258302,20.593230603258302,C,area_weighted_mean
MIDDAY_BANK,shoulder,shoulder,function,international_arrival,air_temperature_minimum_c,1,19.993894927600298,19.993894927600298,19.993894927600298,C,minimum
MIDDAY_BANK,shoulder,shoulder,function,international_arrival,maximum_zone_people_latent_gain_interval_peak_kw,1,2.7481450085372363,2.7481450085372363,2.7481450085372363,kW,maximum
MIDDAY_BANK,shoulder,shoulder,function,international_arrival,maximum_zone_people_radiant_gain_interval_peak_kw,1,1.7931490595010071,1.7931490595010071,1.7931490595010071,kW,maximum
MIDDAY_BANK,shoulder,shoulder,function,international_arrival,maximum_zone_people_sensible_gain_interval_peak_kw,1,5.977163531670024,5.977163531670024,5.977163531670024,kW,maximum
MIDDAY_BANK,shoulder,shoulder,function,international_arrival,maximum_zone_sensible_cooling_interval_peak_kw,1,67.71260932013854,67.71260932013854,67.71260932013854,kW,maximum
MIDDAY_BANK,shoulder,shoulder,function,international_arrival,maximum_zone_sensible_heating_interval_peak_kw,1,22.33461110933285,22.33461110933285,22.33461110933285,kW,maximum
MIDDAY_BANK,shoulder,shoulder,function,international_arrival,outdoor_air_maximum_m3_s,1,5.616448876723624,5.616448876723624,5.616448876723624,m3/s,maximum
MIDDAY_BANK,shoulder,shoulder,function,international_arrival,outdoor_air_mean_m3_s,1,27.211694163168634,27.211694163168634,27.211694163168634,m3/s,sum
MIDDAY_BANK,shoulder,shoulder,function,international_arrival,outdoor_air_minimum_m3_s,1,0.23368569471384437,0.23368569471384437,0.23368569471384437,m3/s,minimum
MIDDAY_BANK,shoulder,shoulder,function,international_arrival,people_latent_gain_kwh,1,36.56356558817386,36.56356558817386,36.56356558817386,kWh,sum
MIDDAY_BANK,shoulder,shoulder,function,international_arrival,people_radiant_gain_kwh,1,24.28134221308963,24.28134221308963,24.28134221308963,kWh,sum
MIDDAY_BANK,shoulder,shoulder,function,international_arrival,people_sensible_gain_kwh,1,80.93780737696544,80.93780737696544,80.93780737696544,kWh,sum
MIDDAY_BANK,shoulder,shoulder,function,international_arrival,relative_humidity_maximum_percent,1,42.54089092452285,42.54089092452285,42.54089092452285,%,maximum
MIDDAY_BANK,shoulder,shoulder,function,international_arrival,relative_humidity_mean_percent,1,35.16900007227455,35.16900007227455,35.16900007227455,%,area_weighted_mean
MIDDAY_BANK,shoulder,shoulder,function,international_arrival,relative_humidity_minimum_percent,1,26.824627970402474,26.824627970402474,26.824627970402474,%,minimum
MIDDAY_BANK,shoulder,shoulder,function,international_arrival,sensible_cooling_kwh,1,4078.2033472926632,4078.2033472926632,4078.2033472926632,kWh,sum
MIDDAY_BANK,shoulder,shoulder,function,international_arrival,sensible_heating_kwh,1,493.00760776090306,493.00760776090306,493.00760776090306,kWh,sum
MIDDAY_BANK,shoulder,shoulder,function,international_hall,air_temperature_maximum_c,1,23.671088664052224,23.671088664052224,23.671088664052224,C,maximum
MIDDAY_BANK,shoulder,shoulder,function,international_hall,air_temperature_mean_c,1,21.21586549632283,21.21586549632283,21.21586549632283,C,area_weighted_mean
MIDDAY_BANK,shoulder,shoulder,function,international_hall,air_temperature_minimum_c,1,19.995338904188287,19.995338904188287,19.995338904188287,C,minimum
MIDDAY_BANK,shoulder,shoulder,function,international_hall,maximum_zone_people_latent_gain_interval_peak_kw,1,6.343337215746957,6.343337215746957,6.343337215746957,kW,maximum
MIDDAY_BANK,shoulder,shoulder,function,international_hall,maximum_zone_people_radiant_gain_interval_peak_kw,1,3.471350939872104,3.471350939872104,3.471350939872104,kW,maximum
MIDDAY_BANK,shoulder,shoulder,function,international_hall,maximum_zone_people_sensible_gain_interval_peak_kw,1,11.57116979957368,11.57116979957368,11.57116979957368,kW,maximum
MIDDAY_BANK,shoulder,shoulder,function,international_hall,maximum_zone_sensible_cooling_interval_peak_kw,1,377.7945061965202,377.7945061965202,377.7945061965202,kW,maximum
MIDDAY_BANK,shoulder,shoulder,function,international_hall,maximum_zone_sensible_heating_interval_peak_kw,1,23.09655671343312,23.09655671343312,23.09655671343312,kW,maximum
MIDDAY_BANK,shoulder,shoulder,function,international_hall,outdoor_air_maximum_m3_s,1,29.13038480302385,29.13038480302385,29.13038480302385,m3/s,maximum
MIDDAY_BANK,shoulder,shoulder,function,international_hall,outdoor_air_mean_m3_s,1,52.29694345840156,52.29694345840156,52.29694345840156,m3/s,sum
MIDDAY_BANK,shoulder,shoulder,function,international_hall,outdoor_air_minimum_m3_s,1,18.914206255093756,18.914206255093756,18.914206255093756,m3/s,minimum
MIDDAY_BANK,shoulder,shoulder,function,international_hall,people_latent_gain_kwh,1,41.29777614343413,41.29777614343413,41.29777614343413,kWh,sum
MIDDAY_BANK,shoulder,shoulder,function,international_hall,people_radiant_gain_kwh,1,22.861078867008366,22.861078867008366,22.861078867008366,kWh,sum
MIDDAY_BANK,shoulder,shoulder,function,international_hall,people_sensible_gain_kwh,1,76.20359622336122,76.20359622336122,76.20359622336122,kWh,sum
MIDDAY_BANK,shoulder,shoulder,function,international_hall,relative_humidity_maximum_percent,1,40.56104888283239,40.56104888283239,40.56104888283239,%,maximum
MIDDAY_BANK,shoulder,shoulder,function,international_hall,relative_humidity_mean_percent,1,33.93002106793231,33.93002106793231,33.93002106793231,%,area_weighted_mean
MIDDAY_BANK,shoulder,shoulder,function,international_hall,relative_humidity_minimum_percent,1,25.522758390931408,25.522758390931408,25.522758390931408,%,minimum
MIDDAY_BANK,shoulder,shoulder,function,international_hall,sensible_cooling_kwh,1,10611.556181358916,10611.556181358916,10611.556181358916,kWh,sum
MIDDAY_BANK,shoulder,shoulder,function,international_hall,sensible_heating_kwh,1,48.32529901634527,48.32529901634527,48.32529901634527,kWh,sum
MIDDAY_BANK,shoulder,shoulder,function,office,air_temperature_maximum_c,1,26.002998007040752,26.002998007040752,26.002998007040752,C,maximum
MIDDAY_BANK,shoulder,shoulder,function,office,air_temperature_mean_c,1,22.716085414869752,22.716085414869752,22.716085414869752,C,area_weighted_mean
MIDDAY_BANK,shoulder,shoulder,function,office,air_temperature_minimum_c,1,19.99893808094969,19.99893808094969,19.99893808094969,C,minimum
MIDDAY_BANK,shoulder,shoulder,function,office,maximum_zone_people_latent_gain_interval_peak_kw,1,23.972555801980935,23.972555801980935,23.972555801980935,kW,maximum
MIDDAY_BANK,shoulder,shoulder,function,office,maximum_zone_people_radiant_gain_interval_peak_kw,1,9.642961118622281,9.642961118622281,9.642961118622281,kW,maximum
MIDDAY_BANK,shoulder,shoulder,function,office,maximum_zone_people_sensible_gain_interval_peak_kw,1,32.14320372874094,32.14320372874094,32.14320372874094,kW,maximum
MIDDAY_BANK,shoulder,shoulder,function,office,maximum_zone_sensible_cooling_interval_peak_kw,1,53.376676556591505,53.376676556591505,53.376676556591505,kW,maximum
MIDDAY_BANK,shoulder,shoulder,function,office,maximum_zone_sensible_heating_interval_peak_kw,1,15.405261231991288,15.405261231991288,15.405261231991288,kW,maximum
MIDDAY_BANK,shoulder,shoulder,function,office,outdoor_air_maximum_m3_s,1,1.7589377246984212,1.7589377246984212,1.7589377246984212,m3/s,maximum
MIDDAY_BANK,shoulder,shoulder,function,office,outdoor_air_mean_m3_s,1,19.23877379545117,19.23877379545117,19.23877379545117,m3/s,sum
MIDDAY_BANK,shoulder,shoulder,function,office,outdoor_air_minimum_m3_s,1,0.03330896790153884,0.03330896790153884,0.03330896790153884,m3/s,minimum
MIDDAY_BANK,shoulder,shoulder,function,office,people_latent_gain_kwh,1,1427.3100945017131,1427.3100945017131,1427.3100945017131,kWh,sum
MIDDAY_BANK,shoulder,shoulder,function,office,people_radiant_gain_kwh,1,521.5050871824817,521.5050871824817,521.5050871824817,kWh,sum
MIDDAY_BANK,shoulder,shoulder,function,office,people_sensible_gain_kwh,1,1738.3502906082724,1738.3502906082724,1738.3502906082724,kWh,sum
MIDDAY_BANK,shoulder,shoulder,function,office,relative_humidity_maximum_percent,1,56.785568670243954,56.785568670243954,56.785568670243954,%,maximum
MIDDAY_BANK,shoulder,shoulder,function,office,relative_humidity_mean_percent,1,35.21537297120978,35.21537297120978,35.21537297120978,%,area_weighted_mean
MIDDAY_BANK,shoulder,shoulder,function,office,relative_humidity_minimum_percent,1,22.35062427592886,22.35062427592886,22.35062427592886,%,minimum
MIDDAY_BANK,shoulder,shoulder,function,office,sensible_cooling_kwh,1,4622.317606055614,4622.317606055614,4622.317606055614,kWh,sum
MIDDAY_BANK,shoulder,shoulder,function,office,sensible_heating_kwh,1,944.5900500538252,944.5900500538252,944.5900500538252,kWh,sum
MIDDAY_BANK,shoulder,shoulder,function,restaurant,air_temperature_maximum_c,1,25.45433318834367,25.45433318834367,25.45433318834367,C,maximum
MIDDAY_BANK,shoulder,shoulder,function,restaurant,air_temperature_mean_c,1,21.189998465304104,21.189998465304104,21.189998465304104,C,area_weighted_mean
MIDDAY_BANK,shoulder,shoulder,function,restaurant,air_temperature_minimum_c,1,19.97887495705499,19.97887495705499,19.97887495705499,C,minimum
MIDDAY_BANK,shoulder,shoulder,function,restaurant,maximum_zone_people_latent_gain_interval_peak_kw,1,4.466918475086224,4.466918475086224,4.466918475086224,kW,maximum
MIDDAY_BANK,shoulder,shoulder,function,restaurant,maximum_zone_people_radiant_gain_interval_peak_kw,1,1.5696441321170007,1.5696441321170007,1.5696441321170007,kW,maximum
MIDDAY_BANK,shoulder,shoulder,function,restaurant,maximum_zone_people_sensible_gain_interval_peak_kw,1,5.232147107056669,5.232147107056669,5.232147107056669,kW,maximum
MIDDAY_BANK,shoulder,shoulder,function,restaurant,maximum_zone_sensible_cooling_interval_peak_kw,1,42.650587370536606,42.650587370536606,42.650587370536606,kW,maximum
MIDDAY_BANK,shoulder,shoulder,function,restaurant,maximum_zone_sensible_heating_interval_peak_kw,1,18.84236299258437,18.84236299258437,18.84236299258437,kW,maximum
MIDDAY_BANK,shoulder,shoulder,function,restaurant,outdoor_air_maximum_m3_s,1,2.8962527500976494,2.8962527500976494,2.8962527500976494,m3/s,maximum
MIDDAY_BANK,shoulder,shoulder,function,restaurant,outdoor_air_mean_m3_s,1,14.31341254046521,14.31341254046521,14.31341254046521,m3/s,sum
MIDDAY_BANK,shoulder,shoulder,function,restaurant,outdoor_air_minimum_m3_s,1,0.02870951095942196,0.02870951095942196,0.02870951095942196,m3/s,minimum
MIDDAY_BANK,shoulder,shoulder,function,restaurant,people_latent_gain_kwh,1,25.24003836329906,25.24003836329906,25.24003836329906,kWh,sum
MIDDAY_BANK,shoulder,shoulder,function,restaurant,people_radiant_gain_kwh,1,9.348173737103513,9.348173737103513,9.348173737103513,kWh,sum
MIDDAY_BANK,shoulder,shoulder,function,restaurant,people_sensible_gain_kwh,1,31.16057912367838,31.16057912367838,31.16057912367838,kWh,sum
MIDDAY_BANK,shoulder,shoulder,function,restaurant,relative_humidity_maximum_percent,1,42.82584115632258,42.82584115632258,42.82584115632258,%,maximum
MIDDAY_BANK,shoulder,shoulder,function,restaurant,relative_humidity_mean_percent,1,33.943530369647384,33.943530369647384,33.943530369647384,%,area_weighted_mean
MIDDAY_BANK,shoulder,shoulder,function,restaurant,relative_humidity_minimum_percent,1,22.377514523005345,22.377514523005345,22.377514523005345,%,minimum
MIDDAY_BANK,shoulder,shoulder,function,restaurant,sensible_cooling_kwh,1,2553.4535401255525,2553.4535401255525,2553.4535401255525,kWh,sum
MIDDAY_BANK,shoulder,shoulder,function,restaurant,sensible_heating_kwh,1,286.1110313482218,286.1110313482218,286.1110313482218,kWh,sum
MIDDAY_BANK,shoulder,shoulder,function,restroom,air_temperature_maximum_c,1,21.18037819897786,21.18037819897786,21.18037819897786,C,maximum
MIDDAY_BANK,shoulder,shoulder,function,restroom,air_temperature_mean_c,1,20.006222184384875,20.006222184384875,20.006222184384875,C,area_weighted_mean
MIDDAY_BANK,shoulder,shoulder,function,restroom,air_temperature_minimum_c,1,19.99452878447503,19.99452878447503,19.99452878447503,C,minimum
MIDDAY_BANK,shoulder,shoulder,function,restroom,maximum_zone_sensible_cooling_interval_peak_kw,1,6.063160171094149,6.063160171094149,6.063160171094149,kW,maximum
MIDDAY_BANK,shoulder,shoulder,function,restroom,maximum_zone_sensible_heating_interval_peak_kw,1,11.259161198855459,11.259161198855459,11.259161198855459,kW,maximum
MIDDAY_BANK,shoulder,shoulder,function,restroom,outdoor_air_maximum_m3_s,1,1.4758766374641303,1.4758766374641303,1.4758766374641303,m3/s,maximum
MIDDAY_BANK,shoulder,shoulder,function,restroom,outdoor_air_mean_m3_s,1,10.495795759686972,10.495795759686972,10.495795759686972,m3/s,sum
MIDDAY_BANK,shoulder,shoulder,function,restroom,outdoor_air_minimum_m3_s,1,0.054943454308005596,0.054943454308005596,0.054943454308005596,m3/s,minimum
MIDDAY_BANK,shoulder,shoulder,function,restroom,relative_humidity_maximum_percent,1,42.82420794516952,42.82420794516952,42.82420794516952,%,maximum
MIDDAY_BANK,shoulder,shoulder,function,restroom,relative_humidity_mean_percent,1,36.33635312104944,36.33635312104944,36.33635312104944,%,area_weighted_mean
MIDDAY_BANK,shoulder,shoulder,function,restroom,relative_humidity_minimum_percent,1,27.47007053357673,27.47007053357673,27.47007053357673,%,minimum
MIDDAY_BANK,shoulder,shoulder,function,restroom,sensible_cooling_kwh,1,361.40920966466473,361.40920966466473,361.40920966466473,kWh,sum
MIDDAY_BANK,shoulder,shoulder,function,restroom,sensible_heating_kwh,1,815.1994202227182,815.1994202227182,815.1994202227182,kWh,sum
MIDDAY_BANK,shoulder,shoulder,function,staff_breakroom,air_temperature_maximum_c,1,25.295256209461147,25.295256209461147,25.295256209461147,C,maximum
MIDDAY_BANK,shoulder,shoulder,function,staff_breakroom,air_temperature_mean_c,1,21.266791099768366,21.266791099768366,21.266791099768366,C,area_weighted_mean
MIDDAY_BANK,shoulder,shoulder,function,staff_breakroom,air_temperature_minimum_c,1,19.999161959364876,19.999161959364876,19.999161959364876,C,minimum
MIDDAY_BANK,shoulder,shoulder,function,staff_breakroom,maximum_zone_people_latent_gain_interval_peak_kw,1,3.7433855989787324,3.7433855989787324,3.7433855989787324,kW,maximum
MIDDAY_BANK,shoulder,shoulder,function,staff_breakroom,maximum_zone_people_radiant_gain_interval_peak_kw,1,2.201445193964146,2.201445193964146,2.201445193964146,kW,maximum
MIDDAY_BANK,shoulder,shoulder,function,staff_breakroom,maximum_zone_people_sensible_gain_interval_peak_kw,1,7.338150646547154,7.338150646547154,7.338150646547154,kW,maximum
MIDDAY_BANK,shoulder,shoulder,function,staff_breakroom,maximum_zone_sensible_cooling_interval_peak_kw,1,5.923690131686651,5.923690131686651,5.923690131686651,kW,maximum
MIDDAY_BANK,shoulder,shoulder,function,staff_breakroom,maximum_zone_sensible_heating_interval_peak_kw,1,6.215418686183387,6.215418686183387,6.215418686183387,kW,maximum
MIDDAY_BANK,shoulder,shoulder,function,staff_breakroom,outdoor_air_maximum_m3_s,1,0.6520888064436858,0.6520888064436858,0.6520888064436858,m3/s,maximum
MIDDAY_BANK,shoulder,shoulder,function,staff_breakroom,outdoor_air_mean_m3_s,1,2.1065183628894033,2.1065183628894033,2.1065183628894033,m3/s,sum
MIDDAY_BANK,shoulder,shoulder,function,staff_breakroom,outdoor_air_minimum_m3_s,1,0.03689236111111095,0.03689236111111095,0.03689236111111095,m3/s,minimum
MIDDAY_BANK,shoulder,shoulder,function,staff_breakroom,people_latent_gain_kwh,1,5.009992915141563,5.009992915141563,5.009992915141563,kWh,sum
MIDDAY_BANK,shoulder,shoulder,function,staff_breakroom,people_radiant_gain_kwh,1,3.18942455867527,3.18942455867527,3.18942455867527,kWh,sum
MIDDAY_BANK,shoulder,shoulder,function,staff_breakroom,people_sensible_gain_kwh,1,10.631415195584234,10.631415195584234,10.631415195584234,kWh,sum
MIDDAY_BANK,shoulder,shoulder,function,staff_breakroom,relative_humidity_maximum_percent,1,42.63031968755564,42.63031968755564,42.63031968755564,%,maximum
MIDDAY_BANK,shoulder,shoulder,function,staff_breakroom,relative_humidity_mean_percent,1,34.050090837270915,34.050090837270915,34.050090837270915,%,area_weighted_mean
MIDDAY_BANK,shoulder,shoulder,function,staff_breakroom,relative_humidity_minimum_percent,1,23.91451227786588,23.91451227786588,23.91451227786588,%,minimum
MIDDAY_BANK,shoulder,shoulder,function,staff_breakroom,sensible_cooling_kwh,1,168.5132192239999,168.5132192239999,168.5132192239999,kWh,sum
MIDDAY_BANK,shoulder,shoulder,function,staff_breakroom,sensible_heating_kwh,1,128.67076384916842,128.67076384916842,128.67076384916842,kWh,sum
MIDDAY_BANK,shoulder,shoulder,function,transfer,air_temperature_maximum_c,1,22.458305376171538,22.458305376171538,22.458305376171538,C,maximum
MIDDAY_BANK,shoulder,shoulder,function,transfer,air_temperature_mean_c,1,20.78552975166395,20.78552975166395,20.78552975166395,C,area_weighted_mean
MIDDAY_BANK,shoulder,shoulder,function,transfer,air_temperature_minimum_c,1,19.9966819864977,19.9966819864977,19.9966819864977,C,minimum
MIDDAY_BANK,shoulder,shoulder,function,transfer,maximum_zone_people_latent_gain_interval_peak_kw,1,6.555015354148568,6.555015354148568,6.555015354148568,kW,maximum
MIDDAY_BANK,shoulder,shoulder,function,transfer,maximum_zone_people_radiant_gain_interval_peak_kw,1,4.479968725650146,4.479968725650146,4.479968725650146,kW,maximum
MIDDAY_BANK,shoulder,shoulder,function,transfer,maximum_zone_people_sensible_gain_interval_peak_kw,1,14.933229085500484,14.933229085500484,14.933229085500484,kW,maximum
MIDDAY_BANK,shoulder,shoulder,function,transfer,maximum_zone_sensible_cooling_interval_peak_kw,1,52.05462893104524,52.05462893104524,52.05462893104524,kW,maximum
MIDDAY_BANK,shoulder,shoulder,function,transfer,maximum_zone_sensible_heating_interval_peak_kw,1,12.315744098142561,12.315744098142561,12.315744098142561,kW,maximum
MIDDAY_BANK,shoulder,shoulder,function,transfer,outdoor_air_maximum_m3_s,1,4.571727893209427,4.571727893209427,4.571727893209427,m3/s,maximum
MIDDAY_BANK,shoulder,shoulder,function,transfer,outdoor_air_mean_m3_s,1,8.508499049630846,8.508499049630846,8.508499049630846,m3/s,sum
MIDDAY_BANK,shoulder,shoulder,function,transfer,outdoor_air_minimum_m3_s,1,1.5895947721876387,1.5895947721876387,1.5895947721876387,m3/s,minimum
MIDDAY_BANK,shoulder,shoulder,function,transfer,people_latent_gain_kwh,1,36.64349441694411,36.64349441694411,36.64349441694411,kWh,sum
MIDDAY_BANK,shoulder,shoulder,function,transfer,people_radiant_gain_kwh,1,24.257358298930356,24.257358298930356,24.257358298930356,kWh,sum
MIDDAY_BANK,shoulder,shoulder,function,transfer,people_sensible_gain_kwh,1,80.85786099643451,80.85786099643451,80.85786099643451,kWh,sum
MIDDAY_BANK,shoulder,shoulder,function,transfer,relative_humidity_maximum_percent,1,42.13673476393441,42.13673476393441,42.13673476393441,%,maximum
MIDDAY_BANK,shoulder,shoulder,function,transfer,relative_humidity_mean_percent,1,34.96900407110251,34.96900407110251,34.96900407110251,%,area_weighted_mean
MIDDAY_BANK,shoulder,shoulder,function,transfer,relative_humidity_minimum_percent,1,28.4654654627572,28.4654654627572,28.4654654627572,%,minimum
MIDDAY_BANK,shoulder,shoulder,function,transfer,sensible_cooling_kwh,1,1453.8151114734412,1453.8151114734412,1453.8151114734412,kWh,sum
MIDDAY_BANK,shoulder,shoulder,function,transfer,sensible_heating_kwh,1,59.35305519979657,59.35305519979657,59.35305519979657,kWh,sum
MIDDAY_BANK,shoulder,shoulder,hvac_group,C1-DOAS,air_temperature_maximum_c,1,26.00039393974946,26.00039393974946,26.00039393974946,C,maximum
MIDDAY_BANK,shoulder,shoulder,hvac_group,C1-DOAS,air_temperature_mean_c,1,22.50566705605527,22.50566705605527,22.50566705605527,C,area_weighted_mean
MIDDAY_BANK,shoulder,shoulder,hvac_group,C1-DOAS,air_temperature_minimum_c,1,19.999161959364876,19.999161959364876,19.999161959364876,C,minimum
MIDDAY_BANK,shoulder,shoulder,hvac_group,C1-DOAS,maximum_zone_people_latent_gain_interval_peak_kw,1,18.77859913106889,18.77859913106889,18.77859913106889,kW,maximum
MIDDAY_BANK,shoulder,shoulder,hvac_group,C1-DOAS,maximum_zone_people_radiant_gain_interval_peak_kw,1,7.553648793415372,7.553648793415372,7.553648793415372,kW,maximum
MIDDAY_BANK,shoulder,shoulder,hvac_group,C1-DOAS,maximum_zone_people_sensible_gain_interval_peak_kw,1,25.178829311384575,25.178829311384575,25.178829311384575,kW,maximum
MIDDAY_BANK,shoulder,shoulder,hvac_group,C1-DOAS,maximum_zone_sensible_cooling_interval_peak_kw,1,44.28552594196893,44.28552594196893,44.28552594196893,kW,maximum
MIDDAY_BANK,shoulder,shoulder,hvac_group,C1-DOAS,maximum_zone_sensible_heating_interval_peak_kw,1,13.25845110037463,13.25845110037463,13.25845110037463,kW,maximum
MIDDAY_BANK,shoulder,shoulder,hvac_group,C1-DOAS,outdoor_air_maximum_m3_s,1,1.5204774588918932,1.5204774588918932,1.5204774588918932,m3/s,maximum
MIDDAY_BANK,shoulder,shoulder,hvac_group,C1-DOAS,outdoor_air_mean_m3_s,1,8.484885982128562,8.484885982128562,8.484885982128562,m3/s,sum
MIDDAY_BANK,shoulder,shoulder,hvac_group,C1-DOAS,outdoor_air_minimum_m3_s,1,0.22475638640039203,0.22475638640039203,0.22475638640039203,m3/s,minimum
MIDDAY_BANK,shoulder,shoulder,hvac_group,C1-DOAS,people_latent_gain_kwh,1,489.31718926806684,489.31718926806684,489.31718926806684,kWh,sum
MIDDAY_BANK,shoulder,shoulder,hvac_group,C1-DOAS,people_radiant_gain_kwh,1,179.04962759091575,179.04962759091575,179.04962759091575,kWh,sum
MIDDAY_BANK,shoulder,shoulder,hvac_group,C1-DOAS,people_sensible_gain_kwh,1,596.8320919697192,596.8320919697192,596.8320919697192,kWh,sum
MIDDAY_BANK,shoulder,shoulder,hvac_group,C1-DOAS,relative_humidity_maximum_percent,1,46.00989337759544,46.00989337759544,46.00989337759544,%,maximum
MIDDAY_BANK,shoulder,shoulder,hvac_group,C1-DOAS,relative_humidity_mean_percent,1,34.76494798119065,34.76494798119065,34.76494798119065,%,area_weighted_mean
MIDDAY_BANK,shoulder,shoulder,hvac_group,C1-DOAS,relative_humidity_minimum_percent,1,24.213822987190184,24.213822987190184,24.213822987190184,%,minimum
MIDDAY_BANK,shoulder,shoulder,hvac_group,C1-DOAS,sensible_cooling_kwh,1,1616.1059849512937,1616.1059849512937,1616.1059849512937,kWh,sum
MIDDAY_BANK,shoulder,shoulder,hvac_group,C1-DOAS,sensible_heating_kwh,1,417.34803694273666,417.34803694273666,417.34803694273666,kWh,sum
MIDDAY_BANK,shoulder,shoulder,hvac_group,C1-VAV,air_temperature_maximum_c,1,25.00037578580197,25.00037578580197,25.00037578580197,C,maximum
MIDDAY_BANK,shoulder,shoulder,hvac_group,C1-VAV,air_temperature_mean_c,1,20.963253294098283,20.963253294098283,20.963253294098283,C,area_weighted_mean
MIDDAY_BANK,shoulder,shoulder,hvac_group,C1-VAV,air_temperature_minimum_c,1,19.993544563245724,19.993544563245724,19.993544563245724,C,minimum
MIDDAY_BANK,shoulder,shoulder,hvac_group,C1-VAV,maximum_zone_people_latent_gain_interval_peak_kw,1,71.021659394102,71.021659394102,71.021659394102,kW,maximum
MIDDAY_BANK,shoulder,shoulder,hvac_group,C1-VAV,maximum_zone_people_radiant_gain_interval_peak_kw,1,31.45081544668445,31.45081544668445,31.45081544668445,kW,maximum
MIDDAY_BANK,shoulder,shoulder,hvac_group,C1-VAV,maximum_zone_people_sensible_gain_interval_peak_kw,1,104.83605148894817,104.83605148894817,104.83605148894817,kW,maximum
MIDDAY_BANK,shoulder,shoulder,hvac_group,C1-VAV,maximum_zone_sensible_cooling_interval_peak_kw,1,193.28579449257512,193.28579449257512,193.28579449257512,kW,maximum
MIDDAY_BANK,shoulder,shoulder,hvac_group,C1-VAV,maximum_zone_sensible_heating_interval_peak_kw,1,12.911002111242402,12.911002111242402,12.911002111242402,kW,maximum
MIDDAY_BANK,shoulder,shoulder,hvac_group,C1-VAV,outdoor_air_maximum_m3_s,1,13.629869033108658,13.629869033108658,13.629869033108658,m3/s,maximum
MIDDAY_BANK,shoulder,shoulder,hvac_group,C1-VAV,outdoor_air_mean_m3_s,1,71.9149797294217,71.9149797294217,71.9149797294217,m3/s,sum
MIDDAY_BANK,shoulder,shoulder,hvac_group,C1-VAV,outdoor_air_minimum_m3_s,1,0.42292866386715233,0.42292866386715233,0.42292866386715233,m3/s,minimum
MIDDAY_BANK,shoulder,shoulder,hvac_group,C1-VAV,people_latent_gain_kwh,1,1000.6653020791717,1000.6653020791717,1000.6653020791717,kWh,sum
MIDDAY_BANK,shoulder,shoulder,hvac_group,C1-VAV,people_radiant_gain_kwh,1,503.5096992697513,503.5096992697513,503.5096992697513,kWh,sum
MIDDAY_BANK,shoulder,shoulder,hvac_group,C1-VAV,people_sensible_gain_kwh,1,1678.3656642325043,1678.3656642325043,1678.3656642325043,kWh,sum
MIDDAY_BANK,shoulder,shoulder,hvac_group,C1-VAV,relative_humidity_maximum_percent,1,42.79966631481248,42.79966631481248,42.79966631481248,%,maximum
MIDDAY_BANK,shoulder,shoulder,hvac_group,C1-VAV,relative_humidity_mean_percent,1,35.168171563411576,35.168171563411576,35.168171563411576,%,area_weighted_mean
MIDDAY_BANK,shoulder,shoulder,hvac_group,C1-VAV,relative_humidity_minimum_percent,1,22.764894067537682,22.764894067537682,22.764894067537682,%,minimum
MIDDAY_BANK,shoulder,shoulder,hvac_group,C1-VAV,sensible_cooling_kwh,1,12815.26420735737,12815.26420735737,12815.26420735737,kWh,sum
MIDDAY_BANK,shoulder,shoulder,hvac_group,C1-VAV,sensible_heating_kwh,1,629.6234639082869,629.6234639082869,629.6234639082869,kWh,sum
MIDDAY_BANK,shoulder,shoulder,hvac_group,C2-DOAS,air_temperature_maximum_c,1,26.000411463369012,26.000411463369012,26.000411463369012,C,maximum
MIDDAY_BANK,shoulder,shoulder,hvac_group,C2-DOAS,air_temperature_mean_c,1,22.83088675899574,22.83088675899574,22.83088675899574,C,area_weighted_mean
MIDDAY_BANK,shoulder,shoulder,hvac_group,C2-DOAS,air_temperature_minimum_c,1,19.999253437560743,19.999253437560743,19.999253437560743,C,minimum
MIDDAY_BANK,shoulder,shoulder,hvac_group,C2-DOAS,maximum_zone_people_latent_gain_interval_peak_kw,1,23.972555801980935,23.972555801980935,23.972555801980935,kW,maximum
MIDDAY_BANK,shoulder,shoulder,hvac_group,C2-DOAS,maximum_zone_people_radiant_gain_interval_peak_kw,1,9.642961118622281,9.642961118622281,9.642961118622281,kW,maximum
MIDDAY_BANK,shoulder,shoulder,hvac_group,C2-DOAS,maximum_zone_people_sensible_gain_interval_peak_kw,1,32.14320372874094,32.14320372874094,32.14320372874094,kW,maximum
MIDDAY_BANK,shoulder,shoulder,hvac_group,C2-DOAS,maximum_zone_sensible_cooling_interval_peak_kw,1,53.376676556591505,53.376676556591505,53.376676556591505,kW,maximum
MIDDAY_BANK,shoulder,shoulder,hvac_group,C2-DOAS,maximum_zone_sensible_heating_interval_peak_kw,1,15.405261231991288,15.405261231991288,15.405261231991288,kW,maximum
MIDDAY_BANK,shoulder,shoulder,hvac_group,C2-DOAS,outdoor_air_maximum_m3_s,1,1.7589377246984212,1.7589377246984212,1.7589377246984212,m3/s,maximum
MIDDAY_BANK,shoulder,shoulder,hvac_group,C2-DOAS,outdoor_air_mean_m3_s,1,3.5177648188747197,3.5177648188747197,3.5177648188747197,m3/s,sum
MIDDAY_BANK,shoulder,shoulder,hvac_group,C2-DOAS,outdoor_air_minimum_m3_s,1,1.7588270941762985,1.7588270941762985,1.7588270941762985,m3/s,minimum
MIDDAY_BANK,shoulder,shoulder,hvac_group,C2-DOAS,people_latent_gain_kwh,1,328.3141061717285,328.3141061717285,328.3141061717285,kWh,sum
MIDDAY_BANK,shoulder,shoulder,hvac_group,C2-DOAS,people_radiant_gain_kwh,1,114.25536012405689,114.25536012405689,114.25536012405689,kWh,sum
MIDDAY_BANK,shoulder,shoulder,hvac_group,C2-DOAS,people_sensible_gain_kwh,1,380.851200413523,380.851200413523,380.851200413523,kWh,sum
MIDDAY_BANK,shoulder,shoulder,hvac_group,C2-DOAS,relative_humidity_maximum_percent,1,46.71593100516478,46.71593100516478,46.71593100516478,%,maximum
MIDDAY_BANK,shoulder,shoulder,hvac_group,C2-DOAS,relative_humidity_mean_percent,1,36.068664084740476,36.068664084740476,36.068664084740476,%,area_weighted_mean
MIDDAY_BANK,shoulder,shoulder,hvac_group,C2-DOAS,relative_humidity_minimum_percent,1,25.51818027814595,25.51818027814595,25.51818027814595,%,minimum
MIDDAY_BANK,shoulder,shoulder,hvac_group,C2-DOAS,sensible_cooling_kwh,1,830.358870934416,830.358870934416,830.358870934416,kWh,sum
MIDDAY_BANK,shoulder,shoulder,hvac_group,C2-DOAS,sensible_heating_kwh,1,172.4862913138058,172.4862913138058,172.4862913138058,kWh,sum
MIDDAY_BANK,shoulder,shoulder,hvac_group,C2-VAV,air_temperature_maximum_c,1,25.00038744922862,25.00038744922862,25.00038744922862,C,maximum
MIDDAY_BANK,shoulder,shoulder,hvac_group,C2-VAV,air_temperature_mean_c,1,21.136260455523843,21.136260455523843,21.136260455523843,C,area_weighted_mean
MIDDAY_BANK,shoulder,shoulder,hvac_group,C2-VAV,air_temperature_minimum_c,1,19.99265433258642,19.99265433258642,19.99265433258642,C,minimum
MIDDAY_BANK,shoulder,shoulder,hvac_group,C2-VAV,maximum_zone_people_latent_gain_interval_peak_kw,1,8.830333737507603,8.830333737507603,8.830333737507603,kW,maximum
MIDDAY_BANK,shoulder,shoulder,hvac_group,C2-VAV,maximum_zone_people_radiant_gain_interval_peak_kw,1,4.919407380357256,4.919407380357256,4.919407380357256,kW,maximum
MIDDAY_BANK,shoulder,shoulder,hvac_group,C2-VAV,maximum_zone_people_sensible_gain_interval_peak_kw,1,16.398024601190855,16.398024601190855,16.398024601190855,kW,maximum
MIDDAY_BANK,shoulder,shoulder,hvac_group,C2-VAV,maximum_zone_sensible_cooling_interval_peak_kw,1,377.7945061965202,377.7945061965202,377.7945061965202,kW,maximum
MIDDAY_BANK,shoulder,shoulder,hvac_group,C2-VAV,maximum_zone_sensible_heating_interval_peak_kw,1,29.652820296758087,29.652820296758087,29.652820296758087,kW,maximum
MIDDAY_BANK,shoulder,shoulder,hvac_group,C2-VAV,outdoor_air_maximum_m3_s,1,29.13038480302385,29.13038480302385,29.13038480302385,m3/s,maximum
MIDDAY_BANK,shoulder,shoulder,hvac_group,C2-VAV,outdoor_air_mean_m3_s,1,154.69253933363288,154.69253933363288,154.69253933363288,m3/s,sum
MIDDAY_BANK,shoulder,shoulder,hvac_group,C2-VAV,outdoor_air_minimum_m3_s,1,0.8432216253883503,0.8432216253883503,0.8432216253883503,m3/s,minimum
MIDDAY_BANK,shoulder,shoulder,hvac_group,C2-VAV,people_latent_gain_kwh,1,505.1493285911219,505.1493285911219,505.1493285911219,kWh,sum
MIDDAY_BANK,shoulder,shoulder,hvac_group,C2-VAV,people_radiant_gain_kwh,1,304.507454923013,304.507454923013,304.507454923013,kWh,sum
MIDDAY_BANK,shoulder,shoulder,hvac_group,C2-VAV,people_sensible_gain_kwh,1,1015.0248497433766,1015.0248497433766,1015.0248497433766,kWh,sum
MIDDAY_BANK,shoulder,shoulder,hvac_group,C2-VAV,relative_humidity_maximum_percent,1,42.588456898385175,42.588456898385175,42.588456898385175,%,maximum
MIDDAY_BANK,shoulder,shoulder,hvac_group,C2-VAV,relative_humidity_mean_percent,1,34.33873979992968,34.33873979992968,34.33873979992968,%,area_weighted_mean
MIDDAY_BANK,shoulder,shoulder,hvac_group,C2-VAV,relative_humidity_minimum_percent,1,22.744336519198658,22.744336519198658,22.744336519198658,%,minimum
MIDDAY_BANK,shoulder,shoulder,hvac_group,C2-VAV,sensible_cooling_kwh,1,29538.735044721052,29538.735044721052,29538.735044721052,kWh,sum
MIDDAY_BANK,shoulder,shoulder,hvac_group,C2-VAV,sensible_heating_kwh,1,1300.6004040504843,1300.6004040504843,1300.6004040504843,kWh,sum
MIDDAY_BANK,shoulder,shoulder,hvac_group,NE-DOAS,air_temperature_maximum_c,1,26.000367992184348,26.000367992184348,26.000367992184348,C,maximum
MIDDAY_BANK,shoulder,shoulder,hvac_group,NE-DOAS,air_temperature_mean_c,1,22.386880947906548,22.386880947906548,22.386880947906548,C,area_weighted_mean
MIDDAY_BANK,shoulder,shoulder,hvac_group,NE-DOAS,air_temperature_minimum_c,1,19.998994654497167,19.998994654497167,19.998994654497167,C,minimum
MIDDAY_BANK,shoulder,shoulder,hvac_group,NE-DOAS,maximum_zone_people_latent_gain_interval_peak_kw,1,3.196253913646573,3.196253913646573,3.196253913646573,kW,maximum
MIDDAY_BANK,shoulder,shoulder,hvac_group,NE-DOAS,maximum_zone_people_radiant_gain_interval_peak_kw,1,1.304818277611959,1.304818277611959,1.304818277611959,kW,maximum
MIDDAY_BANK,shoulder,shoulder,hvac_group,NE-DOAS,maximum_zone_people_sensible_gain_interval_peak_kw,1,4.34939425870653,4.34939425870653,4.34939425870653,kW,maximum
MIDDAY_BANK,shoulder,shoulder,hvac_group,NE-DOAS,maximum_zone_sensible_cooling_interval_peak_kw,1,9.045748870614927,9.045748870614927,9.045748870614927,kW,maximum
MIDDAY_BANK,shoulder,shoulder,hvac_group,NE-DOAS,maximum_zone_sensible_heating_interval_peak_kw,1,3.8456774649713044,3.8456774649713044,3.8456774649713044,kW,maximum
MIDDAY_BANK,shoulder,shoulder,hvac_group,NE-DOAS,outdoor_air_maximum_m3_s,1,0.4274187124768438,0.4274187124768438,0.4274187124768438,m3/s,maximum
MIDDAY_BANK,shoulder,shoulder,hvac_group,NE-DOAS,outdoor_air_mean_m3_s,1,2.2130766440082006,2.2130766440082006,2.2130766440082006,m3/s,sum
MIDDAY_BANK,shoulder,shoulder,hvac_group,NE-DOAS,outdoor_air_minimum_m3_s,1,0.05673470406303613,0.05673470406303613,0.05673470406303613,m3/s,minimum
MIDDAY_BANK,shoulder,shoulder,hvac_group,NE-DOAS,people_latent_gain_kwh,1,128.891122990377,128.891122990377,128.891122990377,kWh,sum
MIDDAY_BANK,shoulder,shoulder,hvac_group,NE-DOAS,people_radiant_gain_kwh,1,49.93200886119006,49.93200886119006,49.93200886119006,kWh,sum
MIDDAY_BANK,shoulder,shoulder,hvac_group,NE-DOAS,people_sensible_gain_kwh,1,166.4400295373002,166.4400295373002,166.4400295373002,kWh,sum
MIDDAY_BANK,shoulder,shoulder,hvac_group,NE-DOAS,relative_humidity_maximum_percent,1,47.718811056515804,47.718811056515804,47.718811056515804,%,maximum
MIDDAY_BANK,shoulder,shoulder,hvac_group,NE-DOAS,relative_humidity_mean_percent,1,35.057858365256656,35.057858365256656,35.057858365256656,%,area_weighted_mean
MIDDAY_BANK,shoulder,shoulder,hvac_group,NE-DOAS,relative_humidity_minimum_percent,1,24.27014610920931,24.27014610920931,24.27014610920931,%,minimum
MIDDAY_BANK,shoulder,shoulder,hvac_group,NE-DOAS,sensible_cooling_kwh,1,366.6867635710093,366.6867635710093,366.6867635710093,kWh,sum
MIDDAY_BANK,shoulder,shoulder,hvac_group,NE-DOAS,sensible_heating_kwh,1,116.59930155721341,116.59930155721341,116.59930155721341,kWh,sum
MIDDAY_BANK,shoulder,shoulder,hvac_group,NE-VAV,air_temperature_maximum_c,1,25.000324677535275,25.000324677535275,25.000324677535275,C,maximum
MIDDAY_BANK,shoulder,shoulder,hvac_group,NE-VAV,air_temperature_mean_c,1,20.836956475365525,20.836956475365525,20.836956475365525,C,area_weighted_mean
MIDDAY_BANK,shoulder,shoulder,hvac_group,NE-VAV,air_temperature_minimum_c,1,19.991710779928997,19.991710779928997,19.991710779928997,C,minimum
MIDDAY_BANK,shoulder,shoulder,hvac_group,NE-VAV,maximum_zone_people_latent_gain_interval_peak_kw,1,55.100717810928415,55.100717810928415,55.100717810928415,kW,maximum
MIDDAY_BANK,shoulder,shoulder,hvac_group,NE-VAV,maximum_zone_people_radiant_gain_interval_peak_kw,1,21.15776924103413,21.15776924103413,21.15776924103413,kW,maximum
MIDDAY_BANK,shoulder,shoulder,hvac_group,NE-VAV,maximum_zone_people_sensible_gain_interval_peak_kw,1,70.52589747011378,70.52589747011378,70.52589747011378,kW,maximum
MIDDAY_BANK,shoulder,shoulder,hvac_group,NE-VAV,maximum_zone_sensible_cooling_interval_peak_kw,1,73.32009485104079,73.32009485104079,73.32009485104079,kW,maximum
MIDDAY_BANK,shoulder,shoulder,hvac_group,NE-VAV,maximum_zone_sensible_heating_interval_peak_kw,1,18.372287644955097,18.372287644955097,18.372287644955097,kW,maximum
MIDDAY_BANK,shoulder,shoulder,hvac_group,NE-VAV,outdoor_air_maximum_m3_s,1,5.034766301264188,5.034766301264188,5.034766301264188,m3/s,maximum
MIDDAY_BANK,shoulder,shoulder,hvac_group,NE-VAV,outdoor_air_mean_m3_s,1,41.50629805464211,41.50629805464211,41.50629805464211,m3/s,sum
MIDDAY_BANK,shoulder,shoulder,hvac_group,NE-VAV,outdoor_air_minimum_m3_s,1,0.055921442208217986,0.055921442208217986,0.055921442208217986,m3/s,minimum
MIDDAY_BANK,shoulder,shoulder,hvac_group,NE-VAV,people_latent_gain_kwh,1,1076.7956820077422,1076.7956820077422,1076.7956820077422,kWh,sum
MIDDAY_BANK,shoulder,shoulder,hvac_group,NE-VAV,people_radiant_gain_kwh,1,517.0308706791071,517.0308706791071,517.0308706791071,kWh,sum
MIDDAY_BANK,shoulder,shoulder,hvac_group,NE-VAV,people_sensible_gain_kwh,1,1723.4362355970238,1723.4362355970238,1723.4362355970238,kWh,sum
MIDDAY_BANK,shoulder,shoulder,hvac_group,NE-VAV,relative_humidity_maximum_percent,1,44.37649088098362,44.37649088098362,44.37649088098362,%,maximum
MIDDAY_BANK,shoulder,shoulder,hvac_group,NE-VAV,relative_humidity_mean_percent,1,36.11866366781214,36.11866366781214,36.11866366781214,%,area_weighted_mean
MIDDAY_BANK,shoulder,shoulder,hvac_group,NE-VAV,relative_humidity_minimum_percent,1,22.77374876481266,22.77374876481266,22.77374876481266,%,minimum
MIDDAY_BANK,shoulder,shoulder,hvac_group,NE-VAV,sensible_cooling_kwh,1,6893.967886270345,6893.967886270345,6893.967886270345,kWh,sum
MIDDAY_BANK,shoulder,shoulder,hvac_group,NE-VAV,sensible_heating_kwh,1,466.1721255808179,466.1721255808179,466.1721255808179,kWh,sum
MIDDAY_BANK,shoulder,shoulder,hvac_group,NW-DOAS,air_temperature_maximum_c,1,26.000336398279263,26.000336398279263,26.000336398279263,C,maximum
MIDDAY_BANK,shoulder,shoulder,hvac_group,NW-DOAS,air_temperature_mean_c,1,22.442311572986544,22.442311572986544,22.442311572986544,C,area_weighted_mean
MIDDAY_BANK,shoulder,shoulder,hvac_group,NW-DOAS,air_temperature_minimum_c,1,19.99893808094969,19.99893808094969,19.99893808094969,C,minimum
MIDDAY_BANK,shoulder,shoulder,hvac_group,NW-DOAS,maximum_zone_people_latent_gain_interval_peak_kw,1,3.1961744190861205,3.1961744190861205,3.1961744190861205,kW,maximum
MIDDAY_BANK,shoulder,shoulder,hvac_group,NW-DOAS,maximum_zone_people_radiant_gain_interval_peak_kw,1,1.2857307067404746,1.2857307067404746,1.2857307067404746,kW,maximum
MIDDAY_BANK,shoulder,shoulder,hvac_group,NW-DOAS,maximum_zone_people_sensible_gain_interval_peak_kw,1,4.28576902246825,4.28576902246825,4.28576902246825,kW,maximum
MIDDAY_BANK,shoulder,shoulder,hvac_group,NW-DOAS,maximum_zone_sensible_cooling_interval_peak_kw,1,4.852658224200268,4.852658224200268,4.852658224200268,kW,maximum
MIDDAY_BANK,shoulder,shoulder,hvac_group,NW-DOAS,maximum_zone_sensible_heating_interval_peak_kw,1,2.1461552767238268,2.1461552767238268,2.1461552767238268,kW,maximum
MIDDAY_BANK,shoulder,shoulder,hvac_group,NW-DOAS,outdoor_air_maximum_m3_s,1,0.2146485625719291,0.2146485625719291,0.2146485625719291,m3/s,maximum
MIDDAY_BANK,shoulder,shoulder,hvac_group,NW-DOAS,outdoor_air_mean_m3_s,1,2.94585316911316,2.94585316911316,2.94585316911316,m3/s,sum
MIDDAY_BANK,shoulder,shoulder,hvac_group,NW-DOAS,outdoor_air_minimum_m3_s,1,0.03330896790153884,0.03330896790153884,0.03330896790153884,m3/s,minimum
MIDDAY_BANK,shoulder,shoulder,hvac_group,NW-DOAS,people_latent_gain_kwh,1,199.9492725321551,199.9492725321551,199.9492725321551,kWh,sum
MIDDAY_BANK,shoulder,shoulder,hvac_group,NW-DOAS,people_radiant_gain_kwh,1,75.2205014111155,75.2205014111155,75.2205014111155,kWh,sum
MIDDAY_BANK,shoulder,shoulder,hvac_group,NW-DOAS,people_sensible_gain_kwh,1,250.73500470371835,250.73500470371835,250.73500470371835,kWh,sum
MIDDAY_BANK,shoulder,shoulder,hvac_group,NW-DOAS,relative_humidity_maximum_percent,1,56.785568670243954,56.785568670243954,56.785568670243954,%,maximum
MIDDAY_BANK,shoulder,shoulder,hvac_group,NW-DOAS,relative_humidity_mean_percent,1,35.321629490094026,35.321629490094026,35.321629490094026,%,area_weighted_mean
MIDDAY_BANK,shoulder,shoulder,hvac_group,NW-DOAS,relative_humidity_minimum_percent,1,23.179998989051374,23.179998989051374,23.179998989051374,%,minimum
MIDDAY_BANK,shoulder,shoulder,hvac_group,NW-DOAS,sensible_cooling_kwh,1,502.0754557539543,502.0754557539543,502.0754557539543,kWh,sum
MIDDAY_BANK,shoulder,shoulder,hvac_group,NW-DOAS,sensible_heating_kwh,1,151.766306728027,151.766306728027,151.766306728027,kWh,sum
MIDDAY_BANK,shoulder,shoulder,hvac_group,NW-VAV,air_temperature_maximum_c,1,25.000284394888272,25.000284394888272,25.000284394888272,C,maximum
MIDDAY_BANK,shoulder,shoulder,hvac_group,NW-VAV,air_temperature_mean_c,1,20.781819074105318,20.781819074105318,20.781819074105318,C,area_weighted_mean
MIDDAY_BANK,shoulder,shoulder,hvac_group,NW-VAV,air_temperature_minimum_c,1,19.99255312359892,19.99255312359892,19.99255312359892,C,minimum
MIDDAY_BANK,shoulder,shoulder,hvac_group,NW-VAV,maximum_zone_people_latent_gain_interval_peak_kw,1,36.172506103237495,36.172506103237495,36.172506103237495,kW,maximum
MIDDAY_BANK,shoulder,shoulder,hvac_group,NW-VAV,maximum_zone_people_radiant_gain_interval_peak_kw,1,14.420541786424295,14.420541786424295,14.420541786424295,kW,maximum
MIDDAY_BANK,shoulder,shoulder,hvac_group,NW-VAV,maximum_zone_people_sensible_gain_interval_peak_kw,1,48.068472621414315,48.068472621414315,48.068472621414315,kW,maximum
MIDDAY_BANK,shoulder,shoulder,hvac_group,NW-VAV,maximum_zone_sensible_cooling_interval_peak_kw,1,50.55088577329126,50.55088577329126,50.55088577329126,kW,maximum
MIDDAY_BANK,shoulder,shoulder,hvac_group,NW-VAV,maximum_zone_sensible_heating_interval_peak_kw,1,11.311983077736441,11.311983077736441,11.311983077736441,kW,maximum
MIDDAY_BANK,shoulder,shoulder,hvac_group,NW-VAV,outdoor_air_maximum_m3_s,1,3.486620838542093,3.486620838542093,3.486620838542093,m3/s,maximum
MIDDAY_BANK,shoulder,shoulder,hvac_group,NW-VAV,outdoor_air_mean_m3_s,1,38.83038841875242,38.83038841875242,38.83038841875242,m3/s,sum
MIDDAY_BANK,shoulder,shoulder,hvac_group,NW-VAV,outdoor_air_minimum_m3_s,1,0.02870951095942196,0.02870951095942196,0.02870951095942196,m3/s,minimum
MIDDAY_BANK,shoulder,shoulder,hvac_group,NW-VAV,people_latent_gain_kwh,1,900.7204722128307,900.7204722128307,900.7204722128307,kWh,sum
MIDDAY_BANK,shoulder,shoulder,hvac_group,NW-VAV,people_radiant_gain_kwh,1,446.1557767980165,446.1557767980165,446.1557767980165,kWh,sum
MIDDAY_BANK,shoulder,shoulder,hvac_group,NW-VAV,people_sensible_gain_kwh,1,1487.1859226600552,1487.1859226600552,1487.1859226600552,kWh,sum
MIDDAY_BANK,shoulder,shoulder,hvac_group,NW-VAV,relative_humidity_maximum_percent,1,44.395743062918285,44.395743062918285,44.395743062918285,%,maximum
MIDDAY_BANK,shoulder,shoulder,hvac_group,NW-VAV,relative_humidity_mean_percent,1,36.06471687897048,36.06471687897048,36.06471687897048,%,area_weighted_mean
MIDDAY_BANK,shoulder,shoulder,hvac_group,NW-VAV,relative_humidity_minimum_percent,1,22.771466107183013,22.771466107183013,22.771466107183013,%,minimum
MIDDAY_BANK,shoulder,shoulder,hvac_group,NW-VAV,sensible_cooling_kwh,1,6462.338136991649,6462.338136991649,6462.338136991649,kWh,sum
MIDDAY_BANK,shoulder,shoulder,hvac_group,NW-VAV,sensible_heating_kwh,1,421.79715696146945,421.79715696146945,421.79715696146945,kWh,sum
MIDDAY_BANK,shoulder,shoulder,hvac_group,S-DOAS,air_temperature_maximum_c,1,26.000293686930103,26.000293686930103,26.000293686930103,C,maximum
MIDDAY_BANK,shoulder,shoulder,hvac_group,S-DOAS,air_temperature_mean_c,1,22.635583567235862,22.635583567235862,22.635583567235862,C,area_weighted_mean
MIDDAY_BANK,shoulder,shoulder,hvac_group,S-DOAS,air_temperature_minimum_c,1,19.99900859750955,19.99900859750955,19.99900859750955,C,minimum
MIDDAY_BANK,shoulder,shoulder,hvac_group,S-DOAS,maximum_zone_people_latent_gain_interval_peak_kw,1,4.394799380466293,4.394799380466293,4.394799380466293,kW,maximum
MIDDAY_BANK,shoulder,shoulder,hvac_group,S-DOAS,maximum_zone_people_radiant_gain_interval_peak_kw,1,1.7702066662755747,1.7702066662755747,1.7702066662755747,kW,maximum
MIDDAY_BANK,shoulder,shoulder,hvac_group,S-DOAS,maximum_zone_people_sensible_gain_interval_peak_kw,1,5.9006888875852495,5.9006888875852495,5.9006888875852495,kW,maximum
MIDDAY_BANK,shoulder,shoulder,hvac_group,S-DOAS,maximum_zone_sensible_cooling_interval_peak_kw,1,8.937597263893473,8.937597263893473,8.937597263893473,kW,maximum
MIDDAY_BANK,shoulder,shoulder,hvac_group,S-DOAS,maximum_zone_sensible_heating_interval_peak_kw,1,3.7062701071733826,3.7062701071733826,3.7062701071733826,kW,maximum
MIDDAY_BANK,shoulder,shoulder,hvac_group,S-DOAS,outdoor_air_maximum_m3_s,1,0.3750000000000401,0.3750000000000401,0.3750000000000401,m3/s,maximum
MIDDAY_BANK,shoulder,shoulder,hvac_group,S-DOAS,outdoor_air_mean_m3_s,1,1.5918164885327037,1.5918164885327037,1.5918164885327037,m3/s,sum
MIDDAY_BANK,shoulder,shoulder,hvac_group,S-DOAS,outdoor_air_minimum_m3_s,1,0.13916666666666744,0.13916666666666744,0.13916666666666744,m3/s,minimum
MIDDAY_BANK,shoulder,shoulder,hvac_group,S-DOAS,people_latent_gain_kwh,1,118.24646541131041,118.24646541131041,118.24646541131041,kWh,sum
MIDDAY_BANK,shoulder,shoulder,hvac_group,S-DOAS,people_radiant_gain_kwh,1,44.297213670683306,44.297213670683306,44.297213670683306,kWh,sum
MIDDAY_BANK,shoulder,shoulder,hvac_group,S-DOAS,people_sensible_gain_kwh,1,147.65737890227769,147.65737890227769,147.65737890227769,kWh,sum
MIDDAY_BANK,shoulder,shoulder,hvac_group,S-DOAS,relative_humidity_maximum_percent,1,48.12698106032977,48.12698106032977,48.12698106032977,%,maximum
MIDDAY_BANK,shoulder,shoulder,hvac_group,S-DOAS,relative_humidity_mean_percent,1,35.44585852672742,35.44585852672742,35.44585852672742,%,area_weighted_mean
MIDDAY_BANK,shoulder,shoulder,hvac_group,S-DOAS,relative_humidity_minimum_percent,1,23.49890381987864,23.49890381987864,23.49890381987864,%,minimum
MIDDAY_BANK,shoulder,shoulder,hvac_group,S-DOAS,sensible_cooling_kwh,1,300.00345916709074,300.00345916709074,300.00345916709074,kWh,sum
MIDDAY_BANK,shoulder,shoulder,hvac_group,S-DOAS,sensible_heating_kwh,1,84.4845068396512,84.4845068396512,84.4845068396512,kWh,sum
MIDDAY_BANK,shoulder,shoulder,hvac_group,S-VAV,air_temperature_maximum_c,1,22.91326646178922,22.91326646178922,22.91326646178922,C,maximum
MIDDAY_BANK,shoulder,shoulder,hvac_group,S-VAV,air_temperature_mean_c,1,20.557046756455186,20.557046756455186,20.557046756455186,C,area_weighted_mean
MIDDAY_BANK,shoulder,shoulder,hvac_group,S-VAV,air_temperature_minimum_c,1,19.993894927600298,19.993894927600298,19.993894927600298,C,minimum
MIDDAY_BANK,shoulder,shoulder,hvac_group,S-VAV,maximum_zone_people_latent_gain_interval_peak_kw,1,2.7481450085372363,2.7481450085372363,2.7481450085372363,kW,maximum
MIDDAY_BANK,shoulder,shoulder,hvac_group,S-VAV,maximum_zone_people_radiant_gain_interval_peak_kw,1,1.7931490595010071,1.7931490595010071,1.7931490595010071,kW,maximum
MIDDAY_BANK,shoulder,shoulder,hvac_group,S-VAV,maximum_zone_people_sensible_gain_interval_peak_kw,1,5.977163531670024,5.977163531670024,5.977163531670024,kW,maximum
MIDDAY_BANK,shoulder,shoulder,hvac_group,S-VAV,maximum_zone_sensible_cooling_interval_peak_kw,1,67.71260932013854,67.71260932013854,67.71260932013854,kW,maximum
MIDDAY_BANK,shoulder,shoulder,hvac_group,S-VAV,maximum_zone_sensible_heating_interval_peak_kw,1,22.33461110933285,22.33461110933285,22.33461110933285,kW,maximum
MIDDAY_BANK,shoulder,shoulder,hvac_group,S-VAV,outdoor_air_maximum_m3_s,1,5.616448876723624,5.616448876723624,5.616448876723624,m3/s,maximum
MIDDAY_BANK,shoulder,shoulder,hvac_group,S-VAV,outdoor_air_mean_m3_s,1,28.717416603479382,28.717416603479382,28.717416603479382,m3/s,sum
MIDDAY_BANK,shoulder,shoulder,hvac_group,S-VAV,outdoor_air_minimum_m3_s,1,0.19538465777007774,0.19538465777007774,0.19538465777007774,m3/s,minimum
MIDDAY_BANK,shoulder,shoulder,hvac_group,S-VAV,people_latent_gain_kwh,1,36.56356558817386,36.56356558817386,36.56356558817386,kWh,sum
MIDDAY_BANK,shoulder,shoulder,hvac_group,S-VAV,people_radiant_gain_kwh,1,24.28134221308963,24.28134221308963,24.28134221308963,kWh,sum
MIDDAY_BANK,shoulder,shoulder,hvac_group,S-VAV,people_sensible_gain_kwh,1,80.93780737696544,80.93780737696544,80.93780737696544,kWh,sum
MIDDAY_BANK,shoulder,shoulder,hvac_group,S-VAV,relative_humidity_maximum_percent,1,42.54089092452285,42.54089092452285,42.54089092452285,%,maximum
MIDDAY_BANK,shoulder,shoulder,hvac_group,S-VAV,relative_humidity_mean_percent,1,35.23826390785563,35.23826390785563,35.23826390785563,%,area_weighted_mean
MIDDAY_BANK,shoulder,shoulder,hvac_group,S-VAV,relative_humidity_minimum_percent,1,26.824627970402474,26.824627970402474,26.824627970402474,%,minimum
MIDDAY_BANK,shoulder,shoulder,hvac_group,S-VAV,sensible_cooling_kwh,1,4123.916314383981,4123.916314383981,4123.916314383981,kWh,sum
MIDDAY_BANK,shoulder,shoulder,hvac_group,S-VAV,sensible_heating_kwh,1,605.1349290658085,605.1349290658085,605.1349290658085,kWh,sum
MIDDAY_BANK,shoulder,shoulder,hvac_group,SE-DOAS,air_temperature_maximum_c,1,26.002998007040752,26.002998007040752,26.002998007040752,C,maximum
MIDDAY_BANK,shoulder,shoulder,hvac_group,SE-DOAS,air_temperature_mean_c,1,23.386620865664533,23.386620865664533,23.386620865664533,C,area_weighted_mean
MIDDAY_BANK,shoulder,shoulder,hvac_group,SE-DOAS,air_temperature_minimum_c,1,19.999185689973316,19.999185689973316,19.999185689973316,C,minimum
MIDDAY_BANK,shoulder,shoulder,hvac_group,SE-DOAS,maximum_zone_people_latent_gain_interval_peak_kw,1,1.9982367043926175,1.9982367043926175,1.9982367043926175,kW,maximum
MIDDAY_BANK,shoulder,shoulder,hvac_group,SE-DOAS,maximum_zone_people_radiant_gain_interval_peak_kw,1,0.7368276131969452,0.7368276131969452,0.7368276131969452,kW,maximum
MIDDAY_BANK,shoulder,shoulder,hvac_group,SE-DOAS,maximum_zone_people_sensible_gain_interval_peak_kw,1,2.456092043989817,2.456092043989817,2.456092043989817,kW,maximum
MIDDAY_BANK,shoulder,shoulder,hvac_group,SE-DOAS,maximum_zone_sensible_cooling_interval_peak_kw,1,32.226730806606476,32.226730806606476,32.226730806606476,kW,maximum
MIDDAY_BANK,shoulder,shoulder,hvac_group,SE-DOAS,maximum_zone_sensible_heating_interval_peak_kw,1,1.3235543291104876,1.3235543291104876,1.3235543291104876,kW,maximum
MIDDAY_BANK,shoulder,shoulder,hvac_group,SE-DOAS,outdoor_air_maximum_m3_s,1,0.15245661519368878,0.15245661519368878,0.15245661519368878,m3/s,maximum
MIDDAY_BANK,shoulder,shoulder,hvac_group,SE-DOAS,outdoor_air_mean_m3_s,1,0.55360595471009,0.55360595471009,0.55360595471009,m3/s,sum
MIDDAY_BANK,shoulder,shoulder,hvac_group,SE-DOAS,outdoor_air_minimum_m3_s,1,0.03689236111111095,0.03689236111111095,0.03689236111111095,m3/s,minimum
MIDDAY_BANK,shoulder,shoulder,hvac_group,SE-DOAS,people_latent_gain_kwh,1,34.45171015596405,34.45171015596405,34.45171015596405,kWh,sum
MIDDAY_BANK,shoulder,shoulder,hvac_group,SE-DOAS,people_radiant_gain_kwh,1,10.740576811929843,10.740576811929843,10.740576811929843,kWh,sum
MIDDAY_BANK,shoulder,shoulder,hvac_group,SE-DOAS,people_sensible_gain_kwh,1,35.80192270643281,35.80192270643281,35.80192270643281,kWh,sum
MIDDAY_BANK,shoulder,shoulder,hvac_group,SE-DOAS,relative_humidity_maximum_percent,1,50.09586826612418,50.09586826612418,50.09586826612418,%,maximum
MIDDAY_BANK,shoulder,shoulder,hvac_group,SE-DOAS,relative_humidity_mean_percent,1,32.45664093911731,32.45664093911731,32.45664093911731,%,area_weighted_mean
MIDDAY_BANK,shoulder,shoulder,hvac_group,SE-DOAS,relative_humidity_minimum_percent,1,24.667951684095232,24.667951684095232,24.667951684095232,%,minimum
MIDDAY_BANK,shoulder,shoulder,hvac_group,SE-DOAS,sensible_cooling_kwh,1,813.4530406436312,813.4530406436312,813.4530406436312,kWh,sum
MIDDAY_BANK,shoulder,shoulder,hvac_group,SE-DOAS,sensible_heating_kwh,1,19.580118376138714,19.580118376138714,19.580118376138714,kWh,sum
MIDDAY_BANK,shoulder,shoulder,hvac_group,SE-VAV,air_temperature_maximum_c,1,25.45433318834367,25.45433318834367,25.45433318834367,C,maximum
MIDDAY_BANK,shoulder,shoulder,hvac_group,SE-VAV,air_temperature_mean_c,1,20.949473985184998,20.949473985184998,20.949473985184998,C,area_weighted_mean
MIDDAY_BANK,shoulder,shoulder,hvac_group,SE-VAV,air_temperature_minimum_c,1,19.972739703962556,19.972739703962556,19.972739703962556,C,minimum
MIDDAY_BANK,shoulder,shoulder,hvac_group,SE-VAV,maximum_zone_people_latent_gain_interval_peak_kw,1,50.87896808705957,50.87896808705957,50.87896808705957,kW,maximum
MIDDAY_BANK,shoulder,shoulder,hvac_group,SE-VAV,maximum_zone_people_radiant_gain_interval_peak_kw,1,21.909941949985036,21.909941949985036,21.909941949985036,kW,maximum
MIDDAY_BANK,shoulder,shoulder,hvac_group,SE-VAV,maximum_zone_people_sensible_gain_interval_peak_kw,1,73.03313983328347,73.03313983328347,73.03313983328347,kW,maximum
MIDDAY_BANK,shoulder,shoulder,hvac_group,SE-VAV,maximum_zone_sensible_cooling_interval_peak_kw,1,82.9522056584659,82.9522056584659,82.9522056584659,kW,maximum
MIDDAY_BANK,shoulder,shoulder,hvac_group,SE-VAV,maximum_zone_sensible_heating_interval_peak_kw,1,6.801503239453523,6.801503239453523,6.801503239453523,kW,maximum
MIDDAY_BANK,shoulder,shoulder,hvac_group,SE-VAV,outdoor_air_maximum_m3_s,1,5.663932595477906,5.663932595477906,5.663932595477906,m3/s,maximum
MIDDAY_BANK,shoulder,shoulder,hvac_group,SE-VAV,outdoor_air_mean_m3_s,1,73.21451647262795,73.21451647262795,73.21451647262795,m3/s,sum
MIDDAY_BANK,shoulder,shoulder,hvac_group,SE-VAV,outdoor_air_minimum_m3_s,1,0.09215531473782258,0.09215531473782258,0.09215531473782258,m3/s,minimum
MIDDAY_BANK,shoulder,shoulder,hvac_group,SE-VAV,people_latent_gain_kwh,1,1762.4109448543622,1762.4109448543622,1762.4109448543622,kWh,sum
MIDDAY_BANK,shoulder,shoulder,hvac_group,SE-VAV,people_radiant_gain_kwh,1,804.5158368473095,804.5158368473095,804.5158368473095,kWh,sum
MIDDAY_BANK,shoulder,shoulder,hvac_group,SE-VAV,people_sensible_gain_kwh,1,2681.7194561576985,2681.7194561576985,2681.7194561576985,kWh,sum
MIDDAY_BANK,shoulder,shoulder,hvac_group,SE-VAV,relative_humidity_maximum_percent,1,44.601238924440594,44.601238924440594,44.601238924440594,%,maximum
MIDDAY_BANK,shoulder,shoulder,hvac_group,SE-VAV,relative_humidity_mean_percent,1,36.2710535597383,36.2710535597383,36.2710535597383,%,area_weighted_mean
MIDDAY_BANK,shoulder,shoulder,hvac_group,SE-VAV,relative_humidity_minimum_percent,1,22.3764943734324,22.3764943734324,22.3764943734324,%,minimum
MIDDAY_BANK,shoulder,shoulder,hvac_group,SE-VAV,sensible_cooling_kwh,1,13548.120284073053,13548.120284073053,13548.120284073053,kWh,sum
MIDDAY_BANK,shoulder,shoulder,hvac_group,SE-VAV,sensible_heating_kwh,1,310.1100845357842,310.1100845357842,310.1100845357842,kWh,sum
MIDDAY_BANK,shoulder,shoulder,hvac_group,SW-DOAS,air_temperature_maximum_c,1,26.00034238621008,26.00034238621008,26.00034238621008,C,maximum
MIDDAY_BANK,shoulder,shoulder,hvac_group,SW-DOAS,air_temperature_mean_c,1,22.529925145064936,22.529925145064936,22.529925145064936,C,area_weighted_mean
MIDDAY_BANK,shoulder,shoulder,hvac_group,SW-DOAS,air_temperature_minimum_c,1,19.998945473133855,19.998945473133855,19.998945473133855,C,minimum
MIDDAY_BANK,shoulder,shoulder,hvac_group,SW-DOAS,maximum_zone_people_latent_gain_interval_peak_kw,1,4.394850229080767,4.394850229080767,4.394850229080767,kW,maximum
MIDDAY_BANK,shoulder,shoulder,hvac_group,SW-DOAS,maximum_zone_people_radiant_gain_interval_peak_kw,1,1.7850064646093606,1.7850064646093606,1.7850064646093606,kW,maximum
MIDDAY_BANK,shoulder,shoulder,hvac_group,SW-DOAS,maximum_zone_people_sensible_gain_interval_peak_kw,1,5.950021548697869,5.950021548697869,5.950021548697869,kW,maximum
MIDDAY_BANK,shoulder,shoulder,hvac_group,SW-DOAS,maximum_zone_sensible_cooling_interval_peak_kw,1,10.442802034513694,10.442802034513694,10.442802034513694,kW,maximum
MIDDAY_BANK,shoulder,shoulder,hvac_group,SW-DOAS,maximum_zone_sensible_heating_interval_peak_kw,1,3.634717102421393,3.634717102421393,3.634717102421393,kW,maximum
MIDDAY_BANK,shoulder,shoulder,hvac_group,SW-DOAS,outdoor_air_maximum_m3_s,1,0.3813484646251304,0.3813484646251304,0.3813484646251304,m3/s,maximum
MIDDAY_BANK,shoulder,shoulder,hvac_group,SW-DOAS,outdoor_air_mean_m3_s,1,2.0382891009731368,2.0382891009731368,2.0382891009731368,m3/s,sum
MIDDAY_BANK,shoulder,shoulder,hvac_group,SW-DOAS,outdoor_air_minimum_m3_s,1,0.04365308726947315,0.04365308726947315,0.04365308726947315,m3/s,minimum
MIDDAY_BANK,shoulder,shoulder,hvac_group,SW-DOAS,people_latent_gain_kwh,1,133.15022088725286,133.15022088725286,133.15022088725286,kWh,sum
MIDDAY_BANK,shoulder,shoulder,hvac_group,SW-DOAS,people_radiant_gain_kwh,1,51.19922327126565,51.19922327126565,51.19922327126565,kWh,sum
MIDDAY_BANK,shoulder,shoulder,hvac_group,SW-DOAS,people_sensible_gain_kwh,1,170.66407757088552,170.66407757088552,170.66407757088552,kWh,sum
MIDDAY_BANK,shoulder,shoulder,hvac_group,SW-DOAS,relative_humidity_maximum_percent,1,49.77231508415173,49.77231508415173,49.77231508415173,%,maximum
MIDDAY_BANK,shoulder,shoulder,hvac_group,SW-DOAS,relative_humidity_mean_percent,1,35.0001798957643,35.0001798957643,35.0001798957643,%,area_weighted_mean
MIDDAY_BANK,shoulder,shoulder,hvac_group,SW-DOAS,relative_humidity_minimum_percent,1,22.35062427592886,22.35062427592886,22.35062427592886,%,minimum
MIDDAY_BANK,shoulder,shoulder,hvac_group,SW-DOAS,sensible_cooling_kwh,1,362.14725025821843,362.14725025821843,362.14725025821843,kWh,sum
MIDDAY_BANK,shoulder,shoulder,hvac_group,SW-DOAS,sensible_heating_kwh,1,110.99625214542078,110.99625214542078,110.99625214542078,kWh,sum
MIDDAY_BANK,shoulder,shoulder,hvac_group,SW-VAV,air_temperature_maximum_c,1,25.000280986685304,25.000280986685304,25.000280986685304,C,maximum
MIDDAY_BANK,shoulder,shoulder,hvac_group,SW-VAV,air_temperature_mean_c,1,20.86593501522362,20.86593501522362,20.86593501522362,C,area_weighted_mean
MIDDAY_BANK,shoulder,shoulder,hvac_group,SW-VAV,air_temperature_minimum_c,1,19.99193606747364,19.99193606747364,19.99193606747364,C,minimum
MIDDAY_BANK,shoulder,shoulder,hvac_group,SW-VAV,maximum_zone_people_latent_gain_interval_peak_kw,1,45.44335522393998,45.44335522393998,45.44335522393998,kW,maximum
MIDDAY_BANK,shoulder,shoulder,hvac_group,SW-VAV,maximum_zone_people_radiant_gain_interval_peak_kw,1,19.989300639640643,19.989300639640643,19.989300639640643,kW,maximum
MIDDAY_BANK,shoulder,shoulder,hvac_group,SW-VAV,maximum_zone_people_sensible_gain_interval_peak_kw,1,66.63100213213548,66.63100213213548,66.63100213213548,kW,maximum
MIDDAY_BANK,shoulder,shoulder,hvac_group,SW-VAV,maximum_zone_sensible_cooling_interval_peak_kw,1,72.0815590163263,72.0815590163263,72.0815590163263,kW,maximum
MIDDAY_BANK,shoulder,shoulder,hvac_group,SW-VAV,maximum_zone_sensible_heating_interval_peak_kw,1,8.124737126584689,8.124737126584689,8.124737126584689,kW,maximum
MIDDAY_BANK,shoulder,shoulder,hvac_group,SW-VAV,outdoor_air_maximum_m3_s,1,5.0067703466671,5.0067703466671,5.0067703466671,m3/s,maximum
MIDDAY_BANK,shoulder,shoulder,hvac_group,SW-VAV,outdoor_air_mean_m3_s,1,47.974432398364854,47.974432398364854,47.974432398364854,m3/s,sum
MIDDAY_BANK,shoulder,shoulder,hvac_group,SW-VAV,outdoor_air_minimum_m3_s,1,0.045961991092974414,0.045961991092974414,0.045961991092974414,m3/s,minimum
MIDDAY_BANK,shoulder,shoulder,hvac_group,SW-VAV,people_latent_gain_kwh,1,1664.3766211028283,1664.3766211028283,1664.3766211028283,kWh,sum
MIDDAY_BANK,shoulder,shoulder,hvac_group,SW-VAV,people_radiant_gain_kwh,1,778.9461311452154,778.9461311452154,778.9461311452154,kWh,sum
MIDDAY_BANK,shoulder,shoulder,hvac_group,SW-VAV,people_sensible_gain_kwh,1,2596.4871038173847,2596.4871038173847,2596.4871038173847,kWh,sum
MIDDAY_BANK,shoulder,shoulder,hvac_group,SW-VAV,relative_humidity_maximum_percent,1,44.09840467400499,44.09840467400499,44.09840467400499,%,maximum
MIDDAY_BANK,shoulder,shoulder,hvac_group,SW-VAV,relative_humidity_mean_percent,1,36.62799949056968,36.62799949056968,36.62799949056968,%,area_weighted_mean
MIDDAY_BANK,shoulder,shoulder,hvac_group,SW-VAV,relative_humidity_minimum_percent,1,22.798544793768,22.798544793768,22.798544793768,%,minimum
MIDDAY_BANK,shoulder,shoulder,hvac_group,SW-VAV,sensible_cooling_kwh,1,8352.014712030268,8352.014712030268,8352.014712030268,kWh,sum
MIDDAY_BANK,shoulder,shoulder,hvac_group,SW-VAV,sensible_heating_kwh,1,274.5380514809083,274.5380514809083,274.5380514809083,kWh,sum
MIDDAY_BANK,shoulder,shoulder,hvac_group,zone_only,air_temperature_maximum_c,1,25.001786878266824,25.001786878266824,25.001786878266824,C,maximum
MIDDAY_BANK,shoulder,shoulder,hvac_group,zone_only,air_temperature_mean_c,1,25.000403512858185,25.000403512858185,25.000403512858185,C,area_weighted_mean
MIDDAY_BANK,shoulder,shoulder,hvac_group,zone_only,air_temperature_minimum_c,1,25.0000015507868,25.0000015507868,25.0000015507868,C,minimum
MIDDAY_BANK,shoulder,shoulder,hvac_group,zone_only,maximum_zone_sensible_cooling_interval_peak_kw,1,24.924449110368197,24.924449110368197,24.924449110368197,kW,maximum
MIDDAY_BANK,shoulder,shoulder,hvac_group,zone_only,maximum_zone_sensible_heating_interval_peak_kw,1,0.0,0.0,0.0,kW,maximum
MIDDAY_BANK,shoulder,shoulder,hvac_group,zone_only,relative_humidity_maximum_percent,1,27.840806409072933,27.840806409072933,27.840806409072933,%,maximum
MIDDAY_BANK,shoulder,shoulder,hvac_group,zone_only,relative_humidity_mean_percent,1,26.844222785518436,26.844222785518436,26.844222785518436,%,area_weighted_mean
MIDDAY_BANK,shoulder,shoulder,hvac_group,zone_only,relative_humidity_minimum_percent,1,25.971337218568298,25.971337218568298,25.971337218568298,%,minimum
MIDDAY_BANK,shoulder,shoulder,hvac_group,zone_only,sensible_cooling_kwh,1,469.85249597396637,469.85249597396637,469.85249597396637,kWh,sum
MIDDAY_BANK,shoulder,shoulder,hvac_group,zone_only,sensible_heating_kwh,1,0.0,0.0,0.0,kWh,sum
MIDDAY_BANK,shoulder,shoulder,region,central_sector_1,air_temperature_maximum_c,1,26.00039393974946,26.00039393974946,26.00039393974946,C,maximum
MIDDAY_BANK,shoulder,shoulder,region,central_sector_1,air_temperature_mean_c,1,21.269988949847423,21.269988949847423,21.269988949847423,C,area_weighted_mean
MIDDAY_BANK,shoulder,shoulder,region,central_sector_1,air_temperature_minimum_c,1,19.993544563245724,19.993544563245724,19.993544563245724,C,minimum
MIDDAY_BANK,shoulder,shoulder,region,central_sector_1,maximum_zone_people_latent_gain_interval_peak_kw,1,71.021659394102,71.021659394102,71.021659394102,kW,maximum
MIDDAY_BANK,shoulder,shoulder,region,central_sector_1,maximum_zone_people_radiant_gain_interval_peak_kw,1,31.45081544668445,31.45081544668445,31.45081544668445,kW,maximum
MIDDAY_BANK,shoulder,shoulder,region,central_sector_1,maximum_zone_people_sensible_gain_interval_peak_kw,1,104.83605148894817,104.83605148894817,104.83605148894817,kW,maximum
MIDDAY_BANK,shoulder,shoulder,region,central_sector_1,maximum_zone_sensible_cooling_interval_peak_kw,1,193.28579449257512,193.28579449257512,193.28579449257512,kW,maximum
MIDDAY_BANK,shoulder,shoulder,region,central_sector_1,maximum_zone_sensible_heating_interval_peak_kw,1,13.25845110037463,13.25845110037463,13.25845110037463,kW,maximum
MIDDAY_BANK,shoulder,shoulder,region,central_sector_1,outdoor_air_maximum_m3_s,1,13.629869033108658,13.629869033108658,13.629869033108658,m3/s,maximum
MIDDAY_BANK,shoulder,shoulder,region,central_sector_1,outdoor_air_mean_m3_s,1,80.39986571155026,80.39986571155026,80.39986571155026,m3/s,sum
MIDDAY_BANK,shoulder,shoulder,region,central_sector_1,outdoor_air_minimum_m3_s,1,0.22475638640039203,0.22475638640039203,0.22475638640039203,m3/s,minimum
MIDDAY_BANK,shoulder,shoulder,region,central_sector_1,people_latent_gain_kwh,1,1489.9824913472385,1489.9824913472385,1489.9824913472385,kWh,sum
MIDDAY_BANK,shoulder,shoulder,region,central_sector_1,people_radiant_gain_kwh,1,682.559326860667,682.559326860667,682.559326860667,kWh,sum
MIDDAY_BANK,shoulder,shoulder,region,central_sector_1,people_sensible_gain_kwh,1,2275.1977562022234,2275.1977562022234,2275.1977562022234,kWh,sum
MIDDAY_BANK,shoulder,shoulder,region,central_sector_1,relative_humidity_maximum_percent,1,46.00989337759544,46.00989337759544,46.00989337759544,%,maximum
MIDDAY_BANK,shoulder,shoulder,region,central_sector_1,relative_humidity_mean_percent,1,34.99007657396634,34.99007657396634,34.99007657396634,%,area_weighted_mean
MIDDAY_BANK,shoulder,shoulder,region,central_sector_1,relative_humidity_minimum_percent,1,22.764894067537682,22.764894067537682,22.764894067537682,%,minimum
MIDDAY_BANK,shoulder,shoulder,region,central_sector_1,sensible_cooling_kwh,1,14901.222688282629,14901.222688282629,14901.222688282629,kWh,sum
MIDDAY_BANK,shoulder,shoulder,region,central_sector_1,sensible_heating_kwh,1,1046.9715008510236,1046.9715008510236,1046.9715008510236,kWh,sum
MIDDAY_BANK,shoulder,shoulder,region,central_sector_2,air_temperature_maximum_c,1,26.000411463369012,26.000411463369012,26.000411463369012,C,maximum
MIDDAY_BANK,shoulder,shoulder,region,central_sector_2,air_temperature_mean_c,1,21.192477973549032,21.192477973549032,21.192477973549032,C,area_weighted_mean
MIDDAY_BANK,shoulder,shoulder,region,central_sector_2,air_temperature_minimum_c,1,19.99265433258642,19.99265433258642,19.99265433258642,C,minimum
MIDDAY_BANK,shoulder,shoulder,region,central_sector_2,maximum_zone_people_latent_gain_interval_peak_kw,1,23.972555801980935,23.972555801980935,23.972555801980935,kW,maximum
MIDDAY_BANK,shoulder,shoulder,region,central_sector_2,maximum_zone_people_radiant_gain_interval_peak_kw,1,9.642961118622281,9.642961118622281,9.642961118622281,kW,maximum
MIDDAY_BANK,shoulder,shoulder,region,central_sector_2,maximum_zone_people_sensible_gain_interval_peak_kw,1,32.14320372874094,32.14320372874094,32.14320372874094,kW,maximum
MIDDAY_BANK,shoulder,shoulder,region,central_sector_2,maximum_zone_sensible_cooling_interval_peak_kw,1,377.7945061965202,377.7945061965202,377.7945061965202,kW,maximum
MIDDAY_BANK,shoulder,shoulder,region,central_sector_2,maximum_zone_sensible_heating_interval_peak_kw,1,29.652820296758087,29.652820296758087,29.652820296758087,kW,maximum
MIDDAY_BANK,shoulder,shoulder,region,central_sector_2,outdoor_air_maximum_m3_s,1,29.13038480302385,29.13038480302385,29.13038480302385,m3/s,maximum
MIDDAY_BANK,shoulder,shoulder,region,central_sector_2,outdoor_air_mean_m3_s,1,158.2103041525076,158.2103041525076,158.2103041525076,m3/s,sum
MIDDAY_BANK,shoulder,shoulder,region,central_sector_2,outdoor_air_minimum_m3_s,1,0.8432216253883503,0.8432216253883503,0.8432216253883503,m3/s,minimum
MIDDAY_BANK,shoulder,shoulder,region,central_sector_2,people_latent_gain_kwh,1,833.4634347628504,833.4634347628504,833.4634347628504,kWh,sum
MIDDAY_BANK,shoulder,shoulder,region,central_sector_2,people_radiant_gain_kwh,1,418.76281504706986,418.76281504706986,418.76281504706986,kWh,sum
MIDDAY_BANK,shoulder,shoulder,region,central_sector_2,people_sensible_gain_kwh,1,1395.8760501568997,1395.8760501568997,1395.8760501568997,kWh,sum
MIDDAY_BANK,shoulder,shoulder,region,central_sector_2,relative_humidity_maximum_percent,1,46.71593100516478,46.71593100516478,46.71593100516478,%,maximum
MIDDAY_BANK,shoulder,shoulder,region,central_sector_2,relative_humidity_mean_percent,1,34.39612829287606,34.39612829287606,34.39612829287606,%,area_weighted_mean
MIDDAY_BANK,shoulder,shoulder,region,central_sector_2,relative_humidity_minimum_percent,1,22.744336519198658,22.744336519198658,22.744336519198658,%,minimum
MIDDAY_BANK,shoulder,shoulder,region,central_sector_2,sensible_cooling_kwh,1,30369.093915655467,30369.093915655467,30369.093915655467,kWh,sum
MIDDAY_BANK,shoulder,shoulder,region,central_sector_2,sensible_heating_kwh,1,1473.08669536429,1473.08669536429,1473.08669536429,kWh,sum
MIDDAY_BANK,shoulder,shoulder,region,northeast_pier,air_temperature_maximum_c,1,26.000367992184348,26.000367992184348,26.000367992184348,C,maximum
MIDDAY_BANK,shoulder,shoulder,region,northeast_pier,air_temperature_mean_c,1,20.984951585093597,20.984951585093597,20.984951585093597,C,area_weighted_mean
MIDDAY_BANK,shoulder,shoulder,region,northeast_pier,air_temperature_minimum_c,1,19.991710779928997,19.991710779928997,19.991710779928997,C,minimum
MIDDAY_BANK,shoulder,shoulder,region,northeast_pier,maximum_zone_people_latent_gain_interval_peak_kw,1,55.100717810928415,55.100717810928415,55.100717810928415,kW,maximum
MIDDAY_BANK,shoulder,shoulder,region,northeast_pier,maximum_zone_people_radiant_gain_interval_peak_kw,1,21.15776924103413,21.15776924103413,21.15776924103413,kW,maximum
MIDDAY_BANK,shoulder,shoulder,region,northeast_pier,maximum_zone_people_sensible_gain_interval_peak_kw,1,70.52589747011378,70.52589747011378,70.52589747011378,kW,maximum
MIDDAY_BANK,shoulder,shoulder,region,northeast_pier,maximum_zone_sensible_cooling_interval_peak_kw,1,73.32009485104079,73.32009485104079,73.32009485104079,kW,maximum
MIDDAY_BANK,shoulder,shoulder,region,northeast_pier,maximum_zone_sensible_heating_interval_peak_kw,1,18.372287644955097,18.372287644955097,18.372287644955097,kW,maximum
MIDDAY_BANK,shoulder,shoulder,region,northeast_pier,outdoor_air_maximum_m3_s,1,5.034766301264188,5.034766301264188,5.034766301264188,m3/s,maximum
MIDDAY_BANK,shoulder,shoulder,region,northeast_pier,outdoor_air_mean_m3_s,1,43.719374698650306,43.719374698650306,43.719374698650306,m3/s,sum
MIDDAY_BANK,shoulder,shoulder,region,northeast_pier,outdoor_air_minimum_m3_s,1,0.055921442208217986,0.055921442208217986,0.055921442208217986,m3/s,minimum
MIDDAY_BANK,shoulder,shoulder,region,northeast_pier,people_latent_gain_kwh,1,1205.6868049981192,1205.6868049981192,1205.6868049981192,kWh,sum
MIDDAY_BANK,shoulder,shoulder,region,northeast_pier,people_radiant_gain_kwh,1,566.9628795402972,566.9628795402972,566.9628795402972,kWh,sum
MIDDAY_BANK,shoulder,shoulder,region,northeast_pier,people_sensible_gain_kwh,1,1889.876265134324,1889.876265134324,1889.876265134324,kWh,sum
MIDDAY_BANK,shoulder,shoulder,region,northeast_pier,relative_humidity_maximum_percent,1,47.718811056515804,47.718811056515804,47.718811056515804,%,maximum
MIDDAY_BANK,shoulder,shoulder,region,northeast_pier,relative_humidity_mean_percent,1,36.01737228237164,36.01737228237164,36.01737228237164,%,area_weighted_mean
MIDDAY_BANK,shoulder,shoulder,region,northeast_pier,relative_humidity_minimum_percent,1,22.77374876481266,22.77374876481266,22.77374876481266,%,minimum
MIDDAY_BANK,shoulder,shoulder,region,northeast_pier,sensible_cooling_kwh,1,7260.6546498413545,7260.6546498413545,7260.6546498413545,kWh,sum
MIDDAY_BANK,shoulder,shoulder,region,northeast_pier,sensible_heating_kwh,1,582.7714271380313,582.7714271380313,582.7714271380313,kWh,sum
MIDDAY_BANK,shoulder,shoulder,region,northwest_pier,air_temperature_maximum_c,1,26.000336398279263,26.000336398279263,26.000336398279263,C,maximum
MIDDAY_BANK,shoulder,shoulder,region,northwest_pier,air_temperature_mean_c,1,20.992871041659868,20.992871041659868,20.992871041659868,C,area_weighted_mean
MIDDAY_BANK,shoulder,shoulder,region,northwest_pier,air_temperature_minimum_c,1,19.99255312359892,19.99255312359892,19.99255312359892,C,minimum
MIDDAY_BANK,shoulder,shoulder,region,northwest_pier,maximum_zone_people_latent_gain_interval_peak_kw,1,36.172506103237495,36.172506103237495,36.172506103237495,kW,maximum
MIDDAY_BANK,shoulder,shoulder,region,northwest_pier,maximum_zone_people_radiant_gain_interval_peak_kw,1,14.420541786424295,14.420541786424295,14.420541786424295,kW,maximum
MIDDAY_BANK,shoulder,shoulder,region,northwest_pier,maximum_zone_people_sensible_gain_interval_peak_kw,1,48.068472621414315,48.068472621414315,48.068472621414315,kW,maximum
MIDDAY_BANK,shoulder,shoulder,region,northwest_pier,maximum_zone_sensible_cooling_interval_peak_kw,1,50.55088577329126,50.55088577329126,50.55088577329126,kW,maximum
MIDDAY_BANK,shoulder,shoulder,region,northwest_pier,maximum_zone_sensible_heating_interval_peak_kw,1,11.311983077736441,11.311983077736441,11.311983077736441,kW,maximum
MIDDAY_BANK,shoulder,shoulder,region,northwest_pier,outdoor_air_maximum_m3_s,1,3.486620838542093,3.486620838542093,3.486620838542093,m3/s,maximum
MIDDAY_BANK,shoulder,shoulder,region,northwest_pier,outdoor_air_mean_m3_s,1,41.776241587865584,41.776241587865584,41.776241587865584,m3/s,sum
MIDDAY_BANK,shoulder,shoulder,region,northwest_pier,outdoor_air_minimum_m3_s,1,0.02870951095942196,0.02870951095942196,0.02870951095942196,m3/s,minimum
MIDDAY_BANK,shoulder,shoulder,region,northwest_pier,people_latent_gain_kwh,1,1100.6697447449858,1100.6697447449858,1100.6697447449858,kWh,sum
MIDDAY_BANK,shoulder,shoulder,region,northwest_pier,people_radiant_gain_kwh,1,521.376278209132,521.376278209132,521.376278209132,kWh,sum
MIDDAY_BANK,shoulder,shoulder,region,northwest_pier,people_sensible_gain_kwh,1,1737.9209273637734,1737.9209273637734,1737.9209273637734,kWh,sum
MIDDAY_BANK,shoulder,shoulder,region,northwest_pier,relative_humidity_maximum_percent,1,56.785568670243954,56.785568670243954,56.785568670243954,%,maximum
MIDDAY_BANK,shoulder,shoulder,region,northwest_pier,relative_humidity_mean_percent,1,35.970268963311106,35.970268963311106,35.970268963311106,%,area_weighted_mean
MIDDAY_BANK,shoulder,shoulder,region,northwest_pier,relative_humidity_minimum_percent,1,22.771466107183013,22.771466107183013,22.771466107183013,%,minimum
MIDDAY_BANK,shoulder,shoulder,region,northwest_pier,sensible_cooling_kwh,1,6964.413592745603,6964.413592745603,6964.413592745603,kWh,sum
MIDDAY_BANK,shoulder,shoulder,region,northwest_pier,sensible_heating_kwh,1,573.5634636894964,573.5634636894964,573.5634636894964,kWh,sum
MIDDAY_BANK,shoulder,shoulder,region,south_central_pier,air_temperature_maximum_c,1,26.000293686930103,26.000293686930103,26.000293686930103,C,maximum
MIDDAY_BANK,shoulder,shoulder,region,south_central_pier,air_temperature_mean_c,1,20.69980198101761,20.69980198101761,20.69980198101761,C,area_weighted_mean
MIDDAY_BANK,shoulder,shoulder,region,south_central_pier,air_temperature_minimum_c,1,19.993894927600298,19.993894927600298,19.993894927600298,C,minimum
MIDDAY_BANK,shoulder,shoulder,region,south_central_pier,maximum_zone_people_latent_gain_interval_peak_kw,1,4.394799380466293,4.394799380466293,4.394799380466293,kW,maximum
MIDDAY_BANK,shoulder,shoulder,region,south_central_pier,maximum_zone_people_radiant_gain_interval_peak_kw,1,1.7931490595010071,1.7931490595010071,1.7931490595010071,kW,maximum
MIDDAY_BANK,shoulder,shoulder,region,south_central_pier,maximum_zone_people_sensible_gain_interval_peak_kw,1,5.977163531670024,5.977163531670024,5.977163531670024,kW,maximum
MIDDAY_BANK,shoulder,shoulder,region,south_central_pier,maximum_zone_sensible_cooling_interval_peak_kw,1,67.71260932013854,67.71260932013854,67.71260932013854,kW,maximum
MIDDAY_BANK,shoulder,shoulder,region,south_central_pier,maximum_zone_sensible_heating_interval_peak_kw,1,22.33461110933285,22.33461110933285,22.33461110933285,kW,maximum
MIDDAY_BANK,shoulder,shoulder,region,south_central_pier,outdoor_air_maximum_m3_s,1,5.616448876723624,5.616448876723624,5.616448876723624,m3/s,maximum
MIDDAY_BANK,shoulder,shoulder,region,south_central_pier,outdoor_air_mean_m3_s,1,30.309233092012086,30.309233092012086,30.309233092012086,m3/s,sum
MIDDAY_BANK,shoulder,shoulder,region,south_central_pier,outdoor_air_minimum_m3_s,1,0.13916666666666744,0.13916666666666744,0.13916666666666744,m3/s,minimum
MIDDAY_BANK,shoulder,shoulder,region,south_central_pier,people_latent_gain_kwh,1,154.81003099948427,154.81003099948427,154.81003099948427,kWh,sum
MIDDAY_BANK,shoulder,shoulder,region,south_central_pier,people_radiant_gain_kwh,1,68.57855588377294,68.57855588377294,68.57855588377294,kWh,sum
MIDDAY_BANK,shoulder,shoulder,region,south_central_pier,people_sensible_gain_kwh,1,228.59518627924314,228.59518627924314,228.59518627924314,kWh,sum
MIDDAY_BANK,shoulder,shoulder,region,south_central_pier,relative_humidity_maximum_percent,1,48.12698106032977,48.12698106032977,48.12698106032977,%,maximum
MIDDAY_BANK,shoulder,shoulder,region,south_central_pier,relative_humidity_mean_percent,1,35.25252163775547,35.25252163775547,35.25252163775547,%,area_weighted_mean
MIDDAY_BANK,shoulder,shoulder,region,south_central_pier,relative_humidity_minimum_percent,1,23.49890381987864,23.49890381987864,23.49890381987864,%,minimum
MIDDAY_BANK,shoulder,shoulder,region,south_central_pier,sensible_cooling_kwh,1,4423.9197735510725,4423.9197735510725,4423.9197735510725,kWh,sum
MIDDAY_BANK,shoulder,shoulder,region,south_central_pier,sensible_heating_kwh,1,689.6194359054596,689.6194359054596,689.6194359054596,kWh,sum
MIDDAY_BANK,shoulder,shoulder,region,southeast_pier,air_temperature_maximum_c,1,26.002998007040752,26.002998007040752,26.002998007040752,C,maximum
MIDDAY_BANK,shoulder,shoulder,region,southeast_pier,air_temperature_mean_c,1,21.007687434758523,21.007687434758523,21.007687434758523,C,area_weighted_mean
MIDDAY_BANK,shoulder,shoulder,region,southeast_pier,air_temperature_minimum_c,1,19.972739703962556,19.972739703962556,19.972739703962556,C,minimum
MIDDAY_BANK,shoulder,shoulder,region,southeast_pier,maximum_zone_people_latent_gain_interval_peak_kw,1,50.87896808705957,50.87896808705957,50.87896808705957,kW,maximum
MIDDAY_BANK,shoulder,shoulder,region,southeast_pier,maximum_zone_people_radiant_gain_interval_peak_kw,1,21.909941949985036,21.909941949985036,21.909941949985036,kW,maximum
MIDDAY_BANK,shoulder,shoulder,region,southeast_pier,maximum_zone_people_sensible_gain_interval_peak_kw,1,73.03313983328347,73.03313983328347,73.03313983328347,kW,maximum
MIDDAY_BANK,shoulder,shoulder,region,southeast_pier,maximum_zone_sensible_cooling_interval_peak_kw,1,82.9522056584659,82.9522056584659,82.9522056584659,kW,maximum
MIDDAY_BANK,shoulder,shoulder,region,southeast_pier,maximum_zone_sensible_heating_interval_peak_kw,1,6.801503239453523,6.801503239453523,6.801503239453523,kW,maximum
MIDDAY_BANK,shoulder,shoulder,region,southeast_pier,outdoor_air_maximum_m3_s,1,5.663932595477906,5.663932595477906,5.663932595477906,m3/s,maximum
MIDDAY_BANK,shoulder,shoulder,region,southeast_pier,outdoor_air_mean_m3_s,1,73.76812242733803,73.76812242733803,73.76812242733803,m3/s,sum
MIDDAY_BANK,shoulder,shoulder,region,southeast_pier,outdoor_air_minimum_m3_s,1,0.03689236111111095,0.03689236111111095,0.03689236111111095,m3/s,minimum
MIDDAY_BANK,shoulder,shoulder,region,southeast_pier,people_latent_gain_kwh,1,1796.8626550103263,1796.8626550103263,1796.8626550103263,kWh,sum
MIDDAY_BANK,shoulder,shoulder,region,southeast_pier,people_radiant_gain_kwh,1,815.2564136592393,815.2564136592393,815.2564136592393,kWh,sum
MIDDAY_BANK,shoulder,shoulder,region,southeast_pier,people_sensible_gain_kwh,1,2717.5213788641313,2717.5213788641313,2717.5213788641313,kWh,sum
MIDDAY_BANK,shoulder,shoulder,region,southeast_pier,relative_humidity_maximum_percent,1,50.09586826612418,50.09586826612418,50.09586826612418,%,maximum
MIDDAY_BANK,shoulder,shoulder,region,southeast_pier,relative_humidity_mean_percent,1,36.17994287678289,36.17994287678289,36.17994287678289,%,area_weighted_mean
MIDDAY_BANK,shoulder,shoulder,region,southeast_pier,relative_humidity_minimum_percent,1,22.3764943734324,22.3764943734324,22.3764943734324,%,minimum
MIDDAY_BANK,shoulder,shoulder,region,southeast_pier,sensible_cooling_kwh,1,14361.573324716685,14361.573324716685,14361.573324716685,kWh,sum
MIDDAY_BANK,shoulder,shoulder,region,southeast_pier,sensible_heating_kwh,1,329.69020291192294,329.69020291192294,329.69020291192294,kWh,sum
MIDDAY_BANK,shoulder,shoulder,region,southwest_pier,air_temperature_maximum_c,1,26.00034238621008,26.00034238621008,26.00034238621008,C,maximum
MIDDAY_BANK,shoulder,shoulder,region,southwest_pier,air_temperature_mean_c,1,21.012273221258624,21.012273221258624,21.012273221258624,C,area_weighted_mean
MIDDAY_BANK,shoulder,shoulder,region,southwest_pier,air_temperature_minimum_c,1,19.99193606747364,19.99193606747364,19.99193606747364,C,minimum
MIDDAY_BANK,shoulder,shoulder,region,southwest_pier,maximum_zone_people_latent_gain_interval_peak_kw,1,45.44335522393998,45.44335522393998,45.44335522393998,kW,maximum
MIDDAY_BANK,shoulder,shoulder,region,southwest_pier,maximum_zone_people_radiant_gain_interval_peak_kw,1,19.989300639640643,19.989300639640643,19.989300639640643,kW,maximum
MIDDAY_BANK,shoulder,shoulder,region,southwest_pier,maximum_zone_people_sensible_gain_interval_peak_kw,1,66.63100213213548,66.63100213213548,66.63100213213548,kW,maximum
MIDDAY_BANK,shoulder,shoulder,region,southwest_pier,maximum_zone_sensible_cooling_interval_peak_kw,1,72.0815590163263,72.0815590163263,72.0815590163263,kW,maximum
MIDDAY_BANK,shoulder,shoulder,region,southwest_pier,maximum_zone_sensible_heating_interval_peak_kw,1,8.124737126584689,8.124737126584689,8.124737126584689,kW,maximum
MIDDAY_BANK,shoulder,shoulder,region,southwest_pier,outdoor_air_maximum_m3_s,1,5.0067703466671,5.0067703466671,5.0067703466671,m3/s,maximum
MIDDAY_BANK,shoulder,shoulder,region,southwest_pier,outdoor_air_mean_m3_s,1,50.012721499337985,50.012721499337985,50.012721499337985,m3/s,sum
MIDDAY_BANK,shoulder,shoulder,region,southwest_pier,outdoor_air_minimum_m3_s,1,0.04365308726947315,0.04365308726947315,0.04365308726947315,m3/s,minimum
MIDDAY_BANK,shoulder,shoulder,region,southwest_pier,people_latent_gain_kwh,1,1797.526841990081,1797.526841990081,1797.526841990081,kWh,sum
MIDDAY_BANK,shoulder,shoulder,region,southwest_pier,people_radiant_gain_kwh,1,830.145354416481,830.145354416481,830.145354416481,kWh,sum
MIDDAY_BANK,shoulder,shoulder,region,southwest_pier,people_sensible_gain_kwh,1,2767.1511813882703,2767.1511813882703,2767.1511813882703,kWh,sum
MIDDAY_BANK,shoulder,shoulder,region,southwest_pier,relative_humidity_maximum_percent,1,49.77231508415173,49.77231508415173,49.77231508415173,%,maximum
MIDDAY_BANK,shoulder,shoulder,region,southwest_pier,relative_humidity_mean_percent,1,36.4848422716773,36.4848422716773,36.4848422716773,%,area_weighted_mean
MIDDAY_BANK,shoulder,shoulder,region,southwest_pier,relative_humidity_minimum_percent,1,22.35062427592886,22.35062427592886,22.35062427592886,%,minimum
MIDDAY_BANK,shoulder,shoulder,region,southwest_pier,sensible_cooling_kwh,1,8714.161962288486,8714.161962288486,8714.161962288486,kWh,sum
MIDDAY_BANK,shoulder,shoulder,region,southwest_pier,sensible_heating_kwh,1,385.53430362632906,385.53430362632906,385.53430362632906,kWh,sum
MORNING_BANK,shoulder,shoulder,function,arrival_exit,air_temperature_maximum_c,1,23.12777643079427,23.12777643079427,23.12777643079427,C,maximum
MORNING_BANK,shoulder,shoulder,function,arrival_exit,air_temperature_mean_c,1,21.13914104186691,21.13914104186691,21.13914104186691,C,area_weighted_mean
MORNING_BANK,shoulder,shoulder,function,arrival_exit,air_temperature_minimum_c,1,19.995225025053134,19.995225025053134,19.995225025053134,C,minimum
MORNING_BANK,shoulder,shoulder,function,arrival_exit,maximum_zone_people_latent_gain_interval_peak_kw,1,2.2838134058458652,2.2838134058458652,2.2838134058458652,kW,maximum
MORNING_BANK,shoulder,shoulder,function,arrival_exit,maximum_zone_people_radiant_gain_interval_peak_kw,1,1.5372691323592877,1.5372691323592877,1.5372691323592877,kW,maximum
MORNING_BANK,shoulder,shoulder,function,arrival_exit,maximum_zone_people_sensible_gain_interval_peak_kw,1,5.124230441197627,5.124230441197627,5.124230441197627,kW,maximum
MORNING_BANK,shoulder,shoulder,function,arrival_exit,maximum_zone_sensible_cooling_interval_peak_kw,1,66.65206803132077,66.65206803132077,66.65206803132077,kW,maximum
MORNING_BANK,shoulder,shoulder,function,arrival_exit,maximum_zone_sensible_heating_interval_peak_kw,1,6.354086984139052,6.354086984139052,6.354086984139052,kW,maximum
MORNING_BANK,shoulder,shoulder,function,arrival_exit,outdoor_air_maximum_m3_s,1,5.415687127376998,5.415687127376998,5.415687127376998,m3/s,maximum
MORNING_BANK,shoulder,shoulder,function,arrival_exit,outdoor_air_mean_m3_s,1,19.244009731989365,19.244009731989365,19.244009731989365,m3/s,sum
MORNING_BANK,shoulder,shoulder,function,arrival_exit,outdoor_air_minimum_m3_s,1,0.7500186178408363,0.7500186178408363,0.7500186178408363,m3/s,minimum
MORNING_BANK,shoulder,shoulder,function,arrival_exit,people_latent_gain_kwh,1,28.254989338885423,28.254989338885423,28.254989338885423,kWh,sum
MORNING_BANK,shoulder,shoulder,function,arrival_exit,people_radiant_gain_kwh,1,19.72383051207902,19.72383051207902,19.72383051207902,kWh,sum
MORNING_BANK,shoulder,shoulder,function,arrival_exit,people_sensible_gain_kwh,1,65.74610170693006,65.74610170693006,65.74610170693006,kWh,sum
MORNING_BANK,shoulder,shoulder,function,arrival_exit,relative_humidity_maximum_percent,1,43.5546288579644,43.5546288579644,43.5546288579644,%,maximum
MORNING_BANK,shoulder,shoulder,function,arrival_exit,relative_humidity_mean_percent,1,34.33487761603269,34.33487761603269,34.33487761603269,%,area_weighted_mean
MORNING_BANK,shoulder,shoulder,function,arrival_exit,relative_humidity_minimum_percent,1,26.15785639290003,26.15785639290003,26.15785639290003,%,minimum
MORNING_BANK,shoulder,shoulder,function,arrival_exit,sensible_cooling_kwh,1,3735.347768599344,3735.347768599344,3735.347768599344,kWh,sum
MORNING_BANK,shoulder,shoulder,function,arrival_exit,sensible_heating_kwh,1,67.97897156737245,67.97897156737245,67.97897156737245,kWh,sum
MORNING_BANK,shoulder,shoulder,function,baggage_claim,air_temperature_maximum_c,1,23.23157280516488,23.23157280516488,23.23157280516488,C,maximum
MORNING_BANK,shoulder,shoulder,function,baggage_claim,air_temperature_mean_c,1,21.500741726196487,21.500741726196487,21.500741726196487,C,area_weighted_mean
MORNING_BANK,shoulder,shoulder,function,baggage_claim,air_temperature_minimum_c,1,19.995654113033524,19.995654113033524,19.995654113033524,C,minimum
MORNING_BANK,shoulder,shoulder,function,baggage_claim,maximum_zone_people_latent_gain_interval_peak_kw,1,61.22772201858542,61.22772201858542,61.22772201858542,kW,maximum
MORNING_BANK,shoulder,shoulder,function,baggage_claim,maximum_zone_people_radiant_gain_interval_peak_kw,1,34.8494234648856,34.8494234648856,34.8494234648856,kW,maximum
MORNING_BANK,shoulder,shoulder,function,baggage_claim,maximum_zone_people_sensible_gain_interval_peak_kw,1,116.16474488295198,116.16474488295198,116.16474488295198,kW,maximum
MORNING_BANK,shoulder,shoulder,function,baggage_claim,maximum_zone_sensible_cooling_interval_peak_kw,1,143.55828569756525,143.55828569756525,143.55828569756525,kW,maximum
MORNING_BANK,shoulder,shoulder,function,baggage_claim,maximum_zone_sensible_heating_interval_peak_kw,1,5.562164921678545,5.562164921678545,5.562164921678545,kW,maximum
MORNING_BANK,shoulder,shoulder,function,baggage_claim,outdoor_air_maximum_m3_s,1,11.611953582470544,11.611953582470544,11.611953582470544,m3/s,maximum
MORNING_BANK,shoulder,shoulder,function,baggage_claim,outdoor_air_mean_m3_s,1,31.114485439884938,31.114485439884938,31.114485439884938,m3/s,sum
MORNING_BANK,shoulder,shoulder,function,baggage_claim,outdoor_air_minimum_m3_s,1,3.924272521266088,3.924272521266088,3.924272521266088,m3/s,minimum
MORNING_BANK,shoulder,shoulder,function,baggage_claim,people_latent_gain_kwh,1,634.1088883801805,634.1088883801805,634.1088883801805,kWh,sum
MORNING_BANK,shoulder,shoulder,function,baggage_claim,people_radiant_gain_kwh,1,373.7738813661108,373.7738813661108,373.7738813661108,kWh,sum
MORNING_BANK,shoulder,shoulder,function,baggage_claim,people_sensible_gain_kwh,1,1245.912937887036,1245.912937887036,1245.912937887036,kWh,sum
MORNING_BANK,shoulder,shoulder,function,baggage_claim,relative_humidity_maximum_percent,1,41.42337854524379,41.42337854524379,41.42337854524379,%,maximum
MORNING_BANK,shoulder,shoulder,function,baggage_claim,relative_humidity_mean_percent,1,34.33733807145196,34.33733807145196,34.33733807145196,%,area_weighted_mean
MORNING_BANK,shoulder,shoulder,function,baggage_claim,relative_humidity_minimum_percent,1,26.17896836426299,26.17896836426299,26.17896836426299,%,minimum
MORNING_BANK,shoulder,shoulder,function,baggage_claim,sensible_cooling_kwh,1,6776.363283544525,6776.363283544525,6776.363283544525,kWh,sum
MORNING_BANK,shoulder,shoulder,function,baggage_claim,sensible_heating_kwh,1,13.422995776061317,13.422995776061317,13.422995776061317,kWh,sum
MORNING_BANK,shoulder,shoulder,function,central_hall,air_temperature_maximum_c,1,22.162853685080268,22.162853685080268,22.162853685080268,C,maximum
MORNING_BANK,shoulder,shoulder,function,central_hall,air_temperature_mean_c,1,20.71026211268897,20.71026211268897,20.71026211268897,C,area_weighted_mean
MORNING_BANK,shoulder,shoulder,function,central_hall,air_temperature_minimum_c,1,19.996424494743973,19.996424494743973,19.996424494743973,C,minimum
MORNING_BANK,shoulder,shoulder,function,central_hall,maximum_zone_people_latent_gain_interval_peak_kw,1,7.087421819457864,7.087421819457864,7.087421819457864,kW,maximum
MORNING_BANK,shoulder,shoulder,function,central_hall,maximum_zone_people_radiant_gain_interval_peak_kw,1,5.357127703395051,5.357127703395051,5.357127703395051,kW,maximum
MORNING_BANK,shoulder,shoulder,function,central_hall,maximum_zone_people_sensible_gain_interval_peak_kw,1,17.85709234465017,17.85709234465017,17.85709234465017,kW,maximum
MORNING_BANK,shoulder,shoulder,function,central_hall,maximum_zone_sensible_cooling_interval_peak_kw,1,88.08085702114616,88.08085702114616,88.08085702114616,kW,maximum
MORNING_BANK,shoulder,shoulder,function,central_hall,maximum_zone_sensible_heating_interval_peak_kw,1,29.761042956748074,29.761042956748074,29.761042956748074,kW,maximum
MORNING_BANK,shoulder,shoulder,function,central_hall,outdoor_air_maximum_m3_s,1,7.985438599172648,7.985438599172648,7.985438599172648,m3/s,maximum
MORNING_BANK,shoulder,shoulder,function,central_hall,outdoor_air_mean_m3_s,1,54.4390118583509,54.4390118583509,54.4390118583509,m3/s,sum
MORNING_BANK,shoulder,shoulder,function,central_hall,outdoor_air_minimum_m3_s,1,0.88104873267088,0.88104873267088,0.88104873267088,m3/s,minimum
MORNING_BANK,shoulder,shoulder,function,central_hall,people_latent_gain_kwh,1,395.67087521409206,395.67087521409206,395.67087521409206,kWh,sum
MORNING_BANK,shoulder,shoulder,function,central_hall,people_radiant_gain_kwh,1,286.6785239992084,286.6785239992084,286.6785239992084,kWh,sum
MORNING_BANK,shoulder,shoulder,function,central_hall,people_sensible_gain_kwh,1,955.5950799973613,955.5950799973613,955.5950799973613,kWh,sum
MORNING_BANK,shoulder,shoulder,function,central_hall,relative_humidity_maximum_percent,1,47.06973520828723,47.06973520828723,47.06973520828723,%,maximum
MORNING_BANK,shoulder,shoulder,function,central_hall,relative_humidity_mean_percent,1,35.419350602580785,35.419350602580785,35.419350602580785,%,area_weighted_mean
MORNING_BANK,shoulder,shoulder,function,central_hall,relative_humidity_minimum_percent,1,27.86122703694297,27.86122703694297,27.86122703694297,%,minimum
MORNING_BANK,shoulder,shoulder,function,central_hall,sensible_cooling_kwh,1,9406.18376729346,9406.18376729346,9406.18376729346,kWh,sum
MORNING_BANK,shoulder,shoulder,function,central_hall,sensible_heating_kwh,1,653.2159377640174,653.2159377640174,653.2159377640174,kWh,sum
MORNING_BANK,shoulder,shoulder,function,concourse,air_temperature_maximum_c,1,22.06021464365239,22.06021464365239,22.06021464365239,C,maximum
MORNING_BANK,shoulder,shoulder,function,concourse,air_temperature_mean_c,1,20.49566958472578,20.49566958472578,20.49566958472578,C,area_weighted_mean
MORNING_BANK,shoulder,shoulder,function,concourse,air_temperature_minimum_c,1,19.995756334015397,19.995756334015397,19.995756334015397,C,minimum
MORNING_BANK,shoulder,shoulder,function,concourse,maximum_zone_people_latent_gain_interval_peak_kw,1,5.094927871194214,5.094927871194214,5.094927871194214,kW,maximum
MORNING_BANK,shoulder,shoulder,function,concourse,maximum_zone_people_radiant_gain_interval_peak_kw,1,3.503050436749924,3.503050436749924,3.503050436749924,kW,maximum
MORNING_BANK,shoulder,shoulder,function,concourse,maximum_zone_people_sensible_gain_interval_peak_kw,1,11.676834789166413,11.676834789166413,11.676834789166413,kW,maximum
MORNING_BANK,shoulder,shoulder,function,concourse,maximum_zone_sensible_cooling_interval_peak_kw,1,35.80551080540479,35.80551080540479,35.80551080540479,kW,maximum
MORNING_BANK,shoulder,shoulder,function,concourse,maximum_zone_sensible_heating_interval_peak_kw,1,18.377290836390006,18.377290836390006,18.377290836390006,kW,maximum
MORNING_BANK,shoulder,shoulder,function,concourse,outdoor_air_maximum_m3_s,1,3.3614049787481113,3.3614049787481113,3.3614049787481113,m3/s,maximum
MORNING_BANK,shoulder,shoulder,function,concourse,outdoor_air_mean_m3_s,1,22.129652222289685,22.129652222289685,22.129652222289685,m3/s,sum
MORNING_BANK,shoulder,shoulder,function,concourse,outdoor_air_minimum_m3_s,1,0.41834938698774676,0.41834938698774676,0.41834938698774676,m3/s,minimum
MORNING_BANK,shoulder,shoulder,function,concourse,people_latent_gain_kwh,1,154.7583542357483,154.7583542357483,154.7583542357483,kWh,sum
MORNING_BANK,shoulder,shoulder,function,concourse,people_radiant_gain_kwh,1,114.66690578037058,114.66690578037058,114.66690578037058,kWh,sum
MORNING_BANK,shoulder,shoulder,function,concourse,people_sensible_gain_kwh,1,382.223019267902,382.223019267902,382.223019267902,kWh,sum
MORNING_BANK,shoulder,shoulder,function,concourse,relative_humidity_maximum_percent,1,46.63596640540849,46.63596640540849,46.63596640540849,%,maximum
MORNING_BANK,shoulder,shoulder,function,concourse,relative_humidity_mean_percent,1,36.30145117746651,36.30145117746651,36.30145117746651,%,area_weighted_mean
MORNING_BANK,shoulder,shoulder,function,concourse,relative_humidity_minimum_percent,1,28.185914534064693,28.185914534064693,28.185914534064693,%,minimum
MORNING_BANK,shoulder,shoulder,function,concourse,sensible_cooling_kwh,1,3593.8999241227734,3593.8999241227734,3593.8999241227734,kWh,sum
MORNING_BANK,shoulder,shoulder,function,concourse,sensible_heating_kwh,1,423.805905552888,423.805905552888,423.805905552888,kWh,sum
MORNING_BANK,shoulder,shoulder,function,departure_entry,air_temperature_maximum_c,1,22.28803945433338,22.28803945433338,22.28803945433338,C,maximum
MORNING_BANK,shoulder,shoulder,function,departure_entry,air_temperature_mean_c,1,20.866655686465947,20.866655686465947,20.866655686465947,C,area_weighted_mean
MORNING_BANK,shoulder,shoulder,function,departure_entry,air_temperature_minimum_c,1,19.9961019551146,19.9961019551146,19.9961019551146,C,minimum
MORNING_BANK,shoulder,shoulder,function,departure_entry,maximum_zone_people_latent_gain_interval_peak_kw,1,32.71662958427105,32.71662958427105,32.71662958427105,kW,maximum
MORNING_BANK,shoulder,shoulder,function,departure_entry,maximum_zone_people_radiant_gain_interval_peak_kw,1,18.927015999992992,18.927015999992992,18.927015999992992,kW,maximum
MORNING_BANK,shoulder,shoulder,function,departure_entry,maximum_zone_people_sensible_gain_interval_peak_kw,1,63.09005333330996,63.09005333330996,63.09005333330996,kW,maximum
MORNING_BANK,shoulder,shoulder,function,departure_entry,maximum_zone_sensible_cooling_interval_peak_kw,1,42.79837609505877,42.79837609505877,42.79837609505877,kW,maximum
MORNING_BANK,shoulder,shoulder,function,departure_entry,maximum_zone_sensible_heating_interval_peak_kw,1,13.151396891522774,13.151396891522774,13.151396891522774,kW,maximum
MORNING_BANK,shoulder,shoulder,function,departure_entry,outdoor_air_maximum_m3_s,1,3.838794686999549,3.838794686999549,3.838794686999549,m3/s,maximum
MORNING_BANK,shoulder,shoulder,function,departure_entry,outdoor_air_mean_m3_s,1,6.907014409311525,6.907014409311525,6.907014409311525,m3/s,sum
MORNING_BANK,shoulder,shoulder,function,departure_entry,outdoor_air_minimum_m3_s,1,2.6442910656022263,2.6442910656022263,2.6442910656022263,m3/s,minimum
MORNING_BANK,shoulder,shoulder,function,departure_entry,people_latent_gain_kwh,1,222.5547914894276,222.5547914894276,222.5547914894276,kWh,sum
MORNING_BANK,shoulder,shoulder,function,departure_entry,people_radiant_gain_kwh,1,144.73597818802904,144.73597818802904,144.73597818802904,kWh,sum
MORNING_BANK,shoulder,shoulder,function,departure_entry,people_sensible_gain_kwh,1,482.4532606267634,482.4532606267634,482.4532606267634,kWh,sum
MORNING_BANK,shoulder,shoulder,function,departure_entry,relative_humidity_maximum_percent,1,44.02500930036567,44.02500930036567,44.02500930036567,%,maximum
MORNING_BANK,shoulder,shoulder,function,departure_entry,relative_humidity_mean_percent,1,35.96755616500122,35.96755616500122,35.96755616500122,%,area_weighted_mean
MORNING_BANK,shoulder,shoulder,function,departure_entry,relative_humidity_minimum_percent,1,28.31380533552813,28.31380533552813,28.31380533552813,%,minimum
MORNING_BANK,shoulder,shoulder,function,departure_entry,sensible_cooling_kwh,1,1275.9580661524508,1275.9580661524508,1275.9580661524508,kWh,sum
MORNING_BANK,shoulder,shoulder,function,departure_entry,sensible_heating_kwh,1,71.7293755365642,71.7293755365642,71.7293755365642,kWh,sum
MORNING_BANK,shoulder,shoulder,function,domestic_waiting,air_temperature_maximum_c,1,24.508129190632086,24.508129190632086,24.508129190632086,C,maximum
MORNING_BANK,shoulder,shoulder,function,domestic_waiting,air_temperature_mean_c,1,20.988115745405853,20.988115745405853,20.988115745405853,C,area_weighted_mean
MORNING_BANK,shoulder,shoulder,function,domestic_waiting,air_temperature_minimum_c,1,19.993091460705433,19.993091460705433,19.993091460705433,C,minimum
MORNING_BANK,shoulder,shoulder,function,domestic_waiting,maximum_zone_people_latent_gain_interval_peak_kw,1,49.437241311179626,49.437241311179626,49.437241311179626,kW,maximum
MORNING_BANK,shoulder,shoulder,function,domestic_waiting,maximum_zone_people_radiant_gain_interval_peak_kw,1,26.65354835179817,26.65354835179817,26.65354835179817,kW,maximum
MORNING_BANK,shoulder,shoulder,function,domestic_waiting,maximum_zone_people_sensible_gain_interval_peak_kw,1,88.84516117266057,88.84516117266057,88.84516117266057,kW,maximum
MORNING_BANK,shoulder,shoulder,function,domestic_waiting,maximum_zone_sensible_cooling_interval_peak_kw,1,67.28176422823799,67.28176422823799,67.28176422823799,kW,maximum
MORNING_BANK,shoulder,shoulder,function,domestic_waiting,maximum_zone_sensible_heating_interval_peak_kw,1,7.756770074301035,7.756770074301035,7.756770074301035,kW,maximum
MORNING_BANK,shoulder,shoulder,function,domestic_waiting,outdoor_air_maximum_m3_s,1,5.111102024459424,5.111102024459424,5.111102024459424,m3/s,maximum
MORNING_BANK,shoulder,shoulder,function,domestic_waiting,outdoor_air_mean_m3_s,1,125.43641102028575,125.43641102028575,125.43641102028575,m3/s,sum
MORNING_BANK,shoulder,shoulder,function,domestic_waiting,outdoor_air_minimum_m3_s,1,0.34095061401036436,0.34095061401036436,0.34095061401036436,m3/s,minimum
MORNING_BANK,shoulder,shoulder,function,domestic_waiting,people_latent_gain_kwh,1,4608.230832601274,4608.230832601274,4608.230832601274,kWh,sum
MORNING_BANK,shoulder,shoulder,function,domestic_waiting,people_radiant_gain_kwh,1,2545.0626848105576,2545.0626848105576,2545.0626848105576,kWh,sum
MORNING_BANK,shoulder,shoulder,function,domestic_waiting,people_sensible_gain_kwh,1,8483.54228270186,8483.54228270186,8483.54228270186,kWh,sum
MORNING_BANK,shoulder,shoulder,function,domestic_waiting,relative_humidity_maximum_percent,1,51.97038905947224,51.97038905947224,51.97038905947224,%,maximum
MORNING_BANK,shoulder,shoulder,function,domestic_waiting,relative_humidity_mean_percent,1,36.414082539462115,36.414082539462115,36.414082539462115,%,area_weighted_mean
MORNING_BANK,shoulder,shoulder,function,domestic_waiting,relative_humidity_minimum_percent,1,26.118333885219176,26.118333885219176,26.118333885219176,%,minimum
MORNING_BANK,shoulder,shoulder,function,domestic_waiting,sensible_cooling_kwh,1,24271.35356467314,24271.35356467314,24271.35356467314,kWh,sum
MORNING_BANK,shoulder,shoulder,function,domestic_waiting,sensible_heating_kwh,1,479.2620315563157,479.2620315563157,479.2620315563157,kWh,sum
MORNING_BANK,shoulder,shoulder,function,general_commercial,air_temperature_maximum_c,1,25.000687186478366,25.000687186478366,25.000687186478366,C,maximum
MORNING_BANK,shoulder,shoulder,function,general_commercial,air_temperature_mean_c,1,22.432710079555758,22.432710079555758,22.432710079555758,C,area_weighted_mean
MORNING_BANK,shoulder,shoulder,function,general_commercial,air_temperature_minimum_c,1,19.969410410576597,19.969410410576597,19.969410410576597,C,minimum
MORNING_BANK,shoulder,shoulder,function,general_commercial,maximum_zone_people_latent_gain_interval_peak_kw,1,5.600697123049381,5.600697123049381,5.600697123049381,kW,maximum
MORNING_BANK,shoulder,shoulder,function,general_commercial,maximum_zone_people_radiant_gain_interval_peak_kw,1,2.678031762668513,2.678031762668513,2.678031762668513,kW,maximum
MORNING_BANK,shoulder,shoulder,function,general_commercial,maximum_zone_people_sensible_gain_interval_peak_kw,1,8.926772542228377,8.926772542228377,8.926772542228377,kW,maximum
MORNING_BANK,shoulder,shoulder,function,general_commercial,maximum_zone_sensible_cooling_interval_peak_kw,1,92.39522071666794,92.39522071666794,92.39522071666794,kW,maximum
MORNING_BANK,shoulder,shoulder,function,general_commercial,maximum_zone_sensible_heating_interval_peak_kw,1,14.81542384046248,14.81542384046248,14.81542384046248,kW,maximum
MORNING_BANK,shoulder,shoulder,function,general_commercial,outdoor_air_maximum_m3_s,1,6.328458217609587,6.328458217609587,6.328458217609587,m3/s,maximum
MORNING_BANK,shoulder,shoulder,function,general_commercial,outdoor_air_mean_m3_s,1,60.77593978044853,60.77593978044853,60.77593978044853,m3/s,sum
MORNING_BANK,shoulder,shoulder,function,general_commercial,outdoor_air_minimum_m3_s,1,0.05012502970033823,0.05012502970033823,0.05012502970033823,m3/s,minimum
MORNING_BANK,shoulder,shoulder,function,general_commercial,people_latent_gain_kwh,1,48.6143433656271,48.6143433656271,48.6143433656271,kWh,sum
MORNING_BANK,shoulder,shoulder,function,general_commercial,people_radiant_gain_kwh,1,27.980545017202605,27.980545017202605,27.980545017202605,kWh,sum
MORNING_BANK,shoulder,shoulder,function,general_commercial,people_sensible_gain_kwh,1,93.26848339067536,93.26848339067536,93.26848339067536,kWh,sum
MORNING_BANK,shoulder,shoulder,function,general_commercial,relative_humidity_maximum_percent,1,44.70903917551511,44.70903917551511,44.70903917551511,%,maximum
MORNING_BANK,shoulder,shoulder,function,general_commercial,relative_humidity_mean_percent,1,31.570166034033576,31.570166034033576,31.570166034033576,%,area_weighted_mean
MORNING_BANK,shoulder,shoulder,function,general_commercial,relative_humidity_minimum_percent,1,22.34119766154487,22.34119766154487,22.34119766154487,%,minimum
MORNING_BANK,shoulder,shoulder,function,general_commercial,sensible_cooling_kwh,1,13762.656294336375,13762.656294336375,13762.656294336375,kWh,sum
MORNING_BANK,shoulder,shoulder,function,general_commercial,sensible_heating_kwh,1,555.7838937185094,555.7838937185094,555.7838937185094,kWh,sum
MORNING_BANK,shoulder,shoulder,function,information_room,air_temperature_maximum_c,1,25.00194303917351,25.00194303917351,25.00194303917351,C,maximum
MORNING_BANK,shoulder,shoulder,function,information_room,air_temperature_mean_c,1,25.00046448345906,25.00046448345906,25.00046448345906,C,area_weighted_mean
MORNING_BANK,shoulder,shoulder,function,information_room,air_temperature_minimum_c,1,25.000000760018654,25.000000760018654,25.000000760018654,C,minimum
MORNING_BANK,shoulder,shoulder,function,information_room,maximum_zone_sensible_cooling_interval_peak_kw,1,24.565517161472354,24.565517161472354,24.565517161472354,kW,maximum
MORNING_BANK,shoulder,shoulder,function,information_room,maximum_zone_sensible_heating_interval_peak_kw,1,0.0,0.0,0.0,kW,maximum
MORNING_BANK,shoulder,shoulder,function,information_room,relative_humidity_maximum_percent,1,27.713033649438035,27.713033649438035,27.713033649438035,%,maximum
MORNING_BANK,shoulder,shoulder,function,information_room,relative_humidity_mean_percent,1,26.793853566485836,26.793853566485836,26.793853566485836,%,area_weighted_mean
MORNING_BANK,shoulder,shoulder,function,information_room,relative_humidity_minimum_percent,1,25.95787911705362,25.95787911705362,25.95787911705362,%,minimum
MORNING_BANK,shoulder,shoulder,function,information_room,sensible_cooling_kwh,1,470.3566550425931,470.3566550425931,470.3566550425931,kWh,sum
MORNING_BANK,shoulder,shoulder,function,information_room,sensible_heating_kwh,1,0.0,0.0,0.0,kWh,sum
MORNING_BANK,shoulder,shoulder,function,international_arrival,air_temperature_maximum_c,1,22.27928981428983,22.27928981428983,22.27928981428983,C,maximum
MORNING_BANK,shoulder,shoulder,function,international_arrival,air_temperature_mean_c,1,20.54137289496343,20.54137289496343,20.54137289496343,C,area_weighted_mean
MORNING_BANK,shoulder,shoulder,function,international_arrival,air_temperature_minimum_c,1,19.99522855213476,19.99522855213476,19.99522855213476,C,minimum
MORNING_BANK,shoulder,shoulder,function,international_arrival,maximum_zone_people_latent_gain_interval_peak_kw,1,2.869309785911536,2.869309785911536,2.869309785911536,kW,maximum
MORNING_BANK,shoulder,shoulder,function,international_arrival,maximum_zone_people_radiant_gain_interval_peak_kw,1,2.231954685166026,2.231954685166026,2.231954685166026,kW,maximum
MORNING_BANK,shoulder,shoulder,function,international_arrival,maximum_zone_people_sensible_gain_interval_peak_kw,1,7.43984895055342,7.43984895055342,7.43984895055342,kW,maximum
MORNING_BANK,shoulder,shoulder,function,international_arrival,maximum_zone_sensible_cooling_interval_peak_kw,1,61.175334763552904,61.175334763552904,61.175334763552904,kW,maximum
MORNING_BANK,shoulder,shoulder,function,international_arrival,maximum_zone_sensible_heating_interval_peak_kw,1,22.251464571940886,22.251464571940886,22.251464571940886,kW,maximum
MORNING_BANK,shoulder,shoulder,function,international_arrival,outdoor_air_maximum_m3_s,1,5.422210842899705,5.422210842899705,5.422210842899705,m3/s,maximum
MORNING_BANK,shoulder,shoulder,function,international_arrival,outdoor_air_mean_m3_s,1,25.348562756337614,25.348562756337614,25.348562756337614,m3/s,sum
MORNING_BANK,shoulder,shoulder,function,international_arrival,outdoor_air_minimum_m3_s,1,0.12639594374408497,0.12639594374408497,0.12639594374408497,m3/s,minimum
MORNING_BANK,shoulder,shoulder,function,international_arrival,people_latent_gain_kwh,1,33.3306750322159,33.3306750322159,33.3306750322159,kWh,sum
MORNING_BANK,shoulder,shoulder,function,international_arrival,people_radiant_gain_kwh,1,25.251209384860488,25.251209384860488,25.251209384860488,kWh,sum
MORNING_BANK,shoulder,shoulder,function,international_arrival,people_sensible_gain_kwh,1,84.17069794953497,84.17069794953497,84.17069794953497,kWh,sum
MORNING_BANK,shoulder,shoulder,function,international_arrival,relative_humidity_maximum_percent,1,42.354762354513,42.354762354513,42.354762354513,%,maximum
MORNING_BANK,shoulder,shoulder,function,international_arrival,relative_humidity_mean_percent,1,35.06018228121534,35.06018228121534,35.06018228121534,%,area_weighted_mean
MORNING_BANK,shoulder,shoulder,function,international_arrival,relative_humidity_minimum_percent,1,27.399040371052962,27.399040371052962,27.399040371052962,%,minimum
MORNING_BANK,shoulder,shoulder,function,international_arrival,sensible_cooling_kwh,1,4223.219426572462,4223.219426572462,4223.219426572462,kWh,sum
MORNING_BANK,shoulder,shoulder,function,international_arrival,sensible_heating_kwh,1,477.90183536043656,477.90183536043656,477.90183536043656,kWh,sum
MORNING_BANK,shoulder,shoulder,function,international_hall,air_temperature_maximum_c,1,23.200805475616267,23.200805475616267,23.200805475616267,C,maximum
MORNING_BANK,shoulder,shoulder,function,international_hall,air_temperature_mean_c,1,21.290929171767353,21.290929171767353,21.290929171767353,C,area_weighted_mean
MORNING_BANK,shoulder,shoulder,function,international_hall,air_temperature_minimum_c,1,19.99636362937693,19.99636362937693,19.99636362937693,C,minimum
MORNING_BANK,shoulder,shoulder,function,international_hall,maximum_zone_people_latent_gain_interval_peak_kw,1,4.9776999473335275,4.9776999473335275,4.9776999473335275,kW,maximum
MORNING_BANK,shoulder,shoulder,function,international_hall,maximum_zone_people_radiant_gain_interval_peak_kw,1,3.6517247109027444,3.6517247109027444,3.6517247109027444,kW,maximum
MORNING_BANK,shoulder,shoulder,function,international_hall,maximum_zone_people_sensible_gain_interval_peak_kw,1,12.172415703009147,12.172415703009147,12.172415703009147,kW,maximum
MORNING_BANK,shoulder,shoulder,function,international_hall,maximum_zone_sensible_cooling_interval_peak_kw,1,352.9093538792397,352.9093538792397,352.9093538792397,kW,maximum
MORNING_BANK,shoulder,shoulder,function,international_hall,maximum_zone_sensible_heating_interval_peak_kw,1,23.351511293750956,23.351511293750956,23.351511293750956,kW,maximum
MORNING_BANK,shoulder,shoulder,function,international_hall,outdoor_air_maximum_m3_s,1,28.500305162748163,28.500305162748163,28.500305162748163,m3/s,maximum
MORNING_BANK,shoulder,shoulder,function,international_hall,outdoor_air_mean_m3_s,1,51.3614848953584,51.3614848953584,51.3614848953584,m3/s,sum
MORNING_BANK,shoulder,shoulder,function,international_hall,outdoor_air_minimum_m3_s,1,19.132841811733503,19.132841811733503,19.132841811733503,m3/s,minimum
MORNING_BANK,shoulder,shoulder,function,international_hall,people_latent_gain_kwh,1,35.16780636221901,35.16780636221901,35.16780636221901,kWh,sum
MORNING_BANK,shoulder,shoulder,function,international_hall,people_radiant_gain_kwh,1,24.700069805132472,24.700069805132472,24.700069805132472,kWh,sum
MORNING_BANK,shoulder,shoulder,function,international_hall,people_sensible_gain_kwh,1,82.33356601710824,82.33356601710824,82.33356601710824,kWh,sum
MORNING_BANK,shoulder,shoulder,function,international_hall,relative_humidity_maximum_percent,1,38.85059035836376,38.85059035836376,38.85059035836376,%,maximum
MORNING_BANK,shoulder,shoulder,function,international_hall,relative_humidity_mean_percent,1,33.64657851896096,33.64657851896096,33.64657851896096,%,area_weighted_mean
MORNING_BANK,shoulder,shoulder,function,international_hall,relative_humidity_minimum_percent,1,25.782699776875116,25.782699776875116,25.782699776875116,%,minimum
MORNING_BANK,shoulder,shoulder,function,international_hall,sensible_cooling_kwh,1,10671.734301237655,10671.734301237655,10671.734301237655,kWh,sum
MORNING_BANK,shoulder,shoulder,function,international_hall,sensible_heating_kwh,1,48.415808546728485,48.415808546728485,48.415808546728485,kWh,sum
MORNING_BANK,shoulder,shoulder,function,office,air_temperature_maximum_c,1,26.00346977336505,26.00346977336505,26.00346977336505,C,maximum
MORNING_BANK,shoulder,shoulder,function,office,air_temperature_mean_c,1,22.720370380563622,22.720370380563622,22.720370380563622,C,area_weighted_mean
MORNING_BANK,shoulder,shoulder,function,office,air_temperature_minimum_c,1,19.99888815756912,19.99888815756912,19.99888815756912,C,minimum
MORNING_BANK,shoulder,shoulder,function,office,maximum_zone_people_latent_gain_interval_peak_kw,1,23.97179347535033,23.97179347535033,23.97179347535033,kW,maximum
MORNING_BANK,shoulder,shoulder,function,office,maximum_zone_people_radiant_gain_interval_peak_kw,1,9.642961365027121,9.642961365027121,9.642961365027121,kW,maximum
MORNING_BANK,shoulder,shoulder,function,office,maximum_zone_people_sensible_gain_interval_peak_kw,1,32.14320455009041,32.14320455009041,32.14320455009041,kW,maximum
MORNING_BANK,shoulder,shoulder,function,office,maximum_zone_sensible_cooling_interval_peak_kw,1,52.75366123112387,52.75366123112387,52.75366123112387,kW,maximum
MORNING_BANK,shoulder,shoulder,function,office,maximum_zone_sensible_heating_interval_peak_kw,1,15.36580700599799,15.36580700599799,15.36580700599799,kW,maximum
MORNING_BANK,shoulder,shoulder,function,office,outdoor_air_maximum_m3_s,1,1.7589377246984235,1.7589377246984235,1.7589377246984235,m3/s,maximum
MORNING_BANK,shoulder,shoulder,function,office,outdoor_air_mean_m3_s,1,19.23877379545117,19.23877379545117,19.23877379545117,m3/s,sum
MORNING_BANK,shoulder,shoulder,function,office,outdoor_air_minimum_m3_s,1,0.03330896790153884,0.03330896790153884,0.03330896790153884,m3/s,minimum
MORNING_BANK,shoulder,shoulder,function,office,people_latent_gain_kwh,1,1432.6329275252997,1432.6329275252997,1432.6329275252997,kWh,sum
MORNING_BANK,shoulder,shoulder,function,office,people_radiant_gain_kwh,1,519.9082372754058,519.9082372754058,519.9082372754058,kWh,sum
MORNING_BANK,shoulder,shoulder,function,office,people_sensible_gain_kwh,1,1733.027457584686,1733.027457584686,1733.027457584686,kWh,sum
MORNING_BANK,shoulder,shoulder,function,office,relative_humidity_maximum_percent,1,54.303298195147796,54.303298195147796,54.303298195147796,%,maximum
MORNING_BANK,shoulder,shoulder,function,office,relative_humidity_mean_percent,1,34.973830510052025,34.973830510052025,34.973830510052025,%,area_weighted_mean
MORNING_BANK,shoulder,shoulder,function,office,relative_humidity_minimum_percent,1,22.40478603179413,22.40478603179413,22.40478603179413,%,minimum
MORNING_BANK,shoulder,shoulder,function,office,sensible_cooling_kwh,1,4615.125798106338,4615.125798106338,4615.125798106338,kWh,sum
MORNING_BANK,shoulder,shoulder,function,office,sensible_heating_kwh,1,944.2783037428101,944.2783037428101,944.2783037428101,kWh,sum
MORNING_BANK,shoulder,shoulder,function,restaurant,air_temperature_maximum_c,1,25.000596481494284,25.000596481494284,25.000596481494284,C,maximum
MORNING_BANK,shoulder,shoulder,function,restaurant,air_temperature_mean_c,1,21.205836379261815,21.205836379261815,21.205836379261815,C,area_weighted_mean
MORNING_BANK,shoulder,shoulder,function,restaurant,air_temperature_minimum_c,1,19.973596121040035,19.973596121040035,19.973596121040035,C,minimum
MORNING_BANK,shoulder,shoulder,function,restaurant,maximum_zone_people_latent_gain_interval_peak_kw,1,3.709153488897894,3.709153488897894,3.709153488897894,kW,maximum
MORNING_BANK,shoulder,shoulder,function,restaurant,maximum_zone_people_radiant_gain_interval_peak_kw,1,2.0991497542495687,2.0991497542495687,2.0991497542495687,kW,maximum
MORNING_BANK,shoulder,shoulder,function,restaurant,maximum_zone_people_sensible_gain_interval_peak_kw,1,6.997165847498564,6.997165847498564,6.997165847498564,kW,maximum
MORNING_BANK,shoulder,shoulder,function,restaurant,maximum_zone_sensible_cooling_interval_peak_kw,1,40.707349760896136,40.707349760896136,40.707349760896136,kW,maximum
MORNING_BANK,shoulder,shoulder,function,restaurant,maximum_zone_sensible_heating_interval_peak_kw,1,18.91752423958086,18.91752423958086,18.91752423958086,kW,maximum
MORNING_BANK,shoulder,shoulder,function,restaurant,outdoor_air_maximum_m3_s,1,2.8037403726957137,2.8037403726957137,2.8037403726957137,m3/s,maximum
MORNING_BANK,shoulder,shoulder,function,restaurant,outdoor_air_mean_m3_s,1,14.504957606304748,14.504957606304748,14.504957606304748,m3/s,sum
MORNING_BANK,shoulder,shoulder,function,restaurant,outdoor_air_minimum_m3_s,1,0.030536122853862514,0.030536122853862514,0.030536122853862514,m3/s,minimum
MORNING_BANK,shoulder,shoulder,function,restaurant,people_latent_gain_kwh,1,19.06514123978375,19.06514123978375,19.06514123978375,kWh,sum
MORNING_BANK,shoulder,shoulder,function,restaurant,people_radiant_gain_kwh,1,11.200642893492036,11.200642893492036,11.200642893492036,kWh,sum
MORNING_BANK,shoulder,shoulder,function,restaurant,people_sensible_gain_kwh,1,37.33547631164012,37.33547631164012,37.33547631164012,kWh,sum
MORNING_BANK,shoulder,shoulder,function,restaurant,relative_humidity_maximum_percent,1,44.780441517623785,44.780441517623785,44.780441517623785,%,maximum
MORNING_BANK,shoulder,shoulder,function,restaurant,relative_humidity_mean_percent,1,33.83710219379306,33.83710219379306,33.83710219379306,%,area_weighted_mean
MORNING_BANK,shoulder,shoulder,function,restaurant,relative_humidity_minimum_percent,1,22.382784035444075,22.382784035444075,22.382784035444075,%,minimum
MORNING_BANK,shoulder,shoulder,function,restaurant,sensible_cooling_kwh,1,2562.1820465693104,2562.1820465693104,2562.1820465693104,kWh,sum
MORNING_BANK,shoulder,shoulder,function,restaurant,sensible_heating_kwh,1,284.8749271313353,284.8749271313353,284.8749271313353,kWh,sum
MORNING_BANK,shoulder,shoulder,function,restroom,air_temperature_maximum_c,1,20.5248384531554,20.5248384531554,20.5248384531554,C,maximum
MORNING_BANK,shoulder,shoulder,function,restroom,air_temperature_mean_c,1,20.002029677693024,20.002029677693024,20.002029677693024,C,area_weighted_mean
MORNING_BANK,shoulder,shoulder,function,restroom,air_temperature_minimum_c,1,19.992313303106712,19.992313303106712,19.992313303106712,C,minimum
MORNING_BANK,shoulder,shoulder,function,restroom,maximum_zone_sensible_cooling_interval_peak_kw,1,5.3240964853708235,5.3240964853708235,5.3240964853708235,kW,maximum
MORNING_BANK,shoulder,shoulder,function,restroom,maximum_zone_sensible_heating_interval_peak_kw,1,11.261118792745924,11.261118792745924,11.261118792745924,kW,maximum
MORNING_BANK,shoulder,shoulder,function,restroom,outdoor_air_maximum_m3_s,1,1.4760904357272957,1.4760904357272957,1.4760904357272957,m3/s,maximum
MORNING_BANK,shoulder,shoulder,function,restroom,outdoor_air_mean_m3_s,1,10.549707526514867,10.549707526514867,10.549707526514867,m3/s,sum
MORNING_BANK,shoulder,shoulder,function,restroom,outdoor_air_minimum_m3_s,1,0.05945569160827579,0.05945569160827579,0.05945569160827579,m3/s,minimum
MORNING_BANK,shoulder,shoulder,function,restroom,relative_humidity_maximum_percent,1,47.93247958490126,47.93247958490126,47.93247958490126,%,maximum
MORNING_BANK,shoulder,shoulder,function,restroom,relative_humidity_mean_percent,1,36.25634375531033,36.25634375531033,36.25634375531033,%,area_weighted_mean
MORNING_BANK,shoulder,shoulder,function,restroom,relative_humidity_minimum_percent,1,27.462556536710913,27.462556536710913,27.462556536710913,%,minimum
MORNING_BANK,shoulder,shoulder,function,restroom,sensible_cooling_kwh,1,335.49794808072903,335.49794808072903,335.49794808072903,kWh,sum
MORNING_BANK,shoulder,shoulder,function,restroom,sensible_heating_kwh,1,771.1057457194473,771.1057457194473,771.1057457194473,kWh,sum
MORNING_BANK,shoulder,shoulder,function,staff_breakroom,air_temperature_maximum_c,1,25.212798136921293,25.212798136921293,25.212798136921293,C,maximum
MORNING_BANK,shoulder,shoulder,function,staff_breakroom,air_temperature_mean_c,1,21.297512333446882,21.297512333446882,21.297512333446882,C,area_weighted_mean
MORNING_BANK,shoulder,shoulder,function,staff_breakroom,air_temperature_minimum_c,1,19.999166080944757,19.999166080944757,19.999166080944757,C,minimum
MORNING_BANK,shoulder,shoulder,function,staff_breakroom,maximum_zone_people_latent_gain_interval_peak_kw,1,3.86395497835498,3.86395497835498,3.86395497835498,kW,maximum
MORNING_BANK,shoulder,shoulder,function,staff_breakroom,maximum_zone_people_radiant_gain_interval_peak_kw,1,2.165274380151272,2.165274380151272,2.165274380151272,kW,maximum
MORNING_BANK,shoulder,shoulder,function,staff_breakroom,maximum_zone_people_sensible_gain_interval_peak_kw,1,7.217581267170907,7.217581267170907,7.217581267170907,kW,maximum
MORNING_BANK,shoulder,shoulder,function,staff_breakroom,maximum_zone_sensible_cooling_interval_peak_kw,1,5.795382275646418,5.795382275646418,5.795382275646418,kW,maximum
MORNING_BANK,shoulder,shoulder,function,staff_breakroom,maximum_zone_sensible_heating_interval_peak_kw,1,6.1952585837915635,6.1952585837915635,6.1952585837915635,kW,maximum
MORNING_BANK,shoulder,shoulder,function,staff_breakroom,outdoor_air_maximum_m3_s,1,0.6520888064436866,0.6520888064436866,0.6520888064436866,m3/s,maximum
MORNING_BANK,shoulder,shoulder,function,staff_breakroom,outdoor_air_mean_m3_s,1,2.1065183628894033,2.1065183628894033,2.1065183628894033,m3/s,sum
MORNING_BANK,shoulder,shoulder,function,staff_breakroom,outdoor_air_minimum_m3_s,1,0.03689236111111094,0.03689236111111094,0.03689236111111094,m3/s,minimum
MORNING_BANK,shoulder,shoulder,function,staff_breakroom,people_latent_gain_kwh,1,5.193332368690643,5.193332368690643,5.193332368690643,kWh,sum
MORNING_BANK,shoulder,shoulder,function,staff_breakroom,people_radiant_gain_kwh,1,3.134422722610546,3.134422722610546,3.134422722610546,kWh,sum
MORNING_BANK,shoulder,shoulder,function,staff_breakroom,people_sensible_gain_kwh,1,10.448075742035154,10.448075742035154,10.448075742035154,kWh,sum
MORNING_BANK,shoulder,shoulder,function,staff_breakroom,relative_humidity_maximum_percent,1,41.414628758560085,41.414628758560085,41.414628758560085,%,maximum
MORNING_BANK,shoulder,shoulder,function,staff_breakroom,relative_humidity_mean_percent,1,33.841582456658635,33.841582456658635,33.841582456658635,%,area_weighted_mean
MORNING_BANK,shoulder,shoulder,function,staff_breakroom,relative_humidity_minimum_percent,1,23.91862585814654,23.91862585814654,23.91862585814654,%,minimum
MORNING_BANK,shoulder,shoulder,function,staff_breakroom,sensible_cooling_kwh,1,170.23617712927506,170.23617712927506,170.23617712927506,kWh,sum
MORNING_BANK,shoulder,shoulder,function,staff_breakroom,sensible_heating_kwh,1,127.06031345909427,127.06031345909427,127.06031345909427,kWh,sum
MORNING_BANK,shoulder,shoulder,function,transfer,air_temperature_maximum_c,1,22.300542605733238,22.300542605733238,22.300542605733238,C,maximum
MORNING_BANK,shoulder,shoulder,function,transfer,air_temperature_mean_c,1,20.689445110574912,20.689445110574912,20.689445110574912,C,area_weighted_mean
MORNING_BANK,shoulder,shoulder,function,transfer,air_temperature_minimum_c,1,19.99693873069904,19.99693873069904,19.99693873069904,C,minimum
MORNING_BANK,shoulder,shoulder,function,transfer,maximum_zone_people_latent_gain_interval_peak_kw,1,5.523991165786809,5.523991165786809,5.523991165786809,kW,maximum
MORNING_BANK,shoulder,shoulder,function,transfer,maximum_zone_people_radiant_gain_interval_peak_kw,1,4.297306204362625,4.297306204362625,4.297306204362625,kW,maximum
MORNING_BANK,shoulder,shoulder,function,transfer,maximum_zone_people_sensible_gain_interval_peak_kw,1,14.324354014542083,14.324354014542083,14.324354014542083,kW,maximum
MORNING_BANK,shoulder,shoulder,function,transfer,maximum_zone_sensible_cooling_interval_peak_kw,1,50.607166365421826,50.607166365421826,50.607166365421826,kW,maximum
MORNING_BANK,shoulder,shoulder,function,transfer,maximum_zone_sensible_heating_interval_peak_kw,1,12.358699109202629,12.358699109202629,12.358699109202629,kW,maximum
MORNING_BANK,shoulder,shoulder,function,transfer,outdoor_air_maximum_m3_s,1,4.4824535806972,4.4824535806972,4.4824535806972,m3/s,maximum
MORNING_BANK,shoulder,shoulder,function,transfer,outdoor_air_mean_m3_s,1,8.432593627331702,8.432593627331702,8.432593627331702,m3/s,sum
MORNING_BANK,shoulder,shoulder,function,transfer,outdoor_air_minimum_m3_s,1,1.6352464751077984,1.6352464751077984,1.6352464751077984,m3/s,minimum
MORNING_BANK,shoulder,shoulder,function,transfer,people_latent_gain_kwh,1,33.42663737424424,33.42663737424424,33.42663737424424,kWh,sum
MORNING_BANK,shoulder,shoulder,function,transfer,people_radiant_gain_kwh,1,25.222415242950888,25.222415242950888,25.222415242950888,kWh,sum
MORNING_BANK,shoulder,shoulder,function,transfer,people_sensible_gain_kwh,1,84.07471747650297,84.07471747650297,84.07471747650297,kWh,sum
MORNING_BANK,shoulder,shoulder,function,transfer,relative_humidity_maximum_percent,1,42.432699032599864,42.432699032599864,42.432699032599864,%,maximum
MORNING_BANK,shoulder,shoulder,function,transfer,relative_humidity_mean_percent,1,35.01738272242642,35.01738272242642,35.01738272242642,%,area_weighted_mean
MORNING_BANK,shoulder,shoulder,function,transfer,relative_humidity_minimum_percent,1,28.37532215946269,28.37532215946269,28.37532215946269,%,minimum
MORNING_BANK,shoulder,shoulder,function,transfer,sensible_cooling_kwh,1,1481.095642737352,1481.095642737352,1481.095642737352,kWh,sum
MORNING_BANK,shoulder,shoulder,function,transfer,sensible_heating_kwh,1,59.71375053483068,59.71375053483068,59.71375053483068,kWh,sum
MORNING_BANK,shoulder,shoulder,hvac_group,C1-DOAS,air_temperature_maximum_c,1,26.00042385963796,26.00042385963796,26.00042385963796,C,maximum
MORNING_BANK,shoulder,shoulder,hvac_group,C1-DOAS,air_temperature_mean_c,1,22.506312960152176,22.506312960152176,22.506312960152176,C,area_weighted_mean
MORNING_BANK,shoulder,shoulder,hvac_group,C1-DOAS,air_temperature_minimum_c,1,19.999166080944757,19.999166080944757,19.999166080944757,C,minimum
MORNING_BANK,shoulder,shoulder,hvac_group,C1-DOAS,maximum_zone_people_latent_gain_interval_peak_kw,1,18.778214932243962,18.778214932243962,18.778214932243962,kW,maximum
MORNING_BANK,shoulder,shoulder,hvac_group,C1-DOAS,maximum_zone_people_radiant_gain_interval_peak_kw,1,7.553648998635076,7.553648998635076,7.553648998635076,kW,maximum
MORNING_BANK,shoulder,shoulder,hvac_group,C1-DOAS,maximum_zone_people_sensible_gain_interval_peak_kw,1,25.178829995450254,25.178829995450254,25.178829995450254,kW,maximum
MORNING_BANK,shoulder,shoulder,hvac_group,C1-DOAS,maximum_zone_sensible_cooling_interval_peak_kw,1,43.86638731896217,43.86638731896217,43.86638731896217,kW,maximum
MORNING_BANK,shoulder,shoulder,hvac_group,C1-DOAS,maximum_zone_sensible_heating_interval_peak_kw,1,13.232514028173266,13.232514028173266,13.232514028173266,kW,maximum
MORNING_BANK,shoulder,shoulder,hvac_group,C1-DOAS,outdoor_air_maximum_m3_s,1,1.5204774588918946,1.5204774588918946,1.5204774588918946,m3/s,maximum
MORNING_BANK,shoulder,shoulder,hvac_group,C1-DOAS,outdoor_air_mean_m3_s,1,8.484885982128562,8.484885982128562,8.484885982128562,m3/s,sum
MORNING_BANK,shoulder,shoulder,hvac_group,C1-DOAS,outdoor_air_minimum_m3_s,1,0.224756386400392,0.224756386400392,0.224756386400392,m3/s,minimum
MORNING_BANK,shoulder,shoulder,hvac_group,C1-DOAS,people_latent_gain_kwh,1,489.9507747277098,489.9507747277098,489.9507747277098,kWh,sum
MORNING_BANK,shoulder,shoulder,hvac_group,C1-DOAS,people_radiant_gain_kwh,1,178.85955195302284,178.85955195302284,178.85955195302284,kWh,sum
MORNING_BANK,shoulder,shoulder,hvac_group,C1-DOAS,people_sensible_gain_kwh,1,596.1985065100762,596.1985065100762,596.1985065100762,kWh,sum
MORNING_BANK,shoulder,shoulder,hvac_group,C1-DOAS,relative_humidity_maximum_percent,1,43.90508465633549,43.90508465633549,43.90508465633549,%,maximum
MORNING_BANK,shoulder,shoulder,hvac_group,C1-DOAS,relative_humidity_mean_percent,1,34.5506232965259,34.5506232965259,34.5506232965259,%,area_weighted_mean
MORNING_BANK,shoulder,shoulder,hvac_group,C1-DOAS,relative_humidity_minimum_percent,1,24.273307362528925,24.273307362528925,24.273307362528925,%,minimum
MORNING_BANK,shoulder,shoulder,hvac_group,C1-DOAS,sensible_cooling_kwh,1,1615.8895581941424,1615.8895581941424,1615.8895581941424,kWh,sum
MORNING_BANK,shoulder,shoulder,hvac_group,C1-DOAS,sensible_heating_kwh,1,416.17947860615095,416.17947860615095,416.17947860615095,kWh,sum
MORNING_BANK,shoulder,shoulder,hvac_group,C1-VAV,air_temperature_maximum_c,1,25.00038227766387,25.00038227766387,25.00038227766387,C,maximum
MORNING_BANK,shoulder,shoulder,hvac_group,C1-VAV,air_temperature_mean_c,1,21.163073131192505,21.163073131192505,21.163073131192505,C,area_weighted_mean
MORNING_BANK,shoulder,shoulder,hvac_group,C1-VAV,air_temperature_minimum_c,1,19.99260439211336,19.99260439211336,19.99260439211336,C,minimum
MORNING_BANK,shoulder,shoulder,hvac_group,C1-VAV,maximum_zone_people_latent_gain_interval_peak_kw,1,61.22772201858542,61.22772201858542,61.22772201858542,kW,maximum
MORNING_BANK,shoulder,shoulder,hvac_group,C1-VAV,maximum_zone_people_radiant_gain_interval_peak_kw,1,34.8494234648856,34.8494234648856,34.8494234648856,kW,maximum
MORNING_BANK,shoulder,shoulder,hvac_group,C1-VAV,maximum_zone_people_sensible_gain_interval_peak_kw,1,116.16474488295198,116.16474488295198,116.16474488295198,kW,maximum
MORNING_BANK,shoulder,shoulder,hvac_group,C1-VAV,maximum_zone_sensible_cooling_interval_peak_kw,1,143.55828569756525,143.55828569756525,143.55828569756525,kW,maximum
MORNING_BANK,shoulder,shoulder,hvac_group,C1-VAV,maximum_zone_sensible_heating_interval_peak_kw,1,13.151396891522774,13.151396891522774,13.151396891522774,kW,maximum
MORNING_BANK,shoulder,shoulder,hvac_group,C1-VAV,outdoor_air_maximum_m3_s,1,11.611953582470544,11.611953582470544,11.611953582470544,m3/s,maximum
MORNING_BANK,shoulder,shoulder,hvac_group,C1-VAV,outdoor_air_mean_m3_s,1,65.68852219753582,65.68852219753582,65.68852219753582,m3/s,sum
MORNING_BANK,shoulder,shoulder,hvac_group,C1-VAV,outdoor_air_minimum_m3_s,1,0.4698589058813146,0.4698589058813146,0.4698589058813146,m3/s,minimum
MORNING_BANK,shoulder,shoulder,hvac_group,C1-VAV,people_latent_gain_kwh,1,884.9186692084935,884.9186692084935,884.9186692084935,kWh,sum
MORNING_BANK,shoulder,shoulder,hvac_group,C1-VAV,people_radiant_gain_kwh,1,538.2336900662189,538.2336900662189,538.2336900662189,kWh,sum
MORNING_BANK,shoulder,shoulder,hvac_group,C1-VAV,people_sensible_gain_kwh,1,1794.1123002207294,1794.1123002207294,1794.1123002207294,kWh,sum
MORNING_BANK,shoulder,shoulder,hvac_group,C1-VAV,relative_humidity_maximum_percent,1,44.02500930036567,44.02500930036567,44.02500930036567,%,maximum
MORNING_BANK,shoulder,shoulder,hvac_group,C1-VAV,relative_humidity_mean_percent,1,34.696461941408145,34.696461941408145,34.696461941408145,%,area_weighted_mean
MORNING_BANK,shoulder,shoulder,hvac_group,C1-VAV,relative_humidity_minimum_percent,1,22.839741545698082,22.839741545698082,22.839741545698082,%,minimum
MORNING_BANK,shoulder,shoulder,hvac_group,C1-VAV,sensible_cooling_kwh,1,12589.51377299434,12589.51377299434,12589.51377299434,kWh,sum
MORNING_BANK,shoulder,shoulder,hvac_group,C1-VAV,sensible_heating_kwh,1,609.5187163034464,609.5187163034464,609.5187163034464,kWh,sum
MORNING_BANK,shoulder,shoulder,hvac_group,C2-DOAS,air_temperature_maximum_c,1,26.000392463662873,26.000392463662873,26.000392463662873,C,maximum
MORNING_BANK,shoulder,shoulder,hvac_group,C2-DOAS,air_temperature_mean_c,1,22.823647654901183,22.823647654901183,22.823647654901183,C,area_weighted_mean
MORNING_BANK,shoulder,shoulder,hvac_group,C2-DOAS,air_temperature_minimum_c,1,19.999254744832296,19.999254744832296,19.999254744832296,C,minimum
MORNING_BANK,shoulder,shoulder,hvac_group,C2-DOAS,maximum_zone_people_latent_gain_interval_peak_kw,1,23.97179347535033,23.97179347535033,23.97179347535033,kW,maximum
MORNING_BANK,shoulder,shoulder,hvac_group,C2-DOAS,maximum_zone_people_radiant_gain_interval_peak_kw,1,9.642961365027121,9.642961365027121,9.642961365027121,kW,maximum
MORNING_BANK,shoulder,shoulder,hvac_group,C2-DOAS,maximum_zone_people_sensible_gain_interval_peak_kw,1,32.14320455009041,32.14320455009041,32.14320455009041,kW,maximum
MORNING_BANK,shoulder,shoulder,hvac_group,C2-DOAS,maximum_zone_sensible_cooling_interval_peak_kw,1,52.75366123112387,52.75366123112387,52.75366123112387,kW,maximum
MORNING_BANK,shoulder,shoulder,hvac_group,C2-DOAS,maximum_zone_sensible_heating_interval_peak_kw,1,15.36580700599799,15.36580700599799,15.36580700599799,kW,maximum
MORNING_BANK,shoulder,shoulder,hvac_group,C2-DOAS,outdoor_air_maximum_m3_s,1,1.7589377246984235,1.7589377246984235,1.7589377246984235,m3/s,maximum
MORNING_BANK,shoulder,shoulder,hvac_group,C2-DOAS,outdoor_air_mean_m3_s,1,3.5177648188747197,3.5177648188747197,3.5177648188747197,m3/s,sum
MORNING_BANK,shoulder,shoulder,hvac_group,C2-DOAS,outdoor_air_minimum_m3_s,1,1.7588270941762987,1.7588270941762987,1.7588270941762987,m3/s,minimum
MORNING_BANK,shoulder,shoulder,hvac_group,C2-DOAS,people_latent_gain_kwh,1,328.62883932599317,328.62883932599317,328.62883932599317,kWh,sum
MORNING_BANK,shoulder,shoulder,hvac_group,C2-DOAS,people_radiant_gain_kwh,1,114.16094017777749,114.16094017777749,114.16094017777749,kWh,sum
MORNING_BANK,shoulder,shoulder,hvac_group,C2-DOAS,people_sensible_gain_kwh,1,380.5364672592584,380.5364672592584,380.5364672592584,kWh,sum
MORNING_BANK,shoulder,shoulder,hvac_group,C2-DOAS,relative_humidity_maximum_percent,1,45.34662782799844,45.34662782799844,45.34662782799844,%,maximum
MORNING_BANK,shoulder,shoulder,hvac_group,C2-DOAS,relative_humidity_mean_percent,1,35.795529301649914,35.795529301649914,35.795529301649914,%,area_weighted_mean
MORNING_BANK,shoulder,shoulder,hvac_group,C2-DOAS,relative_humidity_minimum_percent,1,25.71825148556892,25.71825148556892,25.71825148556892,%,minimum
MORNING_BANK,shoulder,shoulder,hvac_group,C2-DOAS,sensible_cooling_kwh,1,829.9680830047805,829.9680830047805,829.9680830047805,kWh,sum
MORNING_BANK,shoulder,shoulder,hvac_group,C2-DOAS,sensible_heating_kwh,1,172.41866239575774,172.41866239575774,172.41866239575774,kWh,sum
MORNING_BANK,shoulder,shoulder,hvac_group,C2-VAV,air_temperature_maximum_c,1,25.0003964734142,25.0003964734142,25.0003964734142,C,maximum
MORNING_BANK,shoulder,shoulder,hvac_group,C2-VAV,air_temperature_mean_c,1,21.155171108118807,21.155171108118807,21.155171108118807,C,area_weighted_mean
MORNING_BANK,shoulder,shoulder,hvac_group,C2-VAV,air_temperature_minimum_c,1,19.992317924080357,19.992317924080357,19.992317924080357,C,minimum
MORNING_BANK,shoulder,shoulder,hvac_group,C2-VAV,maximum_zone_people_latent_gain_interval_peak_kw,1,7.087421819457864,7.087421819457864,7.087421819457864,kW,maximum
MORNING_BANK,shoulder,shoulder,hvac_group,C2-VAV,maximum_zone_people_radiant_gain_interval_peak_kw,1,5.357127703395051,5.357127703395051,5.357127703395051,kW,maximum
MORNING_BANK,shoulder,shoulder,hvac_group,C2-VAV,maximum_zone_people_sensible_gain_interval_peak_kw,1,17.85709234465017,17.85709234465017,17.85709234465017,kW,maximum
MORNING_BANK,shoulder,shoulder,hvac_group,C2-VAV,maximum_zone_sensible_cooling_interval_peak_kw,1,352.9093538792397,352.9093538792397,352.9093538792397,kW,maximum
MORNING_BANK,shoulder,shoulder,hvac_group,C2-VAV,maximum_zone_sensible_heating_interval_peak_kw,1,29.761042956748074,29.761042956748074,29.761042956748074,kW,maximum
MORNING_BANK,shoulder,shoulder,hvac_group,C2-VAV,outdoor_air_maximum_m3_s,1,28.500305162748163,28.500305162748163,28.500305162748163,m3/s,maximum
MORNING_BANK,shoulder,shoulder,hvac_group,C2-VAV,outdoor_air_mean_m3_s,1,150.14023058601046,150.14023058601046,150.14023058601046,m3/s,sum
MORNING_BANK,shoulder,shoulder,hvac_group,C2-VAV,outdoor_air_minimum_m3_s,1,0.868598670241309,0.868598670241309,0.868598670241309,m3/s,minimum
MORNING_BANK,shoulder,shoulder,hvac_group,C2-VAV,people_latent_gain_kwh,1,444.42805376845655,444.42805376845655,444.42805376845655,kWh,sum
MORNING_BANK,shoulder,shoulder,hvac_group,C2-VAV,people_radiant_gain_kwh,1,322.7238377564006,322.7238377564006,322.7238377564006,kWh,sum
MORNING_BANK,shoulder,shoulder,hvac_group,C2-VAV,people_sensible_gain_kwh,1,1075.7461258546687,1075.7461258546687,1075.7461258546687,kWh,sum
MORNING_BANK,shoulder,shoulder,hvac_group,C2-VAV,relative_humidity_maximum_percent,1,43.33638605606056,43.33638605606056,43.33638605606056,%,maximum
MORNING_BANK,shoulder,shoulder,hvac_group,C2-VAV,relative_humidity_mean_percent,1,34.197195178821495,34.197195178821495,34.197195178821495,%,area_weighted_mean
MORNING_BANK,shoulder,shoulder,hvac_group,C2-VAV,relative_humidity_minimum_percent,1,22.827814976177503,22.827814976177503,22.827814976177503,%,minimum
MORNING_BANK,shoulder,shoulder,hvac_group,C2-VAV,sensible_cooling_kwh,1,29882.838548319938,29882.838548319938,29882.838548319938,kWh,sum
MORNING_BANK,shoulder,shoulder,hvac_group,C2-VAV,sensible_heating_kwh,1,1293.26653331337,1293.26653331337,1293.26653331337,kWh,sum
MORNING_BANK,shoulder,shoulder,hvac_group,NE-DOAS,air_temperature_maximum_c,1,26.000292787440543,26.000292787440543,26.000292787440543,C,maximum
MORNING_BANK,shoulder,shoulder,hvac_group,NE-DOAS,air_temperature_mean_c,1,22.40317607939439,22.40317607939439,22.40317607939439,C,area_weighted_mean
MORNING_BANK,shoulder,shoulder,hvac_group,NE-DOAS,air_temperature_minimum_c,1,19.998993009534967,19.998993009534967,19.998993009534967,C,minimum
MORNING_BANK,shoulder,shoulder,hvac_group,NE-DOAS,maximum_zone_people_latent_gain_interval_peak_kw,1,3.196249561264568,3.196249561264568,3.196249561264568,kW,maximum
MORNING_BANK,shoulder,shoulder,hvac_group,NE-DOAS,maximum_zone_people_radiant_gain_interval_peak_kw,1,1.3041729590000128,1.3041729590000128,1.3041729590000128,kW,maximum
MORNING_BANK,shoulder,shoulder,hvac_group,NE-DOAS,maximum_zone_people_sensible_gain_interval_peak_kw,1,4.34724319666671,4.34724319666671,4.34724319666671,kW,maximum
MORNING_BANK,shoulder,shoulder,hvac_group,NE-DOAS,maximum_zone_sensible_cooling_interval_peak_kw,1,8.84903459341826,8.84903459341826,8.84903459341826,kW,maximum
MORNING_BANK,shoulder,shoulder,hvac_group,NE-DOAS,maximum_zone_sensible_heating_interval_peak_kw,1,3.8351908294384636,3.8351908294384636,3.8351908294384636,kW,maximum
MORNING_BANK,shoulder,shoulder,hvac_group,NE-DOAS,outdoor_air_maximum_m3_s,1,0.4274187124768443,0.4274187124768443,0.4274187124768443,m3/s,maximum
MORNING_BANK,shoulder,shoulder,hvac_group,NE-DOAS,outdoor_air_mean_m3_s,1,2.2130766440082006,2.2130766440082006,2.2130766440082006,m3/s,sum
MORNING_BANK,shoulder,shoulder,hvac_group,NE-DOAS,outdoor_air_minimum_m3_s,1,0.05673470406303612,0.05673470406303612,0.05673470406303612,m3/s,minimum
MORNING_BANK,shoulder,shoulder,hvac_group,NE-DOAS,people_latent_gain_kwh,1,129.95021176903745,129.95021176903745,129.95021176903745,kWh,sum
MORNING_BANK,shoulder,shoulder,hvac_group,NE-DOAS,people_radiant_gain_kwh,1,49.61428222759192,49.61428222759192,49.61428222759192,kWh,sum
MORNING_BANK,shoulder,shoulder,hvac_group,NE-DOAS,people_sensible_gain_kwh,1,165.38094075863975,165.38094075863975,165.38094075863975,kWh,sum
MORNING_BANK,shoulder,shoulder,hvac_group,NE-DOAS,relative_humidity_maximum_percent,1,45.583957875094235,45.583957875094235,45.583957875094235,%,maximum
MORNING_BANK,shoulder,shoulder,hvac_group,NE-DOAS,relative_humidity_mean_percent,1,34.824482245339944,34.824482245339944,34.824482245339944,%,area_weighted_mean
MORNING_BANK,shoulder,shoulder,hvac_group,NE-DOAS,relative_humidity_minimum_percent,1,24.25788743125456,24.25788743125456,24.25788743125456,%,minimum
MORNING_BANK,shoulder,shoulder,hvac_group,NE-DOAS,sensible_cooling_kwh,1,365.5327736103097,365.5327736103097,365.5327736103097,kWh,sum
MORNING_BANK,shoulder,shoulder,hvac_group,NE-DOAS,sensible_heating_kwh,1,116.36343742114543,116.36343742114543,116.36343742114543,kWh,sum
MORNING_BANK,shoulder,shoulder,hvac_group,NE-VAV,air_temperature_maximum_c,1,25.000424664116764,25.000424664116764,25.000424664116764,C,maximum
MORNING_BANK,shoulder,shoulder,hvac_group,NE-VAV,air_temperature_mean_c,1,20.836705604044678,20.836705604044678,20.836705604044678,C,area_weighted_mean
MORNING_BANK,shoulder,shoulder,hvac_group,NE-VAV,air_temperature_minimum_c,1,19.992335658852564,19.992335658852564,19.992335658852564,C,minimum
MORNING_BANK,shoulder,shoulder,hvac_group,NE-VAV,maximum_zone_people_latent_gain_interval_peak_kw,1,49.437241311179626,49.437241311179626,49.437241311179626,kW,maximum
MORNING_BANK,shoulder,shoulder,hvac_group,NE-VAV,maximum_zone_people_radiant_gain_interval_peak_kw,1,23.499202805459333,23.499202805459333,23.499202805459333,kW,maximum
MORNING_BANK,shoulder,shoulder,hvac_group,NE-VAV,maximum_zone_people_sensible_gain_interval_peak_kw,1,78.33067601819776,78.33067601819776,78.33067601819776,kW,maximum
MORNING_BANK,shoulder,shoulder,hvac_group,NE-VAV,maximum_zone_sensible_cooling_interval_peak_kw,1,56.826127553484675,56.826127553484675,56.826127553484675,kW,maximum
MORNING_BANK,shoulder,shoulder,hvac_group,NE-VAV,maximum_zone_sensible_heating_interval_peak_kw,1,18.377290836390006,18.377290836390006,18.377290836390006,kW,maximum
MORNING_BANK,shoulder,shoulder,hvac_group,NE-VAV,outdoor_air_maximum_m3_s,1,4.467566738197799,4.467566738197799,4.467566738197799,m3/s,maximum
MORNING_BANK,shoulder,shoulder,hvac_group,NE-VAV,outdoor_air_mean_m3_s,1,38.625846582713315,38.625846582713315,38.625846582713315,m3/s,sum
MORNING_BANK,shoulder,shoulder,hvac_group,NE-VAV,outdoor_air_minimum_m3_s,1,0.05012502970033823,0.05012502970033823,0.05012502970033823,m3/s,minimum
MORNING_BANK,shoulder,shoulder,hvac_group,NE-VAV,people_latent_gain_kwh,1,965.7046266996576,965.7046266996576,965.7046266996576,kWh,sum
MORNING_BANK,shoulder,shoulder,hvac_group,NE-VAV,people_radiant_gain_kwh,1,550.3581878663501,550.3581878663501,550.3581878663501,kWh,sum
MORNING_BANK,shoulder,shoulder,hvac_group,NE-VAV,people_sensible_gain_kwh,1,1834.527292887834,1834.527292887834,1834.527292887834,kWh,sum
MORNING_BANK,shoulder,shoulder,hvac_group,NE-VAV,relative_humidity_maximum_percent,1,51.97038905947224,51.97038905947224,51.97038905947224,%,maximum
MORNING_BANK,shoulder,shoulder,hvac_group,NE-VAV,relative_humidity_mean_percent,1,36.10158798859514,36.10158798859514,36.10158798859514,%,area_weighted_mean
MORNING_BANK,shoulder,shoulder,hvac_group,NE-VAV,relative_humidity_minimum_percent,1,22.844361962745076,22.844361962745076,22.844361962745076,%,minimum
MORNING_BANK,shoulder,shoulder,hvac_group,NE-VAV,sensible_cooling_kwh,1,6982.003209758944,6982.003209758944,6982.003209758944,kWh,sum
MORNING_BANK,shoulder,shoulder,hvac_group,NE-VAV,sensible_heating_kwh,1,443.0526912105347,443.0526912105347,443.0526912105347,kWh,sum
MORNING_BANK,shoulder,shoulder,hvac_group,NW-DOAS,air_temperature_maximum_c,1,26.0002221009903,26.0002221009903,26.0002221009903,C,maximum
MORNING_BANK,shoulder,shoulder,hvac_group,NW-DOAS,air_temperature_mean_c,1,22.472140797263613,22.472140797263613,22.472140797263613,C,area_weighted_mean
MORNING_BANK,shoulder,shoulder,hvac_group,NW-DOAS,air_temperature_minimum_c,1,19.99897045208068,19.99897045208068,19.99897045208068,C,minimum
MORNING_BANK,shoulder,shoulder,hvac_group,NW-DOAS,maximum_zone_people_latent_gain_interval_peak_kw,1,3.1960363813509542,3.1960363813509542,3.1960363813509542,kW,maximum
MORNING_BANK,shoulder,shoulder,hvac_group,NW-DOAS,maximum_zone_people_radiant_gain_interval_peak_kw,1,1.2857307774511981,1.2857307774511981,1.2857307774511981,kW,maximum
MORNING_BANK,shoulder,shoulder,hvac_group,NW-DOAS,maximum_zone_people_sensible_gain_interval_peak_kw,1,4.285769258170661,4.285769258170661,4.285769258170661,kW,maximum
MORNING_BANK,shoulder,shoulder,hvac_group,NW-DOAS,maximum_zone_sensible_cooling_interval_peak_kw,1,4.833093075879509,4.833093075879509,4.833093075879509,kW,maximum
MORNING_BANK,shoulder,shoulder,hvac_group,NW-DOAS,maximum_zone_sensible_heating_interval_peak_kw,1,2.1313868683628043,2.1313868683628043,2.1313868683628043,kW,maximum
MORNING_BANK,shoulder,shoulder,hvac_group,NW-DOAS,outdoor_air_maximum_m3_s,1,0.21464856257192932,0.21464856257192932,0.21464856257192932,m3/s,maximum
MORNING_BANK,shoulder,shoulder,hvac_group,NW-DOAS,outdoor_air_mean_m3_s,1,2.94585316911316,2.94585316911316,2.94585316911316,m3/s,sum
MORNING_BANK,shoulder,shoulder,hvac_group,NW-DOAS,outdoor_air_minimum_m3_s,1,0.03330896790153884,0.03330896790153884,0.03330896790153884,m3/s,minimum
MORNING_BANK,shoulder,shoulder,hvac_group,NW-DOAS,people_latent_gain_kwh,1,202.08516532630634,202.08516532630634,202.08516532630634,kWh,sum
MORNING_BANK,shoulder,shoulder,hvac_group,NW-DOAS,people_radiant_gain_kwh,1,74.57973357287013,74.57973357287013,74.57973357287013,kWh,sum
MORNING_BANK,shoulder,shoulder,hvac_group,NW-DOAS,people_sensible_gain_kwh,1,248.59911190956709,248.59911190956709,248.59911190956709,kWh,sum
MORNING_BANK,shoulder,shoulder,hvac_group,NW-DOAS,relative_humidity_maximum_percent,1,54.303298195147796,54.303298195147796,54.303298195147796,%,maximum
MORNING_BANK,shoulder,shoulder,hvac_group,NW-DOAS,relative_humidity_mean_percent,1,35.02440275107942,35.02440275107942,35.02440275107942,%,area_weighted_mean
MORNING_BANK,shoulder,shoulder,hvac_group,NW-DOAS,relative_humidity_minimum_percent,1,23.535326882794404,23.535326882794404,23.535326882794404,%,minimum
MORNING_BANK,shoulder,shoulder,hvac_group,NW-DOAS,sensible_cooling_kwh,1,498.130140183827,498.130140183827,498.130140183827,kWh,sum
MORNING_BANK,shoulder,shoulder,hvac_group,NW-DOAS,sensible_heating_kwh,1,151.60807642338068,151.60807642338068,151.60807642338068,kWh,sum
MORNING_BANK,shoulder,shoulder,hvac_group,NW-VAV,air_temperature_maximum_c,1,25.000354795458748,25.000354795458748,25.000354795458748,C,maximum
MORNING_BANK,shoulder,shoulder,hvac_group,NW-VAV,air_temperature_mean_c,1,20.757899246636477,20.757899246636477,20.757899246636477,C,area_weighted_mean
MORNING_BANK,shoulder,shoulder,hvac_group,NW-VAV,air_temperature_minimum_c,1,19.9921632904969,19.9921632904969,19.9921632904969,C,minimum
MORNING_BANK,shoulder,shoulder,hvac_group,NW-VAV,maximum_zone_people_latent_gain_interval_peak_kw,1,28.654024969501137,28.654024969501137,28.654024969501137,kW,maximum
MORNING_BANK,shoulder,shoulder,hvac_group,NW-VAV,maximum_zone_people_radiant_gain_interval_peak_kw,1,15.69945561475222,15.69945561475222,15.69945561475222,kW,maximum
MORNING_BANK,shoulder,shoulder,hvac_group,NW-VAV,maximum_zone_people_sensible_gain_interval_peak_kw,1,52.33151871584074,52.33151871584074,52.33151871584074,kW,maximum
MORNING_BANK,shoulder,shoulder,hvac_group,NW-VAV,maximum_zone_sensible_cooling_interval_peak_kw,1,40.14745680774906,40.14745680774906,40.14745680774906,kW,maximum
MORNING_BANK,shoulder,shoulder,hvac_group,NW-VAV,maximum_zone_sensible_heating_interval_peak_kw,1,11.278854536847037,11.278854536847037,11.278854536847037,kW,maximum
MORNING_BANK,shoulder,shoulder,hvac_group,NW-VAV,outdoor_air_maximum_m3_s,1,3.17969488099033,3.17969488099033,3.17969488099033,m3/s,maximum
MORNING_BANK,shoulder,shoulder,hvac_group,NW-VAV,outdoor_air_mean_m3_s,1,36.051251802816225,36.051251802816225,36.051251802816225,m3/s,sum
MORNING_BANK,shoulder,shoulder,hvac_group,NW-VAV,outdoor_air_minimum_m3_s,1,0.030536122853862514,0.030536122853862514,0.030536122853862514,m3/s,minimum
MORNING_BANK,shoulder,shoulder,hvac_group,NW-VAV,people_latent_gain_kwh,1,805.8082639962829,805.8082639962829,805.8082639962829,kWh,sum
MORNING_BANK,shoulder,shoulder,hvac_group,NW-VAV,people_radiant_gain_kwh,1,474.62943932478174,474.62943932478174,474.62943932478174,kWh,sum
MORNING_BANK,shoulder,shoulder,hvac_group,NW-VAV,people_sensible_gain_kwh,1,1582.098131082606,1582.098131082606,1582.098131082606,kWh,sum
MORNING_BANK,shoulder,shoulder,hvac_group,NW-VAV,relative_humidity_maximum_percent,1,47.61570745942318,47.61570745942318,47.61570745942318,%,maximum
MORNING_BANK,shoulder,shoulder,hvac_group,NW-VAV,relative_humidity_mean_percent,1,36.04872216807082,36.04872216807082,36.04872216807082,%,area_weighted_mean
MORNING_BANK,shoulder,shoulder,hvac_group,NW-VAV,relative_humidity_minimum_percent,1,22.8416064161894,22.8416064161894,22.8416064161894,%,minimum
MORNING_BANK,shoulder,shoulder,hvac_group,NW-VAV,sensible_cooling_kwh,1,6575.382260391236,6575.382260391236,6575.382260391236,kWh,sum
MORNING_BANK,shoulder,shoulder,hvac_group,NW-VAV,sensible_heating_kwh,1,405.31174149893747,405.31174149893747,405.31174149893747,kWh,sum
MORNING_BANK,shoulder,shoulder,hvac_group,S-DOAS,air_temperature_maximum_c,1,26.00029337703033,26.00029337703033,26.00029337703033,C,maximum
MORNING_BANK,shoulder,shoulder,hvac_group,S-DOAS,air_temperature_mean_c,1,22.6425362118255,22.6425362118255,22.6425362118255,C,area_weighted_mean
MORNING_BANK,shoulder,shoulder,hvac_group,S-DOAS,air_temperature_minimum_c,1,19.99904835931412,19.99904835931412,19.99904835931412,C,minimum
MORNING_BANK,shoulder,shoulder,hvac_group,S-DOAS,maximum_zone_people_latent_gain_interval_peak_kw,1,4.394737503369626,4.394737503369626,4.394737503369626,kW,maximum
MORNING_BANK,shoulder,shoulder,hvac_group,S-DOAS,maximum_zone_people_radiant_gain_interval_peak_kw,1,1.7698279111088793,1.7698279111088793,1.7698279111088793,kW,maximum
MORNING_BANK,shoulder,shoulder,hvac_group,S-DOAS,maximum_zone_people_sensible_gain_interval_peak_kw,1,5.899426370362931,5.899426370362931,5.899426370362931,kW,maximum
MORNING_BANK,shoulder,shoulder,hvac_group,S-DOAS,maximum_zone_sensible_cooling_interval_peak_kw,1,8.85312070004074,8.85312070004074,8.85312070004074,kW,maximum
MORNING_BANK,shoulder,shoulder,hvac_group,S-DOAS,maximum_zone_sensible_heating_interval_peak_kw,1,3.701173123103141,3.701173123103141,3.701173123103141,kW,maximum
MORNING_BANK,shoulder,shoulder,hvac_group,S-DOAS,outdoor_air_maximum_m3_s,1,0.3750000000000406,0.3750000000000406,0.3750000000000406,m3/s,maximum
MORNING_BANK,shoulder,shoulder,hvac_group,S-DOAS,outdoor_air_mean_m3_s,1,1.5918164885327037,1.5918164885327037,1.5918164885327037,m3/s,sum
MORNING_BANK,shoulder,shoulder,hvac_group,S-DOAS,outdoor_air_minimum_m3_s,1,0.13916666666666744,0.13916666666666744,0.13916666666666744,m3/s,minimum
MORNING_BANK,shoulder,shoulder,hvac_group,S-DOAS,people_latent_gain_kwh,1,118.77052236253961,118.77052236253961,118.77052236253961,kWh,sum
MORNING_BANK,shoulder,shoulder,hvac_group,S-DOAS,people_radiant_gain_kwh,1,44.13999658531455,44.13999658531455,44.13999658531455,kWh,sum
MORNING_BANK,shoulder,shoulder,hvac_group,S-DOAS,people_sensible_gain_kwh,1,147.1333219510485,147.1333219510485,147.1333219510485,kWh,sum
MORNING_BANK,shoulder,shoulder,hvac_group,S-DOAS,relative_humidity_maximum_percent,1,45.634280585333514,45.634280585333514,45.634280585333514,%,maximum
MORNING_BANK,shoulder,shoulder,hvac_group,S-DOAS,relative_humidity_mean_percent,1,35.19844200394126,35.19844200394126,35.19844200394126,%,area_weighted_mean
MORNING_BANK,shoulder,shoulder,hvac_group,S-DOAS,relative_humidity_minimum_percent,1,23.588215239728687,23.588215239728687,23.588215239728687,%,minimum
MORNING_BANK,shoulder,shoulder,hvac_group,S-DOAS,sensible_cooling_kwh,1,299.16790356933456,299.16790356933456,299.16790356933456,kWh,sum
MORNING_BANK,shoulder,shoulder,hvac_group,S-DOAS,sensible_heating_kwh,1,84.6130892997835,84.6130892997835,84.6130892997835,kWh,sum
MORNING_BANK,shoulder,shoulder,hvac_group,S-VAV,air_temperature_maximum_c,1,22.27928981428983,22.27928981428983,22.27928981428983,C,maximum
MORNING_BANK,shoulder,shoulder,hvac_group,S-VAV,air_temperature_mean_c,1,20.50834845764409,20.50834845764409,20.50834845764409,C,area_weighted_mean
MORNING_BANK,shoulder,shoulder,hvac_group,S-VAV,air_temperature_minimum_c,1,19.99522855213476,19.99522855213476,19.99522855213476,C,minimum
MORNING_BANK,shoulder,shoulder,hvac_group,S-VAV,maximum_zone_people_latent_gain_interval_peak_kw,1,2.869309785911536,2.869309785911536,2.869309785911536,kW,maximum
MORNING_BANK,shoulder,shoulder,hvac_group,S-VAV,maximum_zone_people_radiant_gain_interval_peak_kw,1,2.231954685166026,2.231954685166026,2.231954685166026,kW,maximum
MORNING_BANK,shoulder,shoulder,hvac_group,S-VAV,maximum_zone_people_sensible_gain_interval_peak_kw,1,7.43984895055342,7.43984895055342,7.43984895055342,kW,maximum
MORNING_BANK,shoulder,shoulder,hvac_group,S-VAV,maximum_zone_sensible_cooling_interval_peak_kw,1,61.175334763552904,61.175334763552904,61.175334763552904,kW,maximum
MORNING_BANK,shoulder,shoulder,hvac_group,S-VAV,maximum_zone_sensible_heating_interval_peak_kw,1,22.251464571940886,22.251464571940886,22.251464571940886,kW,maximum
MORNING_BANK,shoulder,shoulder,hvac_group,S-VAV,outdoor_air_maximum_m3_s,1,5.422210842899705,5.422210842899705,5.422210842899705,m3/s,maximum
MORNING_BANK,shoulder,shoulder,hvac_group,S-VAV,outdoor_air_mean_m3_s,1,26.769724477459707,26.769724477459707,26.769724477459707,m3/s,sum
MORNING_BANK,shoulder,shoulder,hvac_group,S-VAV,outdoor_air_minimum_m3_s,1,0.10569644507292678,0.10569644507292678,0.10569644507292678,m3/s,minimum
MORNING_BANK,shoulder,shoulder,hvac_group,S-VAV,people_latent_gain_kwh,1,33.3306750322159,33.3306750322159,33.3306750322159,kWh,sum
MORNING_BANK,shoulder,shoulder,hvac_group,S-VAV,people_radiant_gain_kwh,1,25.251209384860488,25.251209384860488,25.251209384860488,kWh,sum
MORNING_BANK,shoulder,shoulder,hvac_group,S-VAV,people_sensible_gain_kwh,1,84.17069794953497,84.17069794953497,84.17069794953497,kWh,sum
MORNING_BANK,shoulder,shoulder,hvac_group,S-VAV,relative_humidity_maximum_percent,1,42.354762354513,42.354762354513,42.354762354513,%,maximum
MORNING_BANK,shoulder,shoulder,hvac_group,S-VAV,relative_humidity_mean_percent,1,35.1202064770158,35.1202064770158,35.1202064770158,%,area_weighted_mean
MORNING_BANK,shoulder,shoulder,hvac_group,S-VAV,relative_humidity_minimum_percent,1,27.399040371052962,27.399040371052962,27.399040371052962,%,minimum
MORNING_BANK,shoulder,shoulder,hvac_group,S-VAV,sensible_cooling_kwh,1,4264.819535322277,4264.819535322277,4264.819535322277,kWh,sum
MORNING_BANK,shoulder,shoulder,hvac_group,S-VAV,sensible_heating_kwh,1,584.7316268551152,584.7316268551152,584.7316268551152,kWh,sum
MORNING_BANK,shoulder,shoulder,hvac_group,SE-DOAS,air_temperature_maximum_c,1,26.00346977336505,26.00346977336505,26.00346977336505,C,maximum
MORNING_BANK,shoulder,shoulder,hvac_group,SE-DOAS,air_temperature_mean_c,1,23.395466636273337,23.395466636273337,23.395466636273337,C,area_weighted_mean
MORNING_BANK,shoulder,shoulder,hvac_group,SE-DOAS,air_temperature_minimum_c,1,19.999188448714268,19.999188448714268,19.999188448714268,C,minimum
MORNING_BANK,shoulder,shoulder,hvac_group,SE-DOAS,maximum_zone_people_latent_gain_interval_peak_kw,1,1.9983390360273903,1.9983390360273903,1.9983390360273903,kW,maximum
MORNING_BANK,shoulder,shoulder,hvac_group,SE-DOAS,maximum_zone_people_radiant_gain_interval_peak_kw,1,0.7356845482385866,0.7356845482385866,0.7356845482385866,kW,maximum
MORNING_BANK,shoulder,shoulder,hvac_group,SE-DOAS,maximum_zone_people_sensible_gain_interval_peak_kw,1,2.452281827461956,2.452281827461956,2.452281827461956,kW,maximum
MORNING_BANK,shoulder,shoulder,hvac_group,SE-DOAS,maximum_zone_sensible_cooling_interval_peak_kw,1,31.699140104558385,31.699140104558385,31.699140104558385,kW,maximum
MORNING_BANK,shoulder,shoulder,hvac_group,SE-DOAS,maximum_zone_sensible_heating_interval_peak_kw,1,1.3229022337761251,1.3229022337761251,1.3229022337761251,kW,maximum
MORNING_BANK,shoulder,shoulder,hvac_group,SE-DOAS,outdoor_air_maximum_m3_s,1,0.15245661519368903,0.15245661519368903,0.15245661519368903,m3/s,maximum
MORNING_BANK,shoulder,shoulder,hvac_group,SE-DOAS,outdoor_air_mean_m3_s,1,0.55360595471009,0.55360595471009,0.55360595471009,m3/s,sum
MORNING_BANK,shoulder,shoulder,hvac_group,SE-DOAS,outdoor_air_minimum_m3_s,1,0.03689236111111094,0.03689236111111094,0.03689236111111094,m3/s,minimum
MORNING_BANK,shoulder,shoulder,hvac_group,SE-DOAS,people_latent_gain_kwh,1,34.47471664019957,34.47471664019957,34.47471664019957,kWh,sum
MORNING_BANK,shoulder,shoulder,hvac_group,SE-DOAS,people_radiant_gain_kwh,1,10.733674866659188,10.733674866659188,10.733674866659188,kWh,sum
MORNING_BANK,shoulder,shoulder,hvac_group,SE-DOAS,people_sensible_gain_kwh,1,35.778916222197296,35.778916222197296,35.778916222197296,kWh,sum
MORNING_BANK,shoulder,shoulder,hvac_group,SE-DOAS,relative_humidity_maximum_percent,1,48.31911603066825,48.31911603066825,48.31911603066825,%,maximum
MORNING_BANK,shoulder,shoulder,hvac_group,SE-DOAS,relative_humidity_mean_percent,1,32.4030086049023,32.4030086049023,32.4030086049023,%,area_weighted_mean
MORNING_BANK,shoulder,shoulder,hvac_group,SE-DOAS,relative_humidity_minimum_percent,1,25.0085518005691,25.0085518005691,25.0085518005691,%,minimum
MORNING_BANK,shoulder,shoulder,hvac_group,SE-DOAS,sensible_cooling_kwh,1,814.302971621413,814.302971621413,814.302971621413,kWh,sum
MORNING_BANK,shoulder,shoulder,hvac_group,SE-DOAS,sensible_heating_kwh,1,19.43237210209688,19.43237210209688,19.43237210209688,kWh,sum
MORNING_BANK,shoulder,shoulder,hvac_group,SE-VAV,air_temperature_maximum_c,1,25.000687186478366,25.000687186478366,25.000687186478366,C,maximum
MORNING_BANK,shoulder,shoulder,hvac_group,SE-VAV,air_temperature_mean_c,1,21.06244049410859,21.06244049410859,21.06244049410859,C,area_weighted_mean
MORNING_BANK,shoulder,shoulder,hvac_group,SE-VAV,air_temperature_minimum_c,1,19.969410410576597,19.969410410576597,19.969410410576597,C,minimum
MORNING_BANK,shoulder,shoulder,hvac_group,SE-VAV,maximum_zone_people_latent_gain_interval_peak_kw,1,48.485804432834485,48.485804432834485,48.485804432834485,kW,maximum
MORNING_BANK,shoulder,shoulder,hvac_group,SE-VAV,maximum_zone_people_radiant_gain_interval_peak_kw,1,26.65354835179817,26.65354835179817,26.65354835179817,kW,maximum
MORNING_BANK,shoulder,shoulder,hvac_group,SE-VAV,maximum_zone_people_sensible_gain_interval_peak_kw,1,88.84516117266057,88.84516117266057,88.84516117266057,kW,maximum
MORNING_BANK,shoulder,shoulder,hvac_group,SE-VAV,maximum_zone_sensible_cooling_interval_peak_kw,1,67.28176422823799,67.28176422823799,67.28176422823799,kW,maximum
MORNING_BANK,shoulder,shoulder,hvac_group,SE-VAV,maximum_zone_sensible_heating_interval_peak_kw,1,6.809941952142763,6.809941952142763,6.809941952142763,kW,maximum
MORNING_BANK,shoulder,shoulder,hvac_group,SE-VAV,outdoor_air_maximum_m3_s,1,5.111102024459424,5.111102024459424,5.111102024459424,m3/s,maximum
MORNING_BANK,shoulder,shoulder,hvac_group,SE-VAV,outdoor_air_mean_m3_s,1,70.04685302443178,70.04685302443178,70.04685302443178,m3/s,sum
MORNING_BANK,shoulder,shoulder,hvac_group,SE-VAV,outdoor_air_minimum_m3_s,1,0.13744516031423182,0.13744516031423182,0.13744516031423182,m3/s,minimum
MORNING_BANK,shoulder,shoulder,hvac_group,SE-VAV,people_latent_gain_kwh,1,1575.3228923169122,1575.3228923169122,1575.3228923169122,kWh,sum
MORNING_BANK,shoulder,shoulder,hvac_group,SE-VAV,people_radiant_gain_kwh,1,860.6422507260245,860.6422507260245,860.6422507260245,kWh,sum
MORNING_BANK,shoulder,shoulder,hvac_group,SE-VAV,people_sensible_gain_kwh,1,2868.8075024200816,2868.8075024200816,2868.8075024200816,kWh,sum
MORNING_BANK,shoulder,shoulder,hvac_group,SE-VAV,relative_humidity_maximum_percent,1,47.97119034023634,47.97119034023634,47.97119034023634,%,maximum
MORNING_BANK,shoulder,shoulder,hvac_group,SE-VAV,relative_humidity_mean_percent,1,35.99808619564457,35.99808619564457,35.99808619564457,%,area_weighted_mean
MORNING_BANK,shoulder,shoulder,hvac_group,SE-VAV,relative_humidity_minimum_percent,1,22.34119766154487,22.34119766154487,22.34119766154487,%,minimum
MORNING_BANK,shoulder,shoulder,hvac_group,SE-VAV,sensible_cooling_kwh,1,13514.997573790757,13514.997573790757,13514.997573790757,kWh,sum
MORNING_BANK,shoulder,shoulder,hvac_group,SE-VAV,sensible_heating_kwh,1,302.2636174282342,302.2636174282342,302.2636174282342,kWh,sum
MORNING_BANK,shoulder,shoulder,hvac_group,SW-DOAS,air_temperature_maximum_c,1,26.000266690308827,26.000266690308827,26.000266690308827,C,maximum
MORNING_BANK,shoulder,shoulder,hvac_group,SW-DOAS,air_temperature_mean_c,1,22.54328835324441,22.54328835324441,22.54328835324441,C,area_weighted_mean
MORNING_BANK,shoulder,shoulder,hvac_group,SW-DOAS,air_temperature_minimum_c,1,19.99888815756912,19.99888815756912,19.99888815756912,C,minimum
MORNING_BANK,shoulder,shoulder,hvac_group,SW-DOAS,maximum_zone_people_latent_gain_interval_peak_kw,1,4.394840566641488,4.394840566641488,4.394840566641488,kW,maximum
MORNING_BANK,shoulder,shoulder,hvac_group,SW-DOAS,maximum_zone_people_radiant_gain_interval_peak_kw,1,1.784487099005986,1.784487099005986,1.784487099005986,kW,maximum
MORNING_BANK,shoulder,shoulder,hvac_group,SW-DOAS,maximum_zone_people_sensible_gain_interval_peak_kw,1,5.948290330019954,5.948290330019954,5.948290330019954,kW,maximum
MORNING_BANK,shoulder,shoulder,hvac_group,SW-DOAS,maximum_zone_sensible_cooling_interval_peak_kw,1,10.269171377845685,10.269171377845685,10.269171377845685,kW,maximum
MORNING_BANK,shoulder,shoulder,hvac_group,SW-DOAS,maximum_zone_sensible_heating_interval_peak_kw,1,3.6263402814556596,3.6263402814556596,3.6263402814556596,kW,maximum
MORNING_BANK,shoulder,shoulder,hvac_group,SW-DOAS,outdoor_air_maximum_m3_s,1,0.38134846462513083,0.38134846462513083,0.38134846462513083,m3/s,maximum
MORNING_BANK,shoulder,shoulder,hvac_group,SW-DOAS,outdoor_air_mean_m3_s,1,2.0382891009731368,2.0382891009731368,2.0382891009731368,m3/s,sum
MORNING_BANK,shoulder,shoulder,hvac_group,SW-DOAS,outdoor_air_minimum_m3_s,1,0.04365308726947315,0.04365308726947315,0.04365308726947315,m3/s,minimum
MORNING_BANK,shoulder,shoulder,hvac_group,SW-DOAS,people_latent_gain_kwh,1,133.9660297422044,133.9660297422044,133.9660297422044,kWh,sum
MORNING_BANK,shoulder,shoulder,hvac_group,SW-DOAS,people_radiant_gain_kwh,1,50.954480614780195,50.954480614780195,50.954480614780195,kWh,sum
MORNING_BANK,shoulder,shoulder,hvac_group,SW-DOAS,people_sensible_gain_kwh,1,169.84826871593395,169.84826871593395,169.84826871593395,kWh,sum
MORNING_BANK,shoulder,shoulder,hvac_group,SW-DOAS,relative_humidity_maximum_percent,1,48.86712875058619,48.86712875058619,48.86712875058619,%,maximum
MORNING_BANK,shoulder,shoulder,hvac_group,SW-DOAS,relative_humidity_mean_percent,1,34.759161808849214,34.759161808849214,34.759161808849214,%,area_weighted_mean
MORNING_BANK,shoulder,shoulder,hvac_group,SW-DOAS,relative_humidity_minimum_percent,1,22.40478603179413,22.40478603179413,22.40478603179413,%,minimum
MORNING_BANK,shoulder,shoulder,hvac_group,SW-DOAS,sensible_cooling_kwh,1,362.3705450518065,362.3705450518065,362.3705450518065,kWh,sum
MORNING_BANK,shoulder,shoulder,hvac_group,SW-DOAS,sensible_heating_kwh,1,110.72350095358917,110.72350095358917,110.72350095358917,kWh,sum
MORNING_BANK,shoulder,shoulder,hvac_group,SW-VAV,air_temperature_maximum_c,1,25.000309373010566,25.000309373010566,25.000309373010566,C,maximum
MORNING_BANK,shoulder,shoulder,hvac_group,SW-VAV,air_temperature_mean_c,1,20.997656712327654,20.997656712327654,20.997656712327654,C,area_weighted_mean
MORNING_BANK,shoulder,shoulder,hvac_group,SW-VAV,air_temperature_minimum_c,1,19.991338953215628,19.991338953215628,19.991338953215628,C,minimum
MORNING_BANK,shoulder,shoulder,hvac_group,SW-VAV,maximum_zone_people_latent_gain_interval_peak_kw,1,36.44122271651176,36.44122271651176,36.44122271651176,kW,maximum
MORNING_BANK,shoulder,shoulder,hvac_group,SW-VAV,maximum_zone_people_radiant_gain_interval_peak_kw,1,19.601387826623448,19.601387826623448,19.601387826623448,kW,maximum
MORNING_BANK,shoulder,shoulder,hvac_group,SW-VAV,maximum_zone_people_sensible_gain_interval_peak_kw,1,65.33795942207817,65.33795942207817,65.33795942207817,kW,maximum
MORNING_BANK,shoulder,shoulder,hvac_group,SW-VAV,maximum_zone_sensible_cooling_interval_peak_kw,1,53.72160562747344,53.72160562747344,53.72160562747344,kW,maximum
MORNING_BANK,shoulder,shoulder,hvac_group,SW-VAV,maximum_zone_sensible_heating_interval_peak_kw,1,8.168269972147748,8.168269972147748,8.168269972147748,kW,maximum
MORNING_BANK,shoulder,shoulder,hvac_group,SW-VAV,outdoor_air_maximum_m3_s,1,4.230071324370292,4.230071324370292,4.230071324370292,m3/s,maximum
MORNING_BANK,shoulder,shoulder,hvac_group,SW-VAV,outdoor_air_mean_m3_s,1,42.92140220344073,42.92140220344073,42.92140220344073,m3/s,sum
MORNING_BANK,shoulder,shoulder,hvac_group,SW-VAV,outdoor_air_minimum_m3_s,1,0.05210403748298528,0.05210403748298528,0.05210403748298528,m3/s,minimum
MORNING_BANK,shoulder,shoulder,hvac_group,SW-VAV,people_latent_gain_kwh,1,1503.670153611679,1503.670153611679,1503.670153611679,kWh,sum
MORNING_BANK,shoulder,shoulder,hvac_group,SW-VAV,people_radiant_gain_kwh,1,827.1580718753575,827.1580718753575,827.1580718753575,kWh,sum
MORNING_BANK,shoulder,shoulder,hvac_group,SW-VAV,people_sensible_gain_kwh,1,2757.193572917858,2757.193572917858,2757.193572917858,kWh,sum
MORNING_BANK,shoulder,shoulder,hvac_group,SW-VAV,relative_humidity_maximum_percent,1,48.944979611803106,48.944979611803106,48.944979611803106,%,maximum
MORNING_BANK,shoulder,shoulder,hvac_group,SW-VAV,relative_humidity_mean_percent,1,36.369081484081065,36.369081484081065,36.369081484081065,%,area_weighted_mean
MORNING_BANK,shoulder,shoulder,hvac_group,SW-VAV,relative_humidity_minimum_percent,1,22.855130034593415,22.855130034593415,22.855130034593415,%,minimum
MORNING_BANK,shoulder,shoulder,hvac_group,SW-VAV,sensible_cooling_kwh,1,8285.937133342084,8285.937133342084,8285.937133342084,kWh,sum
MORNING_BANK,shoulder,shoulder,hvac_group,SW-VAV,sensible_heating_kwh,1,269.0662521548689,269.0662521548689,269.0662521548689,kWh,sum
MORNING_BANK,shoulder,shoulder,hvac_group,zone_only,air_temperature_maximum_c,1,25.00194303917351,25.00194303917351,25.00194303917351,C,maximum
MORNING_BANK,shoulder,shoulder,hvac_group,zone_only,air_temperature_mean_c,1,25.00046448345906,25.00046448345906,25.00046448345906,C,area_weighted_mean
MORNING_BANK,shoulder,shoulder,hvac_group,zone_only,air_temperature_minimum_c,1,25.000000760018654,25.000000760018654,25.000000760018654,C,minimum
MORNING_BANK,shoulder,shoulder,hvac_group,zone_only,maximum_zone_sensible_cooling_interval_peak_kw,1,24.565517161472354,24.565517161472354,24.565517161472354,kW,maximum
MORNING_BANK,shoulder,shoulder,hvac_group,zone_only,maximum_zone_sensible_heating_interval_peak_kw,1,0.0,0.0,0.0,kW,maximum
MORNING_BANK,shoulder,shoulder,hvac_group,zone_only,relative_humidity_maximum_percent,1,27.713033649438035,27.713033649438035,27.713033649438035,%,maximum
MORNING_BANK,shoulder,shoulder,hvac_group,zone_only,relative_humidity_mean_percent,1,26.793853566485836,26.793853566485836,26.793853566485836,%,area_weighted_mean
MORNING_BANK,shoulder,shoulder,hvac_group,zone_only,relative_humidity_minimum_percent,1,25.95787911705362,25.95787911705362,25.95787911705362,%,minimum
MORNING_BANK,shoulder,shoulder,hvac_group,zone_only,sensible_cooling_kwh,1,470.3566550425931,470.3566550425931,470.3566550425931,kWh,sum
MORNING_BANK,shoulder,shoulder,hvac_group,zone_only,sensible_heating_kwh,1,0.0,0.0,0.0,kWh,sum
MORNING_BANK,shoulder,shoulder,region,central_sector_1,air_temperature_maximum_c,1,26.00042385963796,26.00042385963796,26.00042385963796,C,maximum
MORNING_BANK,shoulder,shoulder,region,central_sector_1,air_temperature_mean_c,1,21.434531056965973,21.434531056965973,21.434531056965973,C,area_weighted_mean
MORNING_BANK,shoulder,shoulder,region,central_sector_1,air_temperature_minimum_c,1,19.99260439211336,19.99260439211336,19.99260439211336,C,minimum
MORNING_BANK,shoulder,shoulder,region,central_sector_1,maximum_zone_people_latent_gain_interval_peak_kw,1,61.22772201858542,61.22772201858542,61.22772201858542,kW,maximum
MORNING_BANK,shoulder,shoulder,region,central_sector_1,maximum_zone_people_radiant_gain_interval_peak_kw,1,34.8494234648856,34.8494234648856,34.8494234648856,kW,maximum
MORNING_BANK,shoulder,shoulder,region,central_sector_1,maximum_zone_people_sensible_gain_interval_peak_kw,1,116.16474488295198,116.16474488295198,116.16474488295198,kW,maximum
MORNING_BANK,shoulder,shoulder,region,central_sector_1,maximum_zone_sensible_cooling_interval_peak_kw,1,143.55828569756525,143.55828569756525,143.55828569756525,kW,maximum
MORNING_BANK,shoulder,shoulder,region,central_sector_1,maximum_zone_sensible_heating_interval_peak_kw,1,13.232514028173266,13.232514028173266,13.232514028173266,kW,maximum
MORNING_BANK,shoulder,shoulder,region,central_sector_1,outdoor_air_maximum_m3_s,1,11.611953582470544,11.611953582470544,11.611953582470544,m3/s,maximum
MORNING_BANK,shoulder,shoulder,region,central_sector_1,outdoor_air_mean_m3_s,1,74.17340817966438,74.17340817966438,74.17340817966438,m3/s,sum
MORNING_BANK,shoulder,shoulder,region,central_sector_1,outdoor_air_minimum_m3_s,1,0.224756386400392,0.224756386400392,0.224756386400392,m3/s,minimum
MORNING_BANK,shoulder,shoulder,region,central_sector_1,people_latent_gain_kwh,1,1374.8694439362034,1374.8694439362034,1374.8694439362034,kWh,sum
MORNING_BANK,shoulder,shoulder,region,central_sector_1,people_radiant_gain_kwh,1,717.0932420192416,717.0932420192416,717.0932420192416,kWh,sum
MORNING_BANK,shoulder,shoulder,region,central_sector_1,people_sensible_gain_kwh,1,2390.3108067308053,2390.3108067308053,2390.3108067308053,kWh,sum
MORNING_BANK,shoulder,shoulder,region,central_sector_1,relative_humidity_maximum_percent,1,44.02500930036567,44.02500930036567,44.02500930036567,%,maximum
MORNING_BANK,shoulder,shoulder,region,central_sector_1,relative_humidity_mean_percent,1,34.566153320218696,34.566153320218696,34.566153320218696,%,area_weighted_mean
MORNING_BANK,shoulder,shoulder,region,central_sector_1,relative_humidity_minimum_percent,1,22.839741545698082,22.839741545698082,22.839741545698082,%,minimum
MORNING_BANK,shoulder,shoulder,region,central_sector_1,sensible_cooling_kwh,1,14675.759986231076,14675.759986231076,14675.759986231076,kWh,sum
MORNING_BANK,shoulder,shoulder,region,central_sector_1,sensible_heating_kwh,1,1025.6981949095973,1025.6981949095973,1025.6981949095973,kWh,sum
MORNING_BANK,shoulder,shoulder,region,central_sector_2,air_temperature_maximum_c,1,26.000392463662873,26.000392463662873,26.000392463662873,C,maximum
MORNING_BANK,shoulder,shoulder,region,central_sector_2,air_temperature_mean_c,1,21.21052113434652,21.21052113434652,21.21052113434652,C,area_weighted_mean
MORNING_BANK,shoulder,shoulder,region,central_sector_2,air_temperature_minimum_c,1,19.992317924080357,19.992317924080357,19.992317924080357,C,minimum
MORNING_BANK,shoulder,shoulder,region,central_sector_2,maximum_zone_people_latent_gain_interval_peak_kw,1,23.97179347535033,23.97179347535033,23.97179347535033,kW,maximum
MORNING_BANK,shoulder,shoulder,region,central_sector_2,maximum_zone_people_radiant_gain_interval_peak_kw,1,9.642961365027121,9.642961365027121,9.642961365027121,kW,maximum
MORNING_BANK,shoulder,shoulder,region,central_sector_2,maximum_zone_people_sensible_gain_interval_peak_kw,1,32.14320455009041,32.14320455009041,32.14320455009041,kW,maximum
MORNING_BANK,shoulder,shoulder,region,central_sector_2,maximum_zone_sensible_cooling_interval_peak_kw,1,352.9093538792397,352.9093538792397,352.9093538792397,kW,maximum
MORNING_BANK,shoulder,shoulder,region,central_sector_2,maximum_zone_sensible_heating_interval_peak_kw,1,29.761042956748074,29.761042956748074,29.761042956748074,kW,maximum
MORNING_BANK,shoulder,shoulder,region,central_sector_2,outdoor_air_maximum_m3_s,1,28.500305162748163,28.500305162748163,28.500305162748163,m3/s,maximum
MORNING_BANK,shoulder,shoulder,region,central_sector_2,outdoor_air_mean_m3_s,1,153.65799540488518,153.65799540488518,153.65799540488518,m3/s,sum
MORNING_BANK,shoulder,shoulder,region,central_sector_2,outdoor_air_minimum_m3_s,1,0.868598670241309,0.868598670241309,0.868598670241309,m3/s,minimum
MORNING_BANK,shoulder,shoulder,region,central_sector_2,people_latent_gain_kwh,1,773.0568930944497,773.0568930944497,773.0568930944497,kWh,sum
MORNING_BANK,shoulder,shoulder,region,central_sector_2,people_radiant_gain_kwh,1,436.88477793417815,436.88477793417815,436.88477793417815,kWh,sum
MORNING_BANK,shoulder,shoulder,region,central_sector_2,people_sensible_gain_kwh,1,1456.282593113927,1456.282593113927,1456.282593113927,kWh,sum
MORNING_BANK,shoulder,shoulder,region,central_sector_2,relative_humidity_maximum_percent,1,45.34662782799844,45.34662782799844,45.34662782799844,%,maximum
MORNING_BANK,shoulder,shoulder,region,central_sector_2,relative_humidity_mean_percent,1,34.25021830089643,34.25021830089643,34.25021830089643,%,area_weighted_mean
MORNING_BANK,shoulder,shoulder,region,central_sector_2,relative_humidity_minimum_percent,1,22.827814976177503,22.827814976177503,22.827814976177503,%,minimum
MORNING_BANK,shoulder,shoulder,region,central_sector_2,sensible_cooling_kwh,1,30712.80663132472,30712.80663132472,30712.80663132472,kWh,sum
MORNING_BANK,shoulder,shoulder,region,central_sector_2,sensible_heating_kwh,1,1465.6851957091278,1465.6851957091278,1465.6851957091278,kWh,sum
MORNING_BANK,shoulder,shoulder,region,northeast_pier,air_temperature_maximum_c,1,26.000292787440543,26.000292787440543,26.000292787440543,C,maximum
MORNING_BANK,shoulder,shoulder,region,northeast_pier,air_temperature_mean_c,1,20.986280614951564,20.986280614951564,20.986280614951564,C,area_weighted_mean
MORNING_BANK,shoulder,shoulder,region,northeast_pier,air_temperature_minimum_c,1,19.992335658852564,19.992335658852564,19.992335658852564,C,minimum
MORNING_BANK,shoulder,shoulder,region,northeast_pier,maximum_zone_people_latent_gain_interval_peak_kw,1,49.437241311179626,49.437241311179626,49.437241311179626,kW,maximum
MORNING_BANK,shoulder,shoulder,region,northeast_pier,maximum_zone_people_radiant_gain_interval_peak_kw,1,23.499202805459333,23.499202805459333,23.499202805459333,kW,maximum
MORNING_BANK,shoulder,shoulder,region,northeast_pier,maximum_zone_people_sensible_gain_interval_peak_kw,1,78.33067601819776,78.33067601819776,78.33067601819776,kW,maximum
MORNING_BANK,shoulder,shoulder,region,northeast_pier,maximum_zone_sensible_cooling_interval_peak_kw,1,56.826127553484675,56.826127553484675,56.826127553484675,kW,maximum
MORNING_BANK,shoulder,shoulder,region,northeast_pier,maximum_zone_sensible_heating_interval_peak_kw,1,18.377290836390006,18.377290836390006,18.377290836390006,kW,maximum
MORNING_BANK,shoulder,shoulder,region,northeast_pier,outdoor_air_maximum_m3_s,1,4.467566738197799,4.467566738197799,4.467566738197799,m3/s,maximum
MORNING_BANK,shoulder,shoulder,region,northeast_pier,outdoor_air_mean_m3_s,1,40.83892322672152,40.83892322672152,40.83892322672152,m3/s,sum
MORNING_BANK,shoulder,shoulder,region,northeast_pier,outdoor_air_minimum_m3_s,1,0.05012502970033823,0.05012502970033823,0.05012502970033823,m3/s,minimum
MORNING_BANK,shoulder,shoulder,region,northeast_pier,people_latent_gain_kwh,1,1095.654838468695,1095.654838468695,1095.654838468695,kWh,sum
MORNING_BANK,shoulder,shoulder,region,northeast_pier,people_radiant_gain_kwh,1,599.9724700939421,599.9724700939421,599.9724700939421,kWh,sum
MORNING_BANK,shoulder,shoulder,region,northeast_pier,people_sensible_gain_kwh,1,1999.9082336464737,1999.9082336464737,1999.9082336464737,kWh,sum
MORNING_BANK,shoulder,shoulder,region,northeast_pier,relative_humidity_maximum_percent,1,51.97038905947224,51.97038905947224,51.97038905947224,%,maximum
MORNING_BANK,shoulder,shoulder,region,northeast_pier,relative_humidity_mean_percent,1,35.979643075823006,35.979643075823006,35.979643075823006,%,area_weighted_mean
MORNING_BANK,shoulder,shoulder,region,northeast_pier,relative_humidity_minimum_percent,1,22.844361962745076,22.844361962745076,22.844361962745076,%,minimum
MORNING_BANK,shoulder,shoulder,region,northeast_pier,sensible_cooling_kwh,1,7347.535983369253,7347.535983369253,7347.535983369253,kWh,sum
MORNING_BANK,shoulder,shoulder,region,northeast_pier,sensible_heating_kwh,1,559.4161286316801,559.4161286316801,559.4161286316801,kWh,sum
MORNING_BANK,shoulder,shoulder,region,northwest_pier,air_temperature_maximum_c,1,26.0002221009903,26.0002221009903,26.0002221009903,C,maximum
MORNING_BANK,shoulder,shoulder,region,northwest_pier,air_temperature_mean_c,1,20.97578282778326,20.97578282778326,20.97578282778326,C,area_weighted_mean
MORNING_BANK,shoulder,shoulder,region,northwest_pier,air_temperature_minimum_c,1,19.9921632904969,19.9921632904969,19.9921632904969,C,minimum
MORNING_BANK,shoulder,shoulder,region,northwest_pier,maximum_zone_people_latent_gain_interval_peak_kw,1,28.654024969501137,28.654024969501137,28.654024969501137,kW,maximum
MORNING_BANK,shoulder,shoulder,region,northwest_pier,maximum_zone_people_radiant_gain_interval_peak_kw,1,15.69945561475222,15.69945561475222,15.69945561475222,kW,maximum
MORNING_BANK,shoulder,shoulder,region,northwest_pier,maximum_zone_people_sensible_gain_interval_peak_kw,1,52.33151871584074,52.33151871584074,52.33151871584074,kW,maximum
MORNING_BANK,shoulder,shoulder,region,northwest_pier,maximum_zone_sensible_cooling_interval_peak_kw,1,40.14745680774906,40.14745680774906,40.14745680774906,kW,maximum
MORNING_BANK,shoulder,shoulder,region,northwest_pier,maximum_zone_sensible_heating_interval_peak_kw,1,11.278854536847037,11.278854536847037,11.278854536847037,kW,maximum
MORNING_BANK,shoulder,shoulder,region,northwest_pier,outdoor_air_maximum_m3_s,1,3.17969488099033,3.17969488099033,3.17969488099033,m3/s,maximum
MORNING_BANK,shoulder,shoulder,region,northwest_pier,outdoor_air_mean_m3_s,1,38.99710497192939,38.99710497192939,38.99710497192939,m3/s,sum
MORNING_BANK,shoulder,shoulder,region,northwest_pier,outdoor_air_minimum_m3_s,1,0.030536122853862514,0.030536122853862514,0.030536122853862514,m3/s,minimum
MORNING_BANK,shoulder,shoulder,region,northwest_pier,people_latent_gain_kwh,1,1007.8934293225893,1007.8934293225893,1007.8934293225893,kWh,sum
MORNING_BANK,shoulder,shoulder,region,northwest_pier,people_radiant_gain_kwh,1,549.2091728976519,549.2091728976519,549.2091728976519,kWh,sum
MORNING_BANK,shoulder,shoulder,region,northwest_pier,people_sensible_gain_kwh,1,1830.697242992173,1830.697242992173,1830.697242992173,kWh,sum
MORNING_BANK,shoulder,shoulder,region,northwest_pier,relative_humidity_maximum_percent,1,54.303298195147796,54.303298195147796,54.303298195147796,%,maximum
MORNING_BANK,shoulder,shoulder,region,northwest_pier,relative_humidity_mean_percent,1,35.91852909071213,35.91852909071213,35.91852909071213,%,area_weighted_mean
MORNING_BANK,shoulder,shoulder,region,northwest_pier,relative_humidity_minimum_percent,1,22.8416064161894,22.8416064161894,22.8416064161894,%,minimum
MORNING_BANK,shoulder,shoulder,region,northwest_pier,sensible_cooling_kwh,1,7073.512400575062,7073.512400575062,7073.512400575062,kWh,sum
MORNING_BANK,shoulder,shoulder,region,northwest_pier,sensible_heating_kwh,1,556.9198179223181,556.9198179223181,556.9198179223181,kWh,sum
MORNING_BANK,shoulder,shoulder,region,south_central_pier,air_temperature_maximum_c,1,26.00029337703033,26.00029337703033,26.00029337703033,C,maximum
MORNING_BANK,shoulder,shoulder,region,south_central_pier,air_temperature_mean_c,1,20.654925824244643,20.654925824244643,20.654925824244643,C,area_weighted_mean
MORNING_BANK,shoulder,shoulder,region,south_central_pier,air_temperature_minimum_c,1,19.99522855213476,19.99522855213476,19.99522855213476,C,minimum
MORNING_BANK,shoulder,shoulder,region,south_central_pier,maximum_zone_people_latent_gain_interval_peak_kw,1,4.394737503369626,4.394737503369626,4.394737503369626,kW,maximum
MORNING_BANK,shoulder,shoulder,region,south_central_pier,maximum_zone_people_radiant_gain_interval_peak_kw,1,2.231954685166026,2.231954685166026,2.231954685166026,kW,maximum
MORNING_BANK,shoulder,shoulder,region,south_central_pier,maximum_zone_people_sensible_gain_interval_peak_kw,1,7.43984895055342,7.43984895055342,7.43984895055342,kW,maximum
MORNING_BANK,shoulder,shoulder,region,south_central_pier,maximum_zone_sensible_cooling_interval_peak_kw,1,61.175334763552904,61.175334763552904,61.175334763552904,kW,maximum
MORNING_BANK,shoulder,shoulder,region,south_central_pier,maximum_zone_sensible_heating_interval_peak_kw,1,22.251464571940886,22.251464571940886,22.251464571940886,kW,maximum
MORNING_BANK,shoulder,shoulder,region,south_central_pier,outdoor_air_maximum_m3_s,1,5.422210842899705,5.422210842899705,5.422210842899705,m3/s,maximum
MORNING_BANK,shoulder,shoulder,region,south_central_pier,outdoor_air_mean_m3_s,1,28.36154096599241,28.36154096599241,28.36154096599241,m3/s,sum
MORNING_BANK,shoulder,shoulder,region,south_central_pier,outdoor_air_minimum_m3_s,1,0.10569644507292678,0.10569644507292678,0.10569644507292678,m3/s,minimum
MORNING_BANK,shoulder,shoulder,region,south_central_pier,people_latent_gain_kwh,1,152.10119739475553,152.10119739475553,152.10119739475553,kWh,sum
MORNING_BANK,shoulder,shoulder,region,south_central_pier,people_radiant_gain_kwh,1,69.39120597017504,69.39120597017504,69.39120597017504,kWh,sum
MORNING_BANK,shoulder,shoulder,region,south_central_pier,people_sensible_gain_kwh,1,231.30401990058346,231.30401990058346,231.30401990058346,kWh,sum
MORNING_BANK,shoulder,shoulder,region,south_central_pier,relative_humidity_maximum_percent,1,45.634280585333514,45.634280585333514,45.634280585333514,%,maximum
MORNING_BANK,shoulder,shoulder,region,south_central_pier,relative_humidity_mean_percent,1,35.12557974255388,35.12557974255388,35.12557974255388,%,area_weighted_mean
MORNING_BANK,shoulder,shoulder,region,south_central_pier,relative_humidity_minimum_percent,1,23.588215239728687,23.588215239728687,23.588215239728687,%,minimum
MORNING_BANK,shoulder,shoulder,region,south_central_pier,sensible_cooling_kwh,1,4563.987438891612,4563.987438891612,4563.987438891612,kWh,sum
MORNING_BANK,shoulder,shoulder,region,south_central_pier,sensible_heating_kwh,1,669.3447161548987,669.3447161548987,669.3447161548987,kWh,sum
MORNING_BANK,shoulder,shoulder,region,southeast_pier,air_temperature_maximum_c,1,26.00346977336505,26.00346977336505,26.00346977336505,C,maximum
MORNING_BANK,shoulder,shoulder,region,southeast_pier,air_temperature_mean_c,1,21.11816692601486,21.11816692601486,21.11816692601486,C,area_weighted_mean
MORNING_BANK,shoulder,shoulder,region,southeast_pier,air_temperature_minimum_c,1,19.969410410576597,19.969410410576597,19.969410410576597,C,minimum
MORNING_BANK,shoulder,shoulder,region,southeast_pier,maximum_zone_people_latent_gain_interval_peak_kw,1,48.485804432834485,48.485804432834485,48.485804432834485,kW,maximum
MORNING_BANK,shoulder,shoulder,region,southeast_pier,maximum_zone_people_radiant_gain_interval_peak_kw,1,26.65354835179817,26.65354835179817,26.65354835179817,kW,maximum
MORNING_BANK,shoulder,shoulder,region,southeast_pier,maximum_zone_people_sensible_gain_interval_peak_kw,1,88.84516117266057,88.84516117266057,88.84516117266057,kW,maximum
MORNING_BANK,shoulder,shoulder,region,southeast_pier,maximum_zone_sensible_cooling_interval_peak_kw,1,67.28176422823799,67.28176422823799,67.28176422823799,kW,maximum
MORNING_BANK,shoulder,shoulder,region,southeast_pier,maximum_zone_sensible_heating_interval_peak_kw,1,6.809941952142763,6.809941952142763,6.809941952142763,kW,maximum
MORNING_BANK,shoulder,shoulder,region,southeast_pier,outdoor_air_maximum_m3_s,1,5.111102024459424,5.111102024459424,5.111102024459424,m3/s,maximum
MORNING_BANK,shoulder,shoulder,region,southeast_pier,outdoor_air_mean_m3_s,1,70.60045897914186,70.60045897914186,70.60045897914186,m3/s,sum
MORNING_BANK,shoulder,shoulder,region,southeast_pier,outdoor_air_minimum_m3_s,1,0.03689236111111094,0.03689236111111094,0.03689236111111094,m3/s,minimum
MORNING_BANK,shoulder,shoulder,region,southeast_pier,people_latent_gain_kwh,1,1609.7976089571118,1609.7976089571118,1609.7976089571118,kWh,sum
MORNING_BANK,shoulder,shoulder,region,southeast_pier,people_radiant_gain_kwh,1,871.3759255926836,871.3759255926836,871.3759255926836,kWh,sum
MORNING_BANK,shoulder,shoulder,region,southeast_pier,people_sensible_gain_kwh,1,2904.586418642279,2904.586418642279,2904.586418642279,kWh,sum
MORNING_BANK,shoulder,shoulder,region,southeast_pier,relative_humidity_maximum_percent,1,48.31911603066825,48.31911603066825,48.31911603066825,%,maximum
MORNING_BANK,shoulder,shoulder,region,southeast_pier,relative_humidity_mean_percent,1,35.91221452754043,35.91221452754043,35.91221452754043,%,area_weighted_mean
MORNING_BANK,shoulder,shoulder,region,southeast_pier,relative_humidity_minimum_percent,1,22.34119766154487,22.34119766154487,22.34119766154487,%,minimum
MORNING_BANK,shoulder,shoulder,region,southeast_pier,sensible_cooling_kwh,1,14329.300545412169,14329.300545412169,14329.300545412169,kWh,sum
MORNING_BANK,shoulder,shoulder,region,southeast_pier,sensible_heating_kwh,1,321.6959895303311,321.6959895303311,321.6959895303311,kWh,sum
MORNING_BANK,shoulder,shoulder,region,southwest_pier,air_temperature_maximum_c,1,26.000266690308827,26.000266690308827,26.000266690308827,C,maximum
MORNING_BANK,shoulder,shoulder,region,southwest_pier,air_temperature_mean_c,1,21.133585981057312,21.133585981057312,21.133585981057312,C,area_weighted_mean
MORNING_BANK,shoulder,shoulder,region,southwest_pier,air_temperature_minimum_c,1,19.991338953215628,19.991338953215628,19.991338953215628,C,minimum
MORNING_BANK,shoulder,shoulder,region,southwest_pier,maximum_zone_people_latent_gain_interval_peak_kw,1,36.44122271651176,36.44122271651176,36.44122271651176,kW,maximum
MORNING_BANK,shoulder,shoulder,region,southwest_pier,maximum_zone_people_radiant_gain_interval_peak_kw,1,19.601387826623448,19.601387826623448,19.601387826623448,kW,maximum
MORNING_BANK,shoulder,shoulder,region,southwest_pier,maximum_zone_people_sensible_gain_interval_peak_kw,1,65.33795942207817,65.33795942207817,65.33795942207817,kW,maximum
MORNING_BANK,shoulder,shoulder,region,southwest_pier,maximum_zone_sensible_cooling_interval_peak_kw,1,53.72160562747344,53.72160562747344,53.72160562747344,kW,maximum
MORNING_BANK,shoulder,shoulder,region,southwest_pier,maximum_zone_sensible_heating_interval_peak_kw,1,8.168269972147748,8.168269972147748,8.168269972147748,kW,maximum
MORNING_BANK,shoulder,shoulder,region,southwest_pier,outdoor_air_maximum_m3_s,1,4.230071324370292,4.230071324370292,4.230071324370292,m3/s,maximum
MORNING_BANK,shoulder,shoulder,region,southwest_pier,outdoor_air_mean_m3_s,1,44.959691304413866,44.959691304413866,44.959691304413866,m3/s,sum
MORNING_BANK,shoulder,shoulder,region,southwest_pier,outdoor_air_minimum_m3_s,1,0.04365308726947315,0.04365308726947315,0.04365308726947315,m3/s,minimum
MORNING_BANK,shoulder,shoulder,region,southwest_pier,people_latent_gain_kwh,1,1637.6361833538836,1637.6361833538836,1637.6361833538836,kWh,sum
MORNING_BANK,shoulder,shoulder,region,southwest_pier,people_radiant_gain_kwh,1,878.1125524901377,878.1125524901377,878.1125524901377,kWh,sum
MORNING_BANK,shoulder,shoulder,region,southwest_pier,people_sensible_gain_kwh,1,2927.041841633792,2927.041841633792,2927.041841633792,kWh,sum
MORNING_BANK,shoulder,shoulder,region,southwest_pier,relative_humidity_maximum_percent,1,48.944979611803106,48.944979611803106,48.944979611803106,%,maximum
MORNING_BANK,shoulder,shoulder,region,southwest_pier,relative_humidity_mean_percent,1,36.22749845849163,36.22749845849163,36.22749845849163,%,area_weighted_mean
MORNING_BANK,shoulder,shoulder,region,southwest_pier,relative_humidity_minimum_percent,1,22.40478603179413,22.40478603179413,22.40478603179413,%,minimum
MORNING_BANK,shoulder,shoulder,region,southwest_pier,sensible_cooling_kwh,1,8648.30767839389,8648.30767839389,8648.30767839389,kWh,sum
MORNING_BANK,shoulder,shoulder,region,southwest_pier,sensible_heating_kwh,1,379.789753108458,379.789753108458,379.789753108458,kWh,sum
