simulation_scope,scenario_id,period_id,grouping,category,space_name,zone_name,space_count,floor_area_m2,design_people,person_hours,occupant_peak,occupant_peak_time,occupant_density_peak_per_m2,people_sensible_kwh,people_latent_kwh,people_radiant_kwh,heating_kwh,cooling_kwh,heating_peak_kw,heating_peak_time,cooling_peak_kw,cooling_peak_time,oa_heating_kwh,oa_cooling_kwh,oa_mass_flow_peak_kg_s,oa_mass_flow_peak_time,temperature_area_weighted_mean_c,rh_area_weighted_mean_pct,heating_unmet_zone_hours,cooling_unmet_zone_hours,available_variables,unavailable_variables
seasonal,baseline_r,shoulder,category,breakroom,,,9,1516.6932212803674,408.1387490873193,1381.549665660576,293.8598993428697,04/15  12:45:00,0.1937503875007749,110.37014379041787,55.415816088851116,33.11104313712536,515.9845538661087,0.0,65.71252663347288,04/15  06:00:00,0.0,04/15  00:15:00,563.7507446980812,0.0,4.62228882002028,04/15  00:15:00,20.911747036602446,35.60605889200829,0.0,0.0,Zone People Occupant Count|Zone People Sensible Heating Energy|Zone People Latent Gain Energy|Zone People Radiant Heating Energy|Zone Ideal Loads Supply Air Total Heating Energy|Zone Ideal Loads Supply Air Total Cooling Energy|Zone Ideal Loads Supply Air Total Heating Rate|Zone Ideal Loads Supply Air Total Cooling Rate|Zone Ideal Loads Outdoor Air Total Heating Energy|Zone Ideal Loads Outdoor Air Total Cooling Energy|Zone Ideal Loads Outdoor Air Mass Flow Rate|Zone Air Temperature|Zone Air Relative Humidity|Zone Heating Setpoint Not Met Time|Zone Cooling Setpoint Not Met Time,
seasonal,baseline_r,shoulder,category,commerce_retail,,,51,13348.413025695763,2669.6826051391527,20316.284625108958,1860.2845821249691,04/15  19:30:00,0.1393637265002148,1559.4022487457714,878.5519062673035,467.82067462373135,3058.8701221438364,4047.5528372925296,413.86318278496753,04/15  05:45:00,692.349813351259,04/15  14:45:00,2917.76902681037,0.0,25.96020181065044,04/15  00:15:00,21.33002008694002,36.59184925860113,0.0,0.0,Zone People Occupant Count|Zone People Sensible Heating Energy|Zone People Latent Gain Energy|Zone People Radiant Heating Energy|Zone Ideal Loads Supply Air Total Heating Energy|Zone Ideal Loads Supply Air Total Cooling Energy|Zone Ideal Loads Supply Air Total Heating Rate|Zone Ideal Loads Supply Air Total Cooling Rate|Zone Ideal Loads Outdoor Air Total Heating Energy|Zone Ideal Loads Outdoor Air Total Cooling Energy|Zone Ideal Loads Outdoor Air Mass Flow Rate|Zone Air Temperature|Zone Air Relative Humidity|Zone Heating Setpoint Not Met Time|Zone Cooling Setpoint Not Met Time,
seasonal,baseline_r,shoulder,category,dining,,,22,4713.506777109117,1885.4027108436467,11698.923820784827,1601.730295002767,04/15  19:30:00,0.3398171193433901,898.3314012418386,505.5394572523391,269.49942037255204,1694.1384960574808,1683.5276988006701,227.01502618617826,04/15  05:45:00,294.11745498061464,04/15  14:45:00,1881.3315043834734,0.0,16.014546323505318,04/15  06:45:00,21.323029963814246,36.567679605623354,0.0,0.0,Zone People Occupant Count|Zone People Sensible Heating Energy|Zone People Latent Gain Energy|Zone People Radiant Heating Energy|Zone Ideal Loads Supply Air Total Heating Energy|Zone Ideal Loads Supply Air Total Cooling Energy|Zone Ideal Loads Supply Air Total Heating Rate|Zone Ideal Loads Supply Air Total Cooling Rate|Zone Ideal Loads Outdoor Air Total Heating Energy|Zone Ideal Loads Outdoor Air Total Cooling Energy|Zone Ideal Loads Outdoor Air Mass Flow Rate|Zone Air Temperature|Zone Air Relative Humidity|Zone Heating Setpoint Not Met Time|Zone Cooling Setpoint Not Met Time,
seasonal,baseline_r,shoulder,category,office,,,69,20239.356559767635,3316.4684849583873,28621.12302519089,2818.9982122146303,04/15  09:15:00,0.13928299567676547,2224.3900068475414,1551.775162704563,667.3170020542595,3728.8314802628074,1395.9831350285906,547.3156744040807,04/15  06:00:00,217.90859345370737,04/15  15:00:00,3737.790713726805,0.0,37.40667763294239,04/15  00:15:00,21.52596031906888,36.79335637259249,0.0,0.0,Zone People Occupant Count|Zone People Sensible Heating Energy|Zone People Latent Gain Energy|Zone People Radiant Heating Energy|Zone Ideal Loads Supply Air Total Heating Energy|Zone Ideal Loads Supply Air Total Cooling Energy|Zone Ideal Loads Supply Air Total Heating Rate|Zone Ideal Loads Supply Air Total Cooling Rate|Zone Ideal Loads Outdoor Air Total Heating Energy|Zone Ideal Loads Outdoor Air Total Cooling Energy|Zone Ideal Loads Outdoor Air Mass Flow Rate|Zone Air Temperature|Zone Air Relative Humidity|Zone Heating Setpoint Not Met Time|Zone Cooling Setpoint Not Met Time,
seasonal,baseline_r,shoulder,category,restroom,,,27,7190.122546267738,773.9383497319058,1606.8353229463867,117.94305742997388,04/15  19:30:00,0.016403483622291805,139.01273590466045,73.08952672426271,41.70382077139801,5481.538366884296,0.0,587.0321021599318,04/15  06:00:00,0.0,04/15  00:15:00,5476.041525038177,0.0,42.07235806176744,04/15  00:15:00,20.388755558560234,35.70444158330834,0.0,0.0,Zone People Occupant Count|Zone People Sensible Heating Energy|Zone People Latent Gain Energy|Zone People Radiant Heating Energy|Zone Ideal Loads Supply Air Total Heating Energy|Zone Ideal Loads Supply Air Total Cooling Energy|Zone Ideal Loads Supply Air Total Heating Rate|Zone Ideal Loads Supply Air Total Cooling Rate|Zone Ideal Loads Outdoor Air Total Heating Energy|Zone Ideal Loads Outdoor Air Total Cooling Energy|Zone Ideal Loads Outdoor Air Mass Flow Rate|Zone Air Temperature|Zone Air Relative Humidity|Zone Heating Setpoint Not Met Time|Zone Cooling Setpoint Not Met Time,
seasonal,baseline_r,shoulder,category,terminal_hall,,,126,150117.49023392878,8079.256084296528,58615.00289157131,4932.758721787308,04/15  17:30:00,0.032859320483579674,4352.4017673874305,2681.398579601121,1305.7205302162304,12470.397383238374,3782.6762361228375,2038.1986598545739,04/15  05:00:00,1078.2928152737286,04/15  15:00:00,8551.812437284554,0.0,91.49990084507995,04/15  00:15:00,21.882205253170063,34.522980653807615,0.0,0.0,Zone People Occupant Count|Zone People Sensible Heating Energy|Zone People Latent Gain Energy|Zone People Radiant Heating Energy|Zone Ideal Loads Supply Air Total Heating Energy|Zone Ideal Loads Supply Air Total Cooling Energy|Zone Ideal Loads Supply Air Total Heating Rate|Zone Ideal Loads Supply Air Total Cooling Rate|Zone Ideal Loads Outdoor Air Total Heating Energy|Zone Ideal Loads Outdoor Air Total Cooling Energy|Zone Ideal Loads Outdoor Air Mass Flow Rate|Zone Air Temperature|Zone Air Relative Humidity|Zone Heating Setpoint Not Met Time|Zone Cooling Setpoint Not Met Time,
seasonal,baseline_s,shoulder,category,breakroom,,,9,1516.6932212803674,81.62774981746384,832.6030481381307,77.54636232659068,04/15  08:15:00,0.05112857447937119,63.20000813120939,36.71235764536637,18.960002439362807,109.16626011308155,3.222080210091156,18.273106261884756,04/15  06:00:00,2.9387419639470225,04/15  17:00:00,85.9564644976486,0.0,0.9244577640040568,04/15  06:45:00,21.593827206103384,36.01570838924373,0.0,0.0,Zone People Occupant Count|Zone People Sensible Heating Energy|Zone People Latent Gain Energy|Zone People Radiant Heating Energy|Zone Ideal Loads Supply Air Total Heating Energy|Zone Ideal Loads Supply Air Total Cooling Energy|Zone Ideal Loads Supply Air Total Heating Rate|Zone Ideal Loads Supply Air Total Cooling Rate|Zone Ideal Loads Outdoor Air Total Heating Energy|Zone Ideal Loads Outdoor Air Total Cooling Energy|Zone Ideal Loads Outdoor Air Mass Flow Rate|Zone Air Temperature|Zone Air Relative Humidity|Zone Heating Setpoint Not Met Time|Zone Cooling Setpoint Not Met Time,
seasonal,baseline_s,shoulder,category,commerce_retail,,,51,13348.413025695763,1772.554287171465,13336.384682188525,1446.7431204648708,04/15  15:15:00,0.10838315518705353,1024.9437323755972,575.4224294870264,307.4831197126794,2555.748682534194,4053.807738156597,341.3974754993439,04/15  05:30:00,693.3576176195143,04/15  14:45:00,2262.2106944405873,0.0,20.074687548764857,04/15  06:45:00,21.351009337256492,36.078098364410735,0.0,0.0,Zone People Occupant Count|Zone People Sensible Heating Energy|Zone People Latent Gain Energy|Zone People Radiant Heating Energy|Zone Ideal Loads Supply Air Total Heating Energy|Zone Ideal Loads Supply Air Total Cooling Energy|Zone Ideal Loads Supply Air Total Heating Rate|Zone Ideal Loads Supply Air Total Cooling Rate|Zone Ideal Loads Outdoor Air Total Heating Energy|Zone Ideal Loads Outdoor Air Total Cooling Energy|Zone Ideal Loads Outdoor Air Mass Flow Rate|Zone Air Temperature|Zone Air Relative Humidity|Zone Heating Setpoint Not Met Time|Zone Cooling Setpoint Not Met Time,
seasonal,baseline_s,shoulder,category,dining,,,22,4713.506777109117,507.3576469735659,4667.690352156811,481.9897646248876,04/15  08:15:00,0.10225714895874215,353.480426351002,206.6424159078152,106.04412790530051,489.04836432949975,1782.036771179462,79.23416439581337,04/15  05:30:00,302.6305080969722,04/15  14:45:00,403.36942977734446,0.0,4.309478549761474,04/15  00:15:00,21.55153043671006,36.73304503642632,0.0,0.0,Zone People Occupant Count|Zone People Sensible Heating Energy|Zone People Latent Gain Energy|Zone People Radiant Heating Energy|Zone Ideal Loads Supply Air Total Heating Energy|Zone Ideal Loads Supply Air Total Cooling Energy|Zone Ideal Loads Supply Air Total Heating Rate|Zone Ideal Loads Supply Air Total Cooling Rate|Zone Ideal Loads Outdoor Air Total Heating Energy|Zone Ideal Loads Outdoor Air Total Cooling Energy|Zone Ideal Loads Outdoor Air Mass Flow Rate|Zone Air Temperature|Zone Air Relative Humidity|Zone Heating Setpoint Not Met Time|Zone Cooling Setpoint Not Met Time,
seasonal,baseline_s,shoulder,category,office,,,69,20239.356559767635,1036.4471356845213,9638.874613298649,869.3674609904442,04/15  08:15:00,0.04295430333583813,733.0319475176983,538.603702124326,219.9095842553082,1252.3145296643406,1321.1563696097517,217.32214003254373,04/15  05:00:00,218.22047520214798,04/15  14:45:00,1051.704354267324,0.0,11.584779526665308,04/15  06:45:00,21.83904118760478,35.91828858423908,0.0,0.0,Zone People Occupant Count|Zone People Sensible Heating Energy|Zone People Latent Gain Energy|Zone People Radiant Heating Energy|Zone Ideal Loads Supply Air Total Heating Energy|Zone Ideal Loads Supply Air Total Cooling Energy|Zone Ideal Loads Supply Air Total Heating Rate|Zone Ideal Loads Supply Air Total Cooling Rate|Zone Ideal Loads Outdoor Air Total Heating Energy|Zone Ideal Loads Outdoor Air Total Cooling Energy|Zone Ideal Loads Outdoor Air Mass Flow Rate|Zone Air Temperature|Zone Air Relative Humidity|Zone Heating Setpoint Not Met Time|Zone Cooling Setpoint Not Met Time,
seasonal,baseline_s,shoulder,category,restroom,,,27,7190.122546267738,773.9383497319058,4179.267150828226,309.57534450579396,04/15  08:15:00,0.0430556423084178,358.68983158051554,192.97343232880877,107.60694947415483,5389.887973891934,0.0,588.5950527524553,04/15  06:00:00,0.0,04/15  00:15:00,5460.218675757635,0.0,42.07235806176744,04/15  00:15:00,20.452545066341205,35.83854911338925,0.0,0.0,Zone People Occupant Count|Zone People Sensible Heating Energy|Zone People Latent Gain Energy|Zone People Radiant Heating Energy|Zone Ideal Loads Supply Air Total Heating Energy|Zone Ideal Loads Supply Air Total Cooling Energy|Zone Ideal Loads Supply Air Total Heating Rate|Zone Ideal Loads Supply Air Total Cooling Rate|Zone Ideal Loads Outdoor Air Total Heating Energy|Zone Ideal Loads Outdoor Air Total Cooling Energy|Zone Ideal Loads Outdoor Air Mass Flow Rate|Zone Air Temperature|Zone Air Relative Humidity|Zone Heating Setpoint Not Met Time|Zone Cooling Setpoint Not Met Time,
seasonal,baseline_s,shoulder,category,terminal_hall,,,126,150117.49023392878,8079.256084296528,82408.41205982458,7675.293280081697,04/15  08:15:00,0.051128574479371136,6026.149397581734,3862.8600495972164,1807.8448192745163,12695.843735217422,4925.100288920683,2062.458202857706,04/15  05:00:00,1318.1663122012174,04/15  15:00:00,8592.945877361368,0.0,91.49990084507998,04/15  06:45:00,21.92785573192006,35.484206758879935,0.0,0.0,Zone People Occupant Count|Zone People Sensible Heating Energy|Zone People Latent Gain Energy|Zone People Radiant Heating Energy|Zone Ideal Loads Supply Air Total Heating Energy|Zone Ideal Loads Supply Air Total Cooling Energy|Zone Ideal Loads Supply Air Total Heating Rate|Zone Ideal Loads Supply Air Total Cooling Rate|Zone Ideal Loads Outdoor Air Total Heating Energy|Zone Ideal Loads Outdoor Air Total Cooling Energy|Zone Ideal Loads Outdoor Air Mass Flow Rate|Zone Air Temperature|Zone Air Relative Humidity|Zone Heating Setpoint Not Met Time|Zone Cooling Setpoint Not Met Time,
seasonal,entrance_2_lead,shoulder,category,breakroom,,,9,1516.6932212803674,408.1387490873193,1381.549665660576,293.8598993428697,04/15  12:45:00,0.1937503875007749,110.557838747196,55.22812113207296,33.167351624158776,516.069707456577,0.0,65.71351157449273,04/15  06:00:00,0.0,04/15  00:15:00,563.8432305250857,0.0,4.62228882002028,04/15  00:15:00,20.897292634847336,35.65656283468262,0.0,0.0,Zone People Occupant Count|Zone People Sensible Heating Energy|Zone People Latent Gain Energy|Zone People Radiant Heating Energy|Zone Ideal Loads Supply Air Total Heating Energy|Zone Ideal Loads Supply Air Total Cooling Energy|Zone Ideal Loads Supply Air Total Heating Rate|Zone Ideal Loads Supply Air Total Cooling Rate|Zone Ideal Loads Outdoor Air Total Heating Energy|Zone Ideal Loads Outdoor Air Total Cooling Energy|Zone Ideal Loads Outdoor Air Mass Flow Rate|Zone Air Temperature|Zone Air Relative Humidity|Zone Heating Setpoint Not Met Time|Zone Cooling Setpoint Not Met Time,
seasonal,entrance_2_lead,shoulder,category,commerce_retail,,,51,13348.413025695763,2669.6826051391527,20316.284625108965,1775.431919505212,04/15  19:00:00,0.13300696615301733,1562.4299634097224,875.5241916033555,468.7289890229158,3052.1624242658804,4043.9923229082724,413.8669604729659,04/15  05:45:00,692.4320432260507,04/15  14:45:00,2908.1615639202787,0.0,25.96020181065044,04/15  00:15:00,21.31299570113581,36.66798475180792,0.0,0.0,Zone People Occupant Count|Zone People Sensible Heating Energy|Zone People Latent Gain Energy|Zone People Radiant Heating Energy|Zone Ideal Loads Supply Air Total Heating Energy|Zone Ideal Loads Supply Air Total Cooling Energy|Zone Ideal Loads Supply Air Total Heating Rate|Zone Ideal Loads Supply Air Total Cooling Rate|Zone Ideal Loads Outdoor Air Total Heating Energy|Zone Ideal Loads Outdoor Air Total Cooling Energy|Zone Ideal Loads Outdoor Air Mass Flow Rate|Zone Air Temperature|Zone Air Relative Humidity|Zone Heating Setpoint Not Met Time|Zone Cooling Setpoint Not Met Time,
seasonal,entrance_2_lead,shoulder,category,dining,,,22,4713.506777109117,1885.4027108436467,11698.92382078483,1376.5855838246546,04/15  19:30:00,0.2920512579954198,900.2906606772701,503.58019781691127,270.0871982031803,1692.2005787158844,1682.420035767634,226.65941796620365,04/15  05:30:00,295.69885989736855,04/15  14:45:00,1872.5068855996603,0.0,16.014546323505318,04/15  08:15:00,21.30273262521957,36.60094754355592,0.0,0.0,Zone People Occupant Count|Zone People Sensible Heating Energy|Zone People Latent Gain Energy|Zone People Radiant Heating Energy|Zone Ideal Loads Supply Air Total Heating Energy|Zone Ideal Loads Supply Air Total Cooling Energy|Zone Ideal Loads Supply Air Total Heating Rate|Zone Ideal Loads Supply Air Total Cooling Rate|Zone Ideal Loads Outdoor Air Total Heating Energy|Zone Ideal Loads Outdoor Air Total Cooling Energy|Zone Ideal Loads Outdoor Air Mass Flow Rate|Zone Air Temperature|Zone Air Relative Humidity|Zone Heating Setpoint Not Met Time|Zone Cooling Setpoint Not Met Time,
seasonal,entrance_2_lead,shoulder,category,office,,,69,20239.356559767635,3316.4684849583873,28621.12302519089,2818.9982122146303,04/15  09:15:00,0.13928299567676547,2225.070857609903,1551.094311942194,667.5212572829728,3729.3191009348484,1395.3738184404037,547.3227477811074,04/15  06:00:00,217.51483454983344,04/15  15:00:00,3737.8039130068746,0.0,37.40667763294239,04/15  00:15:00,21.520047845111833,36.88671592702535,0.0,0.0,Zone People Occupant Count|Zone People Sensible Heating Energy|Zone People Latent Gain Energy|Zone People Radiant Heating Energy|Zone Ideal Loads Supply Air Total Heating Energy|Zone Ideal Loads Supply Air Total Cooling Energy|Zone Ideal Loads Supply Air Total Heating Rate|Zone Ideal Loads Supply Air Total Cooling Rate|Zone Ideal Loads Outdoor Air Total Heating Energy|Zone Ideal Loads Outdoor Air Total Cooling Energy|Zone Ideal Loads Outdoor Air Mass Flow Rate|Zone Air Temperature|Zone Air Relative Humidity|Zone Heating Setpoint Not Met Time|Zone Cooling Setpoint Not Met Time,
seasonal,entrance_2_lead,shoulder,category,restroom,,,27,7190.122546267738,773.9383497319058,1606.8353229463867,117.41927084331635,04/15  19:00:00,0.016330635547271245,139.0401184910557,73.06214413786769,41.71203554731664,5482.125982910526,0.0,586.9874998803992,04/15  06:00:00,0.0,04/15  00:15:00,5477.012226888333,0.0,42.07235806176744,04/15  00:15:00,20.388619809653953,35.755371222623054,0.0,0.0,Zone People Occupant Count|Zone People Sensible Heating Energy|Zone People Latent Gain Energy|Zone People Radiant Heating Energy|Zone Ideal Loads Supply Air Total Heating Energy|Zone Ideal Loads Supply Air Total Cooling Energy|Zone Ideal Loads Supply Air Total Heating Rate|Zone Ideal Loads Supply Air Total Cooling Rate|Zone Ideal Loads Outdoor Air Total Heating Energy|Zone Ideal Loads Outdoor Air Total Cooling Energy|Zone Ideal Loads Outdoor Air Mass Flow Rate|Zone Air Temperature|Zone Air Relative Humidity|Zone Heating Setpoint Not Met Time|Zone Cooling Setpoint Not Met Time,
seasonal,entrance_2_lead,shoulder,category,terminal_hall,,,126,150117.49023392878,8079.256084296528,58615.002891571305,4764.785741264058,04/15  17:30:00,0.031740377046266026,4356.0985023541825,2677.701844634356,1306.8295507062587,12456.47781136591,3753.7983319834793,2036.710304518415,04/15  05:00:00,1077.0936009044524,04/15  15:00:00,8554.99392571674,0.0,91.49990084507995,04/15  00:15:00,21.876248264727657,34.53964125541947,0.0,0.0,Zone People Occupant Count|Zone People Sensible Heating Energy|Zone People Latent Gain Energy|Zone People Radiant Heating Energy|Zone Ideal Loads Supply Air Total Heating Energy|Zone Ideal Loads Supply Air Total Cooling Energy|Zone Ideal Loads Supply Air Total Heating Rate|Zone Ideal Loads Supply Air Total Cooling Rate|Zone Ideal Loads Outdoor Air Total Heating Energy|Zone Ideal Loads Outdoor Air Total Cooling Energy|Zone Ideal Loads Outdoor Air Mass Flow Rate|Zone Air Temperature|Zone Air Relative Humidity|Zone Heating Setpoint Not Met Time|Zone Cooling Setpoint Not Met Time,
seasonal,entrance_3_lead,shoulder,category,breakroom,,,9,1516.6932212803674,408.1387490873193,1381.549665660576,293.8598993428697,04/15  12:45:00,0.1937503875007749,110.56018923082627,55.225770648442754,33.168056769247855,516.1019823676927,0.0,65.7142549014587,04/15  06:00:00,0.0,04/15  00:15:00,563.9615869153622,0.0,4.62228882002028,04/15  00:15:00,20.897081827005238,35.64451418943329,0.0,0.0,Zone People Occupant Count|Zone People Sensible Heating Energy|Zone People Latent Gain Energy|Zone People Radiant Heating Energy|Zone Ideal Loads Supply Air Total Heating Energy|Zone Ideal Loads Supply Air Total Cooling Energy|Zone Ideal Loads Supply Air Total Heating Rate|Zone Ideal Loads Supply Air Total Cooling Rate|Zone Ideal Loads Outdoor Air Total Heating Energy|Zone Ideal Loads Outdoor Air Total Cooling Energy|Zone Ideal Loads Outdoor Air Mass Flow Rate|Zone Air Temperature|Zone Air Relative Humidity|Zone Heating Setpoint Not Met Time|Zone Cooling Setpoint Not Met Time,
seasonal,entrance_3_lead,shoulder,category,commerce_retail,,,51,13348.413025695763,2669.6826051391527,20316.28462510896,1784.9562884363763,04/15  19:00:00,0.13372048684741222,1561.4707501575413,876.4834048555327,468.44122504726334,3057.750293413242,4051.6987455218073,413.8718433941503,04/15  05:45:00,692.2214018305838,04/15  14:45:00,2903.204739292729,0.0,25.96020181065044,04/15  00:15:00,21.310924457963512,36.64509919517792,0.0,0.0,Zone People Occupant Count|Zone People Sensible Heating Energy|Zone People Latent Gain Energy|Zone People Radiant Heating Energy|Zone Ideal Loads Supply Air Total Heating Energy|Zone Ideal Loads Supply Air Total Cooling Energy|Zone Ideal Loads Supply Air Total Heating Rate|Zone Ideal Loads Supply Air Total Cooling Rate|Zone Ideal Loads Outdoor Air Total Heating Energy|Zone Ideal Loads Outdoor Air Total Cooling Energy|Zone Ideal Loads Outdoor Air Mass Flow Rate|Zone Air Temperature|Zone Air Relative Humidity|Zone Heating Setpoint Not Met Time|Zone Cooling Setpoint Not Met Time,
seasonal,entrance_3_lead,shoulder,category,dining,,,22,4713.506777109117,1885.4027108436467,11698.923820784825,1364.8330582027236,04/15  19:30:00,0.28955788603741045,900.547633222728,503.32322527145254,270.16428996681805,1691.8301232066271,1686.8180391167414,226.65969531854404,04/15  05:30:00,292.4896254420916,04/15  14:45:00,1873.1153292266647,0.0,16.014546323505318,04/15  06:45:00,21.297215057432158,36.59922591101574,0.0,0.0,Zone People Occupant Count|Zone People Sensible Heating Energy|Zone People Latent Gain Energy|Zone People Radiant Heating Energy|Zone Ideal Loads Supply Air Total Heating Energy|Zone Ideal Loads Supply Air Total Cooling Energy|Zone Ideal Loads Supply Air Total Heating Rate|Zone Ideal Loads Supply Air Total Cooling Rate|Zone Ideal Loads Outdoor Air Total Heating Energy|Zone Ideal Loads Outdoor Air Total Cooling Energy|Zone Ideal Loads Outdoor Air Mass Flow Rate|Zone Air Temperature|Zone Air Relative Humidity|Zone Heating Setpoint Not Met Time|Zone Cooling Setpoint Not Met Time,
seasonal,entrance_3_lead,shoulder,category,office,,,69,20239.356559767635,3316.4684849583873,28621.12302519089,2818.9982122146303,04/15  09:15:00,0.13928299567676547,2225.346786800888,1550.8183827512075,667.6040360402689,3729.2039371012647,1394.484429988043,547.323002594957,04/15  06:00:00,219.62237414732127,04/15  14:45:00,3737.778368268168,0.0,37.40667763294239,04/15  00:15:00,21.51715854946257,36.85444305803563,0.0,0.0,Zone People Occupant Count|Zone People Sensible Heating Energy|Zone People Latent Gain Energy|Zone People Radiant Heating Energy|Zone Ideal Loads Supply Air Total Heating Energy|Zone Ideal Loads Supply Air Total Cooling Energy|Zone Ideal Loads Supply Air Total Heating Rate|Zone Ideal Loads Supply Air Total Cooling Rate|Zone Ideal Loads Outdoor Air Total Heating Energy|Zone Ideal Loads Outdoor Air Total Cooling Energy|Zone Ideal Loads Outdoor Air Mass Flow Rate|Zone Air Temperature|Zone Air Relative Humidity|Zone Heating Setpoint Not Met Time|Zone Cooling Setpoint Not Met Time,
seasonal,entrance_3_lead,shoulder,category,restroom,,,27,7190.122546267738,773.9383497319058,1606.835322946387,117.53811799695312,04/15  19:00:00,0.016347164772311847,139.01663890041513,73.08562372850785,41.70499167012461,5482.391438749584,0.0,586.9411826433922,04/15  06:00:00,0.0,04/15  00:15:00,5476.861113537852,0.0,42.07235806176744,04/15  00:15:00,20.388397116353325,35.74768468774517,0.0,0.0,Zone People Occupant Count|Zone People Sensible Heating Energy|Zone People Latent Gain Energy|Zone People Radiant Heating Energy|Zone Ideal Loads Supply Air Total Heating Energy|Zone Ideal Loads Supply Air Total Cooling Energy|Zone Ideal Loads Supply Air Total Heating Rate|Zone Ideal Loads Supply Air Total Cooling Rate|Zone Ideal Loads Outdoor Air Total Heating Energy|Zone Ideal Loads Outdoor Air Total Cooling Energy|Zone Ideal Loads Outdoor Air Mass Flow Rate|Zone Air Temperature|Zone Air Relative Humidity|Zone Heating Setpoint Not Met Time|Zone Cooling Setpoint Not Met Time,
seasonal,entrance_3_lead,shoulder,category,terminal_hall,,,126,150117.49023392878,8079.256084296528,58615.00289157128,4758.037142279315,04/15  17:30:00,0.03169542159854154,4357.058109521651,2676.74223746691,1307.1174328564928,12456.490672219137,3744.114927304132,2036.6562189509214,04/15  05:00:00,1076.934397836025,04/15  15:00:00,8556.114962628615,0.0,91.49990084507995,04/15  00:15:00,21.873041901713027,34.51589620894436,0.0,0.0,Zone People Occupant Count|Zone People Sensible Heating Energy|Zone People Latent Gain Energy|Zone People Radiant Heating Energy|Zone Ideal Loads Supply Air Total Heating Energy|Zone Ideal Loads Supply Air Total Cooling Energy|Zone Ideal Loads Supply Air Total Heating Rate|Zone Ideal Loads Supply Air Total Cooling Rate|Zone Ideal Loads Outdoor Air Total Heating Energy|Zone Ideal Loads Outdoor Air Total Cooling Energy|Zone Ideal Loads Outdoor Air Mass Flow Rate|Zone Air Temperature|Zone Air Relative Humidity|Zone Heating Setpoint Not Met Time|Zone Cooling Setpoint Not Met Time,
seasonal,public_core,shoulder,category,breakroom,,,9,1516.6932212803674,408.1387490873193,1381.549665660576,293.8598993428697,04/15  12:45:00,0.1937503875007749,110.44899643172631,55.336963447542686,33.134698929517896,514.8370401099055,0.0,65.70901348037368,04/15  06:00:00,0.0,04/15  00:15:00,560.0398022386574,0.0,4.62228882002028,04/15  00:15:00,20.91096976050761,35.68198641697791,0.0,0.0,Zone People Occupant Count|Zone People Sensible Heating Energy|Zone People Latent Gain Energy|Zone People Radiant Heating Energy|Zone Ideal Loads Supply Air Total Heating Energy|Zone Ideal Loads Supply Air Total Cooling Energy|Zone Ideal Loads Supply Air Total Heating Rate|Zone Ideal Loads Supply Air Total Cooling Rate|Zone Ideal Loads Outdoor Air Total Heating Energy|Zone Ideal Loads Outdoor Air Total Cooling Energy|Zone Ideal Loads Outdoor Air Mass Flow Rate|Zone Air Temperature|Zone Air Relative Humidity|Zone Heating Setpoint Not Met Time|Zone Cooling Setpoint Not Met Time,
seasonal,public_core,shoulder,category,commerce_retail,,,51,13348.413025695763,2669.6826051391527,20316.284625107273,1860.2845821254139,04/15  19:30:00,0.13936372650024811,1544.126148742849,893.8280062700222,463.23784462285533,3073.555662181784,4108.354796935075,413.8639406473556,04/15  05:45:00,696.3436167198116,04/15  14:45:00,2904.034048571991,0.0,25.96020181065044,04/15  00:15:00,21.300571054847108,36.73998101522875,0.0,0.0,Zone People Occupant Count|Zone People Sensible Heating Energy|Zone People Latent Gain Energy|Zone People Radiant Heating Energy|Zone Ideal Loads Supply Air Total Heating Energy|Zone Ideal Loads Supply Air Total Cooling Energy|Zone Ideal Loads Supply Air Total Heating Rate|Zone Ideal Loads Supply Air Total Cooling Rate|Zone Ideal Loads Outdoor Air Total Heating Energy|Zone Ideal Loads Outdoor Air Total Cooling Energy|Zone Ideal Loads Outdoor Air Mass Flow Rate|Zone Air Temperature|Zone Air Relative Humidity|Zone Heating Setpoint Not Met Time|Zone Cooling Setpoint Not Met Time,
seasonal,public_core,shoulder,category,dining,,,22,4713.506777109117,1885.4027108436467,11698.923820783099,1601.7302950022167,04/15  19:30:00,0.33981711934327336,893.3037226797736,510.56713581419905,267.9911168039324,1691.5436057404568,1695.333170606635,227.0072774931913,04/15  05:45:00,291.95926126288487,04/15  14:45:00,1868.7665209084337,0.0,16.014546323505318,04/15  06:45:00,21.31176729015784,36.725115510987735,0.0,0.0,Zone People Occupant Count|Zone People Sensible Heating Energy|Zone People Latent Gain Energy|Zone People Radiant Heating Energy|Zone Ideal Loads Supply Air Total Heating Energy|Zone Ideal Loads Supply Air Total Cooling Energy|Zone Ideal Loads Supply Air Total Heating Rate|Zone Ideal Loads Supply Air Total Cooling Rate|Zone Ideal Loads Outdoor Air Total Heating Energy|Zone Ideal Loads Outdoor Air Total Cooling Energy|Zone Ideal Loads Outdoor Air Mass Flow Rate|Zone Air Temperature|Zone Air Relative Humidity|Zone Heating Setpoint Not Met Time|Zone Cooling Setpoint Not Met Time,
seasonal,public_core,shoulder,category,office,,,69,20239.356559767635,3316.4684849583873,28621.12302519089,2818.9982122146303,04/15  09:15:00,0.13928299567676547,2224.947132494327,1551.2180370577644,667.4841397482975,3717.0145233112426,1394.6289568161337,547.24667392096,04/15  06:00:00,217.57141234714032,04/15  15:00:00,3724.318291680879,0.0,37.40667763294239,04/15  00:15:00,21.535571738772855,36.89650471321844,0.0,0.0,Zone People Occupant Count|Zone People Sensible Heating Energy|Zone People Latent Gain Energy|Zone People Radiant Heating Energy|Zone Ideal Loads Supply Air Total Heating Energy|Zone Ideal Loads Supply Air Total Cooling Energy|Zone Ideal Loads Supply Air Total Heating Rate|Zone Ideal Loads Supply Air Total Cooling Rate|Zone Ideal Loads Outdoor Air Total Heating Energy|Zone Ideal Loads Outdoor Air Total Cooling Energy|Zone Ideal Loads Outdoor Air Mass Flow Rate|Zone Air Temperature|Zone Air Relative Humidity|Zone Heating Setpoint Not Met Time|Zone Cooling Setpoint Not Met Time,
seasonal,public_core,shoulder,category,restroom,,,27,7190.122546267738,773.9383497319058,1606.835322946709,117.94305742991997,04/15  19:30:00,0.016403483622284307,138.96898127920173,73.1332813497639,41.69069438376055,5480.017170679188,0.0,587.0214965830136,04/15  06:00:00,0.0,04/15  00:15:00,5473.3695717040255,0.0,42.07235806176744,04/15  00:15:00,20.38838862470953,35.76287786133626,0.0,0.0,Zone People Occupant Count|Zone People Sensible Heating Energy|Zone People Latent Gain Energy|Zone People Radiant Heating Energy|Zone Ideal Loads Supply Air Total Heating Energy|Zone Ideal Loads Supply Air Total Cooling Energy|Zone Ideal Loads Supply Air Total Heating Rate|Zone Ideal Loads Supply Air Total Cooling Rate|Zone Ideal Loads Outdoor Air Total Heating Energy|Zone Ideal Loads Outdoor Air Total Cooling Energy|Zone Ideal Loads Outdoor Air Mass Flow Rate|Zone Air Temperature|Zone Air Relative Humidity|Zone Heating Setpoint Not Met Time|Zone Cooling Setpoint Not Met Time,
seasonal,public_core,shoulder,category,terminal_hall,,,126,150117.49023392878,8079.256084296528,58615.00289158268,4932.758721784941,04/15  17:30:00,0.03285932048356391,4341.783873585624,2692.0164734042946,1302.5351620756799,12408.986840405083,3773.862044574484,2037.4891798673966,04/15  05:00:00,1075.2284801337814,04/15  15:00:00,8498.935050086646,0.0,91.49990084507995,04/15  00:15:00,21.895277736584827,34.57991373703014,0.0,0.0,Zone People Occupant Count|Zone People Sensible Heating Energy|Zone People Latent Gain Energy|Zone People Radiant Heating Energy|Zone Ideal Loads Supply Air Total Heating Energy|Zone Ideal Loads Supply Air Total Cooling Energy|Zone Ideal Loads Supply Air Total Heating Rate|Zone Ideal Loads Supply Air Total Cooling Rate|Zone Ideal Loads Outdoor Air Total Heating Energy|Zone Ideal Loads Outdoor Air Total Cooling Energy|Zone Ideal Loads Outdoor Air Mass Flow Rate|Zone Air Temperature|Zone Air Relative Humidity|Zone Heating Setpoint Not Met Time|Zone Cooling Setpoint Not Met Time,
seasonal,public_evening,shoulder,category,breakroom,,,9,1516.6932212803674,408.1387490873193,1381.549665660576,293.8598993428697,04/15  12:45:00,0.1937503875007749,110.47322916387124,55.31273071539773,33.141968749161386,515.4699945418396,0.0,65.67639455222661,04/15  06:00:00,0.0,04/15  00:15:00,564.0059011066303,0.0,4.62228882002028,04/15  00:15:00,20.905473726216773,35.71031962268143,0.0,0.0,Zone People Occupant Count|Zone People Sensible Heating Energy|Zone People Latent Gain Energy|Zone People Radiant Heating Energy|Zone Ideal Loads Supply Air Total Heating Energy|Zone Ideal Loads Supply Air Total Cooling Energy|Zone Ideal Loads Supply Air Total Heating Rate|Zone Ideal Loads Supply Air Total Cooling Rate|Zone Ideal Loads Outdoor Air Total Heating Energy|Zone Ideal Loads Outdoor Air Total Cooling Energy|Zone Ideal Loads Outdoor Air Mass Flow Rate|Zone Air Temperature|Zone Air Relative Humidity|Zone Heating Setpoint Not Met Time|Zone Cooling Setpoint Not Met Time,
seasonal,public_evening,shoulder,category,commerce_retail,,,51,13348.413025695763,2669.6826051391527,20316.284625108958,1860.2845821249691,04/15  23:30:00,0.1393637265002148,1608.4084244438686,829.545730569211,482.5225273331583,2787.8209676322904,4009.030621357379,411.84286183207695,04/15  05:45:00,689.6510117204608,04/15  14:45:00,2915.857918034669,0.0,25.96020181065044,04/15  00:15:00,21.189532969146747,36.88005867038114,0.0,0.0,Zone People Occupant Count|Zone People Sensible Heating Energy|Zone People Latent Gain Energy|Zone People Radiant Heating Energy|Zone Ideal Loads Supply Air Total Heating Energy|Zone Ideal Loads Supply Air Total Cooling Energy|Zone Ideal Loads Supply Air Total Heating Rate|Zone Ideal Loads Supply Air Total Cooling Rate|Zone Ideal Loads Outdoor Air Total Heating Energy|Zone Ideal Loads Outdoor Air Total Cooling Energy|Zone Ideal Loads Outdoor Air Mass Flow Rate|Zone Air Temperature|Zone Air Relative Humidity|Zone Heating Setpoint Not Met Time|Zone Cooling Setpoint Not Met Time,
seasonal,public_evening,shoulder,category,dining,,,22,4713.506777109117,1885.4027108436467,11698.923820784827,1601.730295002767,04/15  23:30:00,0.3398171193433901,933.9392145949881,469.93164389919195,280.181764378496,1546.121963610454,1698.9919918321266,226.1437926875363,04/15  05:45:00,291.5531778982992,04/15  14:45:00,1713.1659119054514,0.0,16.014546323505318,04/15  08:15:00,21.10949094050241,36.90432575662505,0.0,0.0,Zone People Occupant Count|Zone People Sensible Heating Energy|Zone People Latent Gain Energy|Zone People Radiant Heating Energy|Zone Ideal Loads Supply Air Total Heating Energy|Zone Ideal Loads Supply Air Total Cooling Energy|Zone Ideal Loads Supply Air Total Heating Rate|Zone Ideal Loads Supply Air Total Cooling Rate|Zone Ideal Loads Outdoor Air Total Heating Energy|Zone Ideal Loads Outdoor Air Total Cooling Energy|Zone Ideal Loads Outdoor Air Mass Flow Rate|Zone Air Temperature|Zone Air Relative Humidity|Zone Heating Setpoint Not Met Time|Zone Cooling Setpoint Not Met Time,
seasonal,public_evening,shoulder,category,office,,,69,20239.356559767635,3316.4684849583873,28621.12302519089,2818.9982122146303,04/15  09:15:00,0.13928299567676547,2226.240476061061,1549.9246934910373,667.8721428183184,3721.42552060507,1390.6426405219029,546.9676532870783,04/15  06:00:00,217.35780202830622,04/15  14:45:00,3739.072703855319,0.0,37.40667763294239,04/15  00:15:00,21.52085285504669,36.97530965293381,0.0,0.0,Zone People Occupant Count|Zone People Sensible Heating Energy|Zone People Latent Gain Energy|Zone People Radiant Heating Energy|Zone Ideal Loads Supply Air Total Heating Energy|Zone Ideal Loads Supply Air Total Cooling Energy|Zone Ideal Loads Supply Air Total Heating Rate|Zone Ideal Loads Supply Air Total Cooling Rate|Zone Ideal Loads Outdoor Air Total Heating Energy|Zone Ideal Loads Outdoor Air Total Cooling Energy|Zone Ideal Loads Outdoor Air Mass Flow Rate|Zone Air Temperature|Zone Air Relative Humidity|Zone Heating Setpoint Not Met Time|Zone Cooling Setpoint Not Met Time,
seasonal,public_evening,shoulder,category,restroom,,,27,7190.122546267738,773.9383497319058,1606.8353229463864,117.94305742997388,04/15  23:30:00,0.016403483622291805,139.6032164659891,72.49904616293404,41.88096493979681,5476.242349879582,0.0,587.2513030516873,04/15  06:00:00,0.0,04/15  00:15:00,5478.042897048333,0.0,42.07235806176744,04/15  00:15:00,20.383694946829525,35.7641640415019,0.0,0.0,Zone People Occupant Count|Zone People Sensible Heating Energy|Zone People Latent Gain Energy|Zone People Radiant Heating Energy|Zone Ideal Loads Supply Air Total Heating Energy|Zone Ideal Loads Supply Air Total Cooling Energy|Zone Ideal Loads Supply Air Total Heating Rate|Zone Ideal Loads Supply Air Total Cooling Rate|Zone Ideal Loads Outdoor Air Total Heating Energy|Zone Ideal Loads Outdoor Air Total Cooling Energy|Zone Ideal Loads Outdoor Air Mass Flow Rate|Zone Air Temperature|Zone Air Relative Humidity|Zone Heating Setpoint Not Met Time|Zone Cooling Setpoint Not Met Time,
seasonal,public_evening,shoulder,category,terminal_hall,,,126,150117.49023392878,8079.256084296528,58615.002891571305,4932.758721787308,04/15  21:30:00,0.032859320483579674,4426.826890578304,2606.9734564102455,1328.0480671734922,11725.343431985573,3510.3814143032864,2036.5894093512743,04/15  05:00:00,1081.8246735016812,04/15  15:00:00,8191.911718952395,0.0,91.49990084507995,04/15  00:15:00,21.86492512706129,34.80518125956686,0.0,0.0,Zone People Occupant Count|Zone People Sensible Heating Energy|Zone People Latent Gain Energy|Zone People Radiant Heating Energy|Zone Ideal Loads Supply Air Total Heating Energy|Zone Ideal Loads Supply Air Total Cooling Energy|Zone Ideal Loads Supply Air Total Heating Rate|Zone Ideal Loads Supply Air Total Cooling Rate|Zone Ideal Loads Outdoor Air Total Heating Energy|Zone Ideal Loads Outdoor Air Total Cooling Energy|Zone Ideal Loads Outdoor Air Mass Flow Rate|Zone Air Temperature|Zone Air Relative Humidity|Zone Heating Setpoint Not Met Time|Zone Cooling Setpoint Not Met Time,
seasonal,public_midday,shoulder,category,breakroom,,,9,1516.6932212803674,408.1387490873193,1381.549665660576,293.8598993428697,04/15  12:45:00,0.1937503875007749,110.37014379041787,55.415816088851116,33.11104313712536,515.9845538661087,0.0,65.71252663347288,04/15  06:00:00,0.0,04/15  00:15:00,563.7507446980812,0.0,4.62228882002028,04/15  00:15:00,20.911747036602446,35.60605889200829,0.0,0.0,Zone People Occupant Count|Zone People Sensible Heating Energy|Zone People Latent Gain Energy|Zone People Radiant Heating Energy|Zone Ideal Loads Supply Air Total Heating Energy|Zone Ideal Loads Supply Air Total Cooling Energy|Zone Ideal Loads Supply Air Total Heating Rate|Zone Ideal Loads Supply Air Total Cooling Rate|Zone Ideal Loads Outdoor Air Total Heating Energy|Zone Ideal Loads Outdoor Air Total Cooling Energy|Zone Ideal Loads Outdoor Air Mass Flow Rate|Zone Air Temperature|Zone Air Relative Humidity|Zone Heating Setpoint Not Met Time|Zone Cooling Setpoint Not Met Time,
seasonal,public_midday,shoulder,category,commerce_retail,,,51,13348.413025695763,2669.6826051391527,20316.284625108958,1860.2845821249691,04/15  19:30:00,0.1393637265002148,1559.4022487457714,878.5519062673035,467.82067462373135,3058.8701221438364,4047.5528372925296,413.86318278496753,04/15  05:45:00,692.349813351259,04/15  14:45:00,2917.76902681037,0.0,25.96020181065044,04/15  00:15:00,21.33002008694002,36.59184925860113,0.0,0.0,Zone People Occupant Count|Zone People Sensible Heating Energy|Zone People Latent Gain Energy|Zone People Radiant Heating Energy|Zone Ideal Loads Supply Air Total Heating Energy|Zone Ideal Loads Supply Air Total Cooling Energy|Zone Ideal Loads Supply Air Total Heating Rate|Zone Ideal Loads Supply Air Total Cooling Rate|Zone Ideal Loads Outdoor Air Total Heating Energy|Zone Ideal Loads Outdoor Air Total Cooling Energy|Zone Ideal Loads Outdoor Air Mass Flow Rate|Zone Air Temperature|Zone Air Relative Humidity|Zone Heating Setpoint Not Met Time|Zone Cooling Setpoint Not Met Time,
seasonal,public_midday,shoulder,category,dining,,,22,4713.506777109117,1885.4027108436467,11698.923820784827,1601.730295002767,04/15  19:30:00,0.3398171193433901,898.3314012418386,505.5394572523391,269.49942037255204,1694.1384960574808,1683.5276988006701,227.01502618617826,04/15  05:45:00,294.11745498061464,04/15  14:45:00,1881.3315043834734,0.0,16.014546323505318,04/15  06:45:00,21.323029963814246,36.567679605623354,0.0,0.0,Zone People Occupant Count|Zone People Sensible Heating Energy|Zone People Latent Gain Energy|Zone People Radiant Heating Energy|Zone Ideal Loads Supply Air Total Heating Energy|Zone Ideal Loads Supply Air Total Cooling Energy|Zone Ideal Loads Supply Air Total Heating Rate|Zone Ideal Loads Supply Air Total Cooling Rate|Zone Ideal Loads Outdoor Air Total Heating Energy|Zone Ideal Loads Outdoor Air Total Cooling Energy|Zone Ideal Loads Outdoor Air Mass Flow Rate|Zone Air Temperature|Zone Air Relative Humidity|Zone Heating Setpoint Not Met Time|Zone Cooling Setpoint Not Met Time,
seasonal,public_midday,shoulder,category,office,,,69,20239.356559767635,3316.4684849583873,28621.12302519089,2818.9982122146303,04/15  09:15:00,0.13928299567676547,2224.3900068475414,1551.775162704563,667.3170020542595,3728.8314802628074,1395.9831350285906,547.3156744040807,04/15  06:00:00,217.90859345370737,04/15  15:00:00,3737.790713726805,0.0,37.40667763294239,04/15  00:15:00,21.52596031906888,36.79335637259249,0.0,0.0,Zone People Occupant Count|Zone People Sensible Heating Energy|Zone People Latent Gain Energy|Zone People Radiant Heating Energy|Zone Ideal Loads Supply Air Total Heating Energy|Zone Ideal Loads Supply Air Total Cooling Energy|Zone Ideal Loads Supply Air Total Heating Rate|Zone Ideal Loads Supply Air Total Cooling Rate|Zone Ideal Loads Outdoor Air Total Heating Energy|Zone Ideal Loads Outdoor Air Total Cooling Energy|Zone Ideal Loads Outdoor Air Mass Flow Rate|Zone Air Temperature|Zone Air Relative Humidity|Zone Heating Setpoint Not Met Time|Zone Cooling Setpoint Not Met Time,
seasonal,public_midday,shoulder,category,restroom,,,27,7190.122546267738,773.9383497319058,1606.8353229463867,117.94305742997388,04/15  19:30:00,0.016403483622291805,139.01273590466045,73.08952672426271,41.70382077139801,5481.538366884296,0.0,587.0321021599318,04/15  06:00:00,0.0,04/15  00:15:00,5476.041525038177,0.0,42.07235806176744,04/15  00:15:00,20.388755558560234,35.70444158330834,0.0,0.0,Zone People Occupant Count|Zone People Sensible Heating Energy|Zone People Latent Gain Energy|Zone People Radiant Heating Energy|Zone Ideal Loads Supply Air Total Heating Energy|Zone Ideal Loads Supply Air Total Cooling Energy|Zone Ideal Loads Supply Air Total Heating Rate|Zone Ideal Loads Supply Air Total Cooling Rate|Zone Ideal Loads Outdoor Air Total Heating Energy|Zone Ideal Loads Outdoor Air Total Cooling Energy|Zone Ideal Loads Outdoor Air Mass Flow Rate|Zone Air Temperature|Zone Air Relative Humidity|Zone Heating Setpoint Not Met Time|Zone Cooling Setpoint Not Met Time,
seasonal,public_midday,shoulder,category,terminal_hall,,,126,150117.49023392878,8079.256084296528,58615.00289157131,4932.758721787308,04/15  17:30:00,0.032859320483579674,4352.4017673874305,2681.398579601121,1305.7205302162304,12470.397383238374,3782.6762361228375,2038.1986598545739,04/15  05:00:00,1078.2928152737286,04/15  15:00:00,8551.812437284554,0.0,91.49990084507995,04/15  00:15:00,21.882205253170063,34.522980653807615,0.0,0.0,Zone People Occupant Count|Zone People Sensible Heating Energy|Zone People Latent Gain Energy|Zone People Radiant Heating Energy|Zone Ideal Loads Supply Air Total Heating Energy|Zone Ideal Loads Supply Air Total Cooling Energy|Zone Ideal Loads Supply Air Total Heating Rate|Zone Ideal Loads Supply Air Total Cooling Rate|Zone Ideal Loads Outdoor Air Total Heating Energy|Zone Ideal Loads Outdoor Air Total Cooling Energy|Zone Ideal Loads Outdoor Air Mass Flow Rate|Zone Air Temperature|Zone Air Relative Humidity|Zone Heating Setpoint Not Met Time|Zone Cooling Setpoint Not Met Time,
seasonal,public_morning,shoulder,category,breakroom,,,9,1516.6932212803674,408.1387490873193,1381.549665660576,293.8598993428697,04/15  12:45:00,0.1937503875007749,110.34739925650565,55.43856062276335,33.10421977695167,516.6954777536897,0.0,65.66091123378943,04/15  06:00:00,0.0,04/15  00:15:00,563.9514506208312,0.0,4.62228882002028,04/15  00:15:00,20.912577702322228,35.57885196027097,0.0,0.0,Zone People Occupant Count|Zone People Sensible Heating Energy|Zone People Latent Gain Energy|Zone People Radiant Heating Energy|Zone Ideal Loads Supply Air Total Heating Energy|Zone Ideal Loads Supply Air Total Cooling Energy|Zone Ideal Loads Supply Air Total Heating Rate|Zone Ideal Loads Supply Air Total Cooling Rate|Zone Ideal Loads Outdoor Air Total Heating Energy|Zone Ideal Loads Outdoor Air Total Cooling Energy|Zone Ideal Loads Outdoor Air Mass Flow Rate|Zone Air Temperature|Zone Air Relative Humidity|Zone Heating Setpoint Not Met Time|Zone Cooling Setpoint Not Met Time,
seasonal,public_morning,shoulder,category,commerce_retail,,,51,13348.413025695763,2669.6826051391527,20316.284625108976,1860.2845821249691,04/15  15:30:00,0.1393637265002148,1607.1356236312558,830.8185313818254,482.140687089375,2859.3478197261047,4059.793006516679,370.68847967765436,04/15  05:00:00,693.2396155560677,04/15  14:45:00,2921.0655984573978,0.0,25.96020181065044,04/15  00:15:00,21.21128485585119,36.77349940557853,0.0,0.0,Zone People Occupant Count|Zone People Sensible Heating Energy|Zone People Latent Gain Energy|Zone People Radiant Heating Energy|Zone Ideal Loads Supply Air Total Heating Energy|Zone Ideal Loads Supply Air Total Cooling Energy|Zone Ideal Loads Supply Air Total Heating Rate|Zone Ideal Loads Supply Air Total Cooling Rate|Zone Ideal Loads Outdoor Air Total Heating Energy|Zone Ideal Loads Outdoor Air Total Cooling Energy|Zone Ideal Loads Outdoor Air Mass Flow Rate|Zone Air Temperature|Zone Air Relative Humidity|Zone Heating Setpoint Not Met Time|Zone Cooling Setpoint Not Met Time,
seasonal,public_morning,shoulder,category,dining,,,22,4713.506777109117,1885.4027108436467,11698.923820784821,1601.730295002767,04/15  15:30:00,0.3398171193433901,930.2746780791778,473.59618041500215,279.08240342375314,1538.652746994268,1737.9986217700107,207.36095271812144,04/15  06:00:00,295.5358694357443,04/15  14:45:00,1897.6378724430224,0.0,16.014546323505318,04/15  06:45:00,21.04518265608668,37.0569279384674,0.0,0.0,Zone People Occupant Count|Zone People Sensible Heating Energy|Zone People Latent Gain Energy|Zone People Radiant Heating Energy|Zone Ideal Loads Supply Air Total Heating Energy|Zone Ideal Loads Supply Air Total Cooling Energy|Zone Ideal Loads Supply Air Total Heating Rate|Zone Ideal Loads Supply Air Total Cooling Rate|Zone Ideal Loads Outdoor Air Total Heating Energy|Zone Ideal Loads Outdoor Air Total Cooling Energy|Zone Ideal Loads Outdoor Air Mass Flow Rate|Zone Air Temperature|Zone Air Relative Humidity|Zone Heating Setpoint Not Met Time|Zone Cooling Setpoint Not Met Time,
seasonal,public_morning,shoulder,category,office,,,69,20239.356559767635,3316.4684849583873,28621.12302519089,2818.9982122146303,04/15  09:15:00,0.13928299567676547,2224.167324792904,1551.9978447591939,667.2501974378731,3734.998210831613,1396.4928167653873,546.8840959039229,04/15  06:00:00,220.27263228673618,04/15  15:00:00,3735.5398750480344,0.0,37.40667763294239,04/15  00:15:00,21.525506899164228,36.806183043513116,0.0,0.0,Zone People Occupant Count|Zone People Sensible Heating Energy|Zone People Latent Gain Energy|Zone People Radiant Heating Energy|Zone Ideal Loads Supply Air Total Heating Energy|Zone Ideal Loads Supply Air Total Cooling Energy|Zone Ideal Loads Supply Air Total Heating Rate|Zone Ideal Loads Supply Air Total Cooling Rate|Zone Ideal Loads Outdoor Air Total Heating Energy|Zone Ideal Loads Outdoor Air Total Cooling Energy|Zone Ideal Loads Outdoor Air Mass Flow Rate|Zone Air Temperature|Zone Air Relative Humidity|Zone Heating Setpoint Not Met Time|Zone Cooling Setpoint Not Met Time,
seasonal,public_morning,shoulder,category,restroom,,,27,7190.122546267738,773.9383497319058,1606.8353229463867,117.94305742997388,04/15  15:30:00,0.016403483622291805,140.398551851935,71.70371077698775,42.11956555558078,5473.935299946647,0.0,581.9053588682827,04/15  06:00:00,0.0,04/15  00:15:00,5481.188652844419,0.0,42.07235806176744,04/15  00:15:00,20.384339136601774,35.70250006945285,0.0,0.0,Zone People Occupant Count|Zone People Sensible Heating Energy|Zone People Latent Gain Energy|Zone People Radiant Heating Energy|Zone Ideal Loads Supply Air Total Heating Energy|Zone Ideal Loads Supply Air Total Cooling Energy|Zone Ideal Loads Supply Air Total Heating Rate|Zone Ideal Loads Supply Air Total Cooling Rate|Zone Ideal Loads Outdoor Air Total Heating Energy|Zone Ideal Loads Outdoor Air Total Cooling Energy|Zone Ideal Loads Outdoor Air Mass Flow Rate|Zone Air Temperature|Zone Air Relative Humidity|Zone Heating Setpoint Not Met Time|Zone Cooling Setpoint Not Met Time,
seasonal,public_morning,shoulder,category,terminal_hall,,,126,150117.49023392878,8079.256084296528,58615.00289157131,4932.758721787308,04/15  13:30:00,0.032859320483579674,4539.061758562796,2494.7385884257997,1361.7185275688257,11648.968377195648,3687.814114771544,1817.8359370590156,04/15  05:00:00,1108.2906746214023,04/15  15:00:00,8640.914344127212,0.0,91.49990084507995,04/15  00:15:00,21.827855716867433,34.56560828032652,0.0,0.0,Zone People Occupant Count|Zone People Sensible Heating Energy|Zone People Latent Gain Energy|Zone People Radiant Heating Energy|Zone Ideal Loads Supply Air Total Heating Energy|Zone Ideal Loads Supply Air Total Cooling Energy|Zone Ideal Loads Supply Air Total Heating Rate|Zone Ideal Loads Supply Air Total Cooling Rate|Zone Ideal Loads Outdoor Air Total Heating Energy|Zone Ideal Loads Outdoor Air Total Cooling Energy|Zone Ideal Loads Outdoor Air Mass Flow Rate|Zone Air Temperature|Zone Air Relative Humidity|Zone Heating Setpoint Not Met Time|Zone Cooling Setpoint Not Met Time,
seasonal,public_perimeter,shoulder,category,breakroom,,,9,1516.6932212803674,408.1387490873193,1381.549665660576,293.8598993428697,04/15  12:45:00,0.1937503875007749,110.53447991440478,55.2514799648642,33.16034397432142,515.9650824769499,0.0,65.71231321566246,04/15  06:00:00,0.0,04/15  00:15:00,563.6399184811268,0.0,4.62228882002028,04/15  00:15:00,20.899340815704726,35.6438625906373,0.0,0.0,Zone People Occupant Count|Zone People Sensible Heating Energy|Zone People Latent Gain Energy|Zone People Radiant Heating Energy|Zone Ideal Loads Supply Air Total Heating Energy|Zone Ideal Loads Supply Air Total Cooling Energy|Zone Ideal Loads Supply Air Total Heating Rate|Zone Ideal Loads Supply Air Total Cooling Rate|Zone Ideal Loads Outdoor Air Total Heating Energy|Zone Ideal Loads Outdoor Air Total Cooling Energy|Zone Ideal Loads Outdoor Air Mass Flow Rate|Zone Air Temperature|Zone Air Relative Humidity|Zone Heating Setpoint Not Met Time|Zone Cooling Setpoint Not Met Time,
seasonal,public_perimeter,shoulder,category,commerce_retail,,,51,13348.413025695763,2669.6826051391527,20316.28462510712,1860.2845821248775,04/15  19:30:00,0.13936372650020795,1548.3253116135106,889.6288433993421,464.4975934840551,3069.2886713705334,4083.7745346390966,413.8960316097057,04/15  05:45:00,692.8437920343013,04/15  14:45:00,2920.793486825036,0.0,25.96020181065044,04/15  00:15:00,21.29636364181482,36.751135973350756,0.0,0.0,Zone People Occupant Count|Zone People Sensible Heating Energy|Zone People Latent Gain Energy|Zone People Radiant Heating Energy|Zone Ideal Loads Supply Air Total Heating Energy|Zone Ideal Loads Supply Air Total Cooling Energy|Zone Ideal Loads Supply Air Total Heating Rate|Zone Ideal Loads Supply Air Total Cooling Rate|Zone Ideal Loads Outdoor Air Total Heating Energy|Zone Ideal Loads Outdoor Air Total Cooling Energy|Zone Ideal Loads Outdoor Air Mass Flow Rate|Zone Air Temperature|Zone Air Relative Humidity|Zone Heating Setpoint Not Met Time|Zone Cooling Setpoint Not Met Time,
seasonal,public_perimeter,shoulder,category,dining,,,22,4713.506777109117,1885.4027108436467,11698.92382078726,1601.7302950026774,04/15  19:30:00,0.3398171193433711,892.5329482556081,511.33791023886283,267.75988447668215,1702.7861585879705,1705.5734060699647,227.03846650623734,04/15  05:45:00,294.2558934377163,04/15  14:45:00,1883.8335401650563,0.0,16.014546323505318,04/15  06:45:00,21.271486858761385,36.6635286510956,0.0,0.0,Zone People Occupant Count|Zone People Sensible Heating Energy|Zone People Latent Gain Energy|Zone People Radiant Heating Energy|Zone Ideal Loads Supply Air Total Heating Energy|Zone Ideal Loads Supply Air Total Cooling Energy|Zone Ideal Loads Supply Air Total Heating Rate|Zone Ideal Loads Supply Air Total Cooling Rate|Zone Ideal Loads Outdoor Air Total Heating Energy|Zone Ideal Loads Outdoor Air Total Cooling Energy|Zone Ideal Loads Outdoor Air Mass Flow Rate|Zone Air Temperature|Zone Air Relative Humidity|Zone Heating Setpoint Not Met Time|Zone Cooling Setpoint Not Met Time,
seasonal,public_perimeter,shoulder,category,office,,,69,20239.356559767635,3316.4684849583873,28621.12302519089,2818.9982122146303,04/15  09:15:00,0.13928299567676547,2225.2071463086163,1550.9580232434776,667.5621438925847,3728.6871681124594,1394.5521367474264,547.3144384302756,04/15  06:00:00,217.41735477940432,04/15  14:45:00,3737.7430553667023,0.0,37.40667763294239,04/15  00:15:00,21.522326683392777,36.88606501507371,0.0,0.0,Zone People Occupant Count|Zone People Sensible Heating Energy|Zone People Latent Gain Energy|Zone People Radiant Heating Energy|Zone Ideal Loads Supply Air Total Heating Energy|Zone Ideal Loads Supply Air Total Cooling Energy|Zone Ideal Loads Supply Air Total Heating Rate|Zone Ideal Loads Supply Air Total Cooling Rate|Zone Ideal Loads Outdoor Air Total Heating Energy|Zone Ideal Loads Outdoor Air Total Cooling Energy|Zone Ideal Loads Outdoor Air Mass Flow Rate|Zone Air Temperature|Zone Air Relative Humidity|Zone Heating Setpoint Not Met Time|Zone Cooling Setpoint Not Met Time,
seasonal,public_perimeter,shoulder,category,restroom,,,27,7190.122546267738,773.9383497319058,1606.835322944167,117.94305742978057,04/15  19:30:00,0.01640348362226492,138.94141055448497,73.16085207414525,41.682423166345444,5482.094199515969,0.0,587.0296484634351,04/15  06:00:00,0.0,04/15  00:15:00,5476.60780507325,0.0,42.07235806176744,04/15  00:15:00,20.388800945375234,35.74933691358649,0.0,0.0,Zone People Occupant Count|Zone People Sensible Heating Energy|Zone People Latent Gain Energy|Zone People Radiant Heating Energy|Zone Ideal Loads Supply Air Total Heating Energy|Zone Ideal Loads Supply Air Total Cooling Energy|Zone Ideal Loads Supply Air Total Heating Rate|Zone Ideal Loads Supply Air Total Cooling Rate|Zone Ideal Loads Outdoor Air Total Heating Energy|Zone Ideal Loads Outdoor Air Total Cooling Energy|Zone Ideal Loads Outdoor Air Mass Flow Rate|Zone Air Temperature|Zone Air Relative Humidity|Zone Heating Setpoint Not Met Time|Zone Cooling Setpoint Not Met Time,
seasonal,public_perimeter,shoulder,category,terminal_hall,,,126,150117.49023392878,8079.256084296528,58615.00289156745,4932.7587217896635,04/15  17:30:00,0.03285932048359537,4353.028716678168,2680.771630309945,1305.908615003439,12471.362279569481,3745.600008942889,2038.2727909430878,04/15  05:00:00,1076.8002631906186,04/15  15:00:00,8561.113052541526,0.0,91.49990084507995,04/15  00:15:00,21.876060668818116,34.54936090967291,0.0,0.0,Zone People Occupant Count|Zone People Sensible Heating Energy|Zone People Latent Gain Energy|Zone People Radiant Heating Energy|Zone Ideal Loads Supply Air Total Heating Energy|Zone Ideal Loads Supply Air Total Cooling Energy|Zone Ideal Loads Supply Air Total Heating Rate|Zone Ideal Loads Supply Air Total Cooling Rate|Zone Ideal Loads Outdoor Air Total Heating Energy|Zone Ideal Loads Outdoor Air Total Cooling Energy|Zone Ideal Loads Outdoor Air Mass Flow Rate|Zone Air Temperature|Zone Air Relative Humidity|Zone Heating Setpoint Not Met Time|Zone Cooling Setpoint Not Met Time,
seasonal,public_volume_0_50,shoulder,category,breakroom,,,9,1516.6932212803674,408.1387490873193,1381.549665660576,293.8598993428697,04/15  12:45:00,0.1937503875007749,110.42540221898004,55.36055766028881,33.127620665694046,516.7741529176369,0.0,65.7283469442753,04/15  06:00:00,0.0,04/15  00:15:00,563.9594292239046,0.0,4.62228882002028,04/15  00:15:00,20.906744387491425,35.61535476736272,0.0,0.0,Zone People Occupant Count|Zone People Sensible Heating Energy|Zone People Latent Gain Energy|Zone People Radiant Heating Energy|Zone Ideal Loads Supply Air Total Heating Energy|Zone Ideal Loads Supply Air Total Cooling Energy|Zone Ideal Loads Supply Air Total Heating Rate|Zone Ideal Loads Supply Air Total Cooling Rate|Zone Ideal Loads Outdoor Air Total Heating Energy|Zone Ideal Loads Outdoor Air Total Cooling Energy|Zone Ideal Loads Outdoor Air Mass Flow Rate|Zone Air Temperature|Zone Air Relative Humidity|Zone Heating Setpoint Not Met Time|Zone Cooling Setpoint Not Met Time,
seasonal,public_volume_0_50,shoulder,category,commerce_retail,,,51,13348.413025695763,2669.6826051391527,20316.284625108958,1860.2845821249691,04/15  19:30:00,0.1393637265002148,1560.1373462087654,877.8168088043087,468.04120386263054,3063.2250632664645,4044.1610202056177,413.98061286551905,04/15  05:45:00,692.1348602767058,04/15  14:45:00,2917.9354216792794,0.0,25.96020181065044,04/15  00:15:00,21.325034430293954,36.6005969524707,0.0,0.0,Zone People Occupant Count|Zone People Sensible Heating Energy|Zone People Latent Gain Energy|Zone People Radiant Heating Energy|Zone Ideal Loads Supply Air Total Heating Energy|Zone Ideal Loads Supply Air Total Cooling Energy|Zone Ideal Loads Supply Air Total Heating Rate|Zone Ideal Loads Supply Air Total Cooling Rate|Zone Ideal Loads Outdoor Air Total Heating Energy|Zone Ideal Loads Outdoor Air Total Cooling Energy|Zone Ideal Loads Outdoor Air Mass Flow Rate|Zone Air Temperature|Zone Air Relative Humidity|Zone Heating Setpoint Not Met Time|Zone Cooling Setpoint Not Met Time,
seasonal,public_volume_0_50,shoulder,category,dining,,,22,4713.506777109117,1885.4027108436467,11698.923820784827,1601.730295002767,04/15  19:30:00,0.3398171193433901,898.6032243373908,505.2676341567894,269.5809673012164,1695.6220074761309,1682.410046610653,227.04841797462427,04/15  05:45:00,294.03377428917315,04/15  14:45:00,1881.536953709759,0.0,16.014546323505318,04/15  08:15:00,21.31991083386944,36.5730883403889,0.0,0.0,Zone People Occupant Count|Zone People Sensible Heating Energy|Zone People Latent Gain Energy|Zone People Radiant Heating Energy|Zone Ideal Loads Supply Air Total Heating Energy|Zone Ideal Loads Supply Air Total Cooling Energy|Zone Ideal Loads Supply Air Total Heating Rate|Zone Ideal Loads Supply Air Total Cooling Rate|Zone Ideal Loads Outdoor Air Total Heating Energy|Zone Ideal Loads Outdoor Air Total Cooling Energy|Zone Ideal Loads Outdoor Air Mass Flow Rate|Zone Air Temperature|Zone Air Relative Humidity|Zone Heating Setpoint Not Met Time|Zone Cooling Setpoint Not Met Time,
seasonal,public_volume_0_50,shoulder,category,office,,,69,20239.356559767635,3316.4684849583873,28621.12302519089,2818.9982122146303,04/15  09:15:00,0.13928299567676547,2225.042263092813,1551.122906459282,667.5126789278422,3732.9980693752013,1391.345360307496,547.451420806437,04/15  06:00:00,217.27460470791988,04/15  14:45:00,3739.769115717699,0.0,37.40667763294239,04/15  00:15:00,21.522670762329557,36.79772627918637,0.0,0.0,Zone People Occupant Count|Zone People Sensible Heating Energy|Zone People Latent Gain Energy|Zone People Radiant Heating Energy|Zone Ideal Loads Supply Air Total Heating Energy|Zone Ideal Loads Supply Air Total Cooling Energy|Zone Ideal Loads Supply Air Total Heating Rate|Zone Ideal Loads Supply Air Total Cooling Rate|Zone Ideal Loads Outdoor Air Total Heating Energy|Zone Ideal Loads Outdoor Air Total Cooling Energy|Zone Ideal Loads Outdoor Air Mass Flow Rate|Zone Air Temperature|Zone Air Relative Humidity|Zone Heating Setpoint Not Met Time|Zone Cooling Setpoint Not Met Time,
seasonal,public_volume_0_50,shoulder,category,restroom,,,27,7190.122546267738,773.9383497319058,1606.8353229463867,117.94305742997388,04/15  19:30:00,0.016403483622291805,139.0345071310195,73.06775549790355,41.71035213930587,5486.736469478945,0.0,587.0979339706329,04/15  06:00:00,0.0,04/15  00:15:00,5476.292149611456,0.0,42.07235806176744,04/15  00:15:00,20.38678309054122,35.70482726465897,0.0,0.0,Zone People Occupant Count|Zone People Sensible Heating Energy|Zone People Latent Gain Energy|Zone People Radiant Heating Energy|Zone Ideal Loads Supply Air Total Heating Energy|Zone Ideal Loads Supply Air Total Cooling Energy|Zone Ideal Loads Supply Air Total Heating Rate|Zone Ideal Loads Supply Air Total Cooling Rate|Zone Ideal Loads Outdoor Air Total Heating Energy|Zone Ideal Loads Outdoor Air Total Cooling Energy|Zone Ideal Loads Outdoor Air Mass Flow Rate|Zone Air Temperature|Zone Air Relative Humidity|Zone Heating Setpoint Not Met Time|Zone Cooling Setpoint Not Met Time,
seasonal,public_volume_0_50,shoulder,category,terminal_hall,,,126,150117.49023392878,8079.256084296528,29307.501445785656,2466.379360893654,04/15  17:30:00,0.016429660241789837,2188.4771195273293,1328.4230539669381,656.5431358582003,12737.570759415772,3075.9936940211037,2052.3561684120173,04/15  05:00:00,955.0696919023616,04/15  15:00:00,8596.878738455118,0.0,91.49990084507995,04/15  00:15:00,21.81180797467263,33.54100847145498,0.0,0.0,Zone People Occupant Count|Zone People Sensible Heating Energy|Zone People Latent Gain Energy|Zone People Radiant Heating Energy|Zone Ideal Loads Supply Air Total Heating Energy|Zone Ideal Loads Supply Air Total Cooling Energy|Zone Ideal Loads Supply Air Total Heating Rate|Zone Ideal Loads Supply Air Total Cooling Rate|Zone Ideal Loads Outdoor Air Total Heating Energy|Zone Ideal Loads Outdoor Air Total Cooling Energy|Zone Ideal Loads Outdoor Air Mass Flow Rate|Zone Air Temperature|Zone Air Relative Humidity|Zone Heating Setpoint Not Met Time|Zone Cooling Setpoint Not Met Time,
seasonal,public_volume_0_75,shoulder,category,breakroom,,,9,1516.6932212803674,408.1387490873193,1381.549665660576,293.8598993428697,04/15  12:45:00,0.1937503875007749,110.39732226946997,55.388637609799076,33.11919668084099,516.3765661785413,0.0,65.72036748601585,04/15  06:00:00,0.0,04/15  00:15:00,563.9643753177392,0.0,4.62228882002028,04/15  00:15:00,20.909291052293742,35.61059451071962,0.0,0.0,Zone People Occupant Count|Zone People Sensible Heating Energy|Zone People Latent Gain Energy|Zone People Radiant Heating Energy|Zone Ideal Loads Supply Air Total Heating Energy|Zone Ideal Loads Supply Air Total Cooling Energy|Zone Ideal Loads Supply Air Total Heating Rate|Zone Ideal Loads Supply Air Total Cooling Rate|Zone Ideal Loads Outdoor Air Total Heating Energy|Zone Ideal Loads Outdoor Air Total Cooling Energy|Zone Ideal Loads Outdoor Air Mass Flow Rate|Zone Air Temperature|Zone Air Relative Humidity|Zone Heating Setpoint Not Met Time|Zone Cooling Setpoint Not Met Time,
seasonal,public_volume_0_75,shoulder,category,commerce_retail,,,51,13348.413025695763,2669.6826051391527,20316.284625108958,1860.2845821249691,04/15  19:30:00,0.1393637265002148,1559.7630698577077,878.1910851553689,467.9289209573119,3061.0313229768626,4045.880666269778,413.9211267459744,04/15  05:45:00,692.2465408212265,04/15  14:45:00,2917.839678201927,0.0,25.96020181065044,04/15  00:15:00,21.32756891083362,36.59615463970751,0.0,0.0,Zone People Occupant Count|Zone People Sensible Heating Energy|Zone People Latent Gain Energy|Zone People Radiant Heating Energy|Zone Ideal Loads Supply Air Total Heating Energy|Zone Ideal Loads Supply Air Total Cooling Energy|Zone Ideal Loads Supply Air Total Heating Rate|Zone Ideal Loads Supply Air Total Cooling Rate|Zone Ideal Loads Outdoor Air Total Heating Energy|Zone Ideal Loads Outdoor Air Total Cooling Energy|Zone Ideal Loads Outdoor Air Mass Flow Rate|Zone Air Temperature|Zone Air Relative Humidity|Zone Heating Setpoint Not Met Time|Zone Cooling Setpoint Not Met Time,
seasonal,public_volume_0_75,shoulder,category,dining,,,22,4713.506777109117,1885.4027108436467,11698.923820784827,1601.730295002767,04/15  19:30:00,0.3398171193433901,898.4655761435699,505.40528235060975,269.539672843071,1694.8761218187544,1682.9821325941832,227.0314754929223,04/15  05:45:00,294.07740961776705,04/15  14:45:00,1881.3709979303273,0.0,16.014546323505318,04/15  06:45:00,21.321492798752615,36.57027261379629,0.0,0.0,Zone People Occupant Count|Zone People Sensible Heating Energy|Zone People Latent Gain Energy|Zone People Radiant Heating Energy|Zone Ideal Loads Supply Air Total Heating Energy|Zone Ideal Loads Supply Air Total Cooling Energy|Zone Ideal Loads Supply Air Total Heating Rate|Zone Ideal Loads Supply Air Total Cooling Rate|Zone Ideal Loads Outdoor Air Total Heating Energy|Zone Ideal Loads Outdoor Air Total Cooling Energy|Zone Ideal Loads Outdoor Air Mass Flow Rate|Zone Air Temperature|Zone Air Relative Humidity|Zone Heating Setpoint Not Met Time|Zone Cooling Setpoint Not Met Time,
seasonal,public_volume_0_75,shoulder,category,office,,,69,20239.356559767635,3316.4684849583873,28621.12302519089,2818.9982122146303,04/15  09:15:00,0.13928299567676547,2224.7128137052487,1551.4523558468507,667.4138441115757,3730.8922230992944,1393.7210538976467,547.3827458146726,04/15  06:00:00,217.4240871986871,04/15  14:45:00,3738.0903383059335,0.0,37.40667763294239,04/15  00:15:00,21.524332407036628,36.79551132813651,0.0,0.0,Zone People Occupant Count|Zone People Sensible Heating Energy|Zone People Latent Gain Energy|Zone People Radiant Heating Energy|Zone Ideal Loads Supply Air Total Heating Energy|Zone Ideal Loads Supply Air Total Cooling Energy|Zone Ideal Loads Supply Air Total Heating Rate|Zone Ideal Loads Supply Air Total Cooling Rate|Zone Ideal Loads Outdoor Air Total Heating Energy|Zone Ideal Loads Outdoor Air Total Cooling Energy|Zone Ideal Loads Outdoor Air Mass Flow Rate|Zone Air Temperature|Zone Air Relative Humidity|Zone Heating Setpoint Not Met Time|Zone Cooling Setpoint Not Met Time,
seasonal,public_volume_0_75,shoulder,category,restroom,,,27,7190.122546267738,773.9383497319058,1606.8353229463867,117.94305742997388,04/15  19:30:00,0.016403483622291805,139.02334035403038,73.07892227489252,41.707002106209146,5484.113605729041,0.0,587.0647323630441,04/15  06:00:00,0.0,04/15  00:15:00,5476.017969656406,0.0,42.07235806176744,04/15  00:15:00,20.38779500234789,35.70455327167937,0.0,0.0,Zone People Occupant Count|Zone People Sensible Heating Energy|Zone People Latent Gain Energy|Zone People Radiant Heating Energy|Zone Ideal Loads Supply Air Total Heating Energy|Zone Ideal Loads Supply Air Total Cooling Energy|Zone Ideal Loads Supply Air Total Heating Rate|Zone Ideal Loads Supply Air Total Cooling Rate|Zone Ideal Loads Outdoor Air Total Heating Energy|Zone Ideal Loads Outdoor Air Total Cooling Energy|Zone Ideal Loads Outdoor Air Mass Flow Rate|Zone Air Temperature|Zone Air Relative Humidity|Zone Heating Setpoint Not Met Time|Zone Cooling Setpoint Not Met Time,
seasonal,public_volume_0_75,shoulder,category,terminal_hall,,,126,150117.49023392878,8079.256084296528,43961.25216867848,3699.569041340481,04/15  17:30:00,0.024644490362684755,3273.332398666872,2002.017861574538,981.999719600064,12603.166215553025,3422.812315029108,2045.2654131941968,04/15  05:00:00,1017.5449420560656,04/15  15:00:00,8580.762812066147,0.0,91.49990084507995,04/15  00:15:00,21.84764774135693,34.02982466420586,0.0,0.0,Zone People Occupant Count|Zone People Sensible Heating Energy|Zone People Latent Gain Energy|Zone People Radiant Heating Energy|Zone Ideal Loads Supply Air Total Heating Energy|Zone Ideal Loads Supply Air Total Cooling Energy|Zone Ideal Loads Supply Air Total Heating Rate|Zone Ideal Loads Supply Air Total Cooling Rate|Zone Ideal Loads Outdoor Air Total Heating Energy|Zone Ideal Loads Outdoor Air Total Cooling Energy|Zone Ideal Loads Outdoor Air Mass Flow Rate|Zone Air Temperature|Zone Air Relative Humidity|Zone Heating Setpoint Not Met Time|Zone Cooling Setpoint Not Met Time,
seasonal,public_volume_1_00,shoulder,category,breakroom,,,9,1516.6932212803674,408.1387490873193,1381.549665660576,293.8598993428697,04/15  12:45:00,0.1937503875007749,110.37014379041787,55.415816088851116,33.11104313712536,515.9845538661087,0.0,65.71252663347288,04/15  06:00:00,0.0,04/15  00:15:00,563.7507446980812,0.0,4.62228882002028,04/15  00:15:00,20.911747036602446,35.60605889200829,0.0,0.0,Zone People Occupant Count|Zone People Sensible Heating Energy|Zone People Latent Gain Energy|Zone People Radiant Heating Energy|Zone Ideal Loads Supply Air Total Heating Energy|Zone Ideal Loads Supply Air Total Cooling Energy|Zone Ideal Loads Supply Air Total Heating Rate|Zone Ideal Loads Supply Air Total Cooling Rate|Zone Ideal Loads Outdoor Air Total Heating Energy|Zone Ideal Loads Outdoor Air Total Cooling Energy|Zone Ideal Loads Outdoor Air Mass Flow Rate|Zone Air Temperature|Zone Air Relative Humidity|Zone Heating Setpoint Not Met Time|Zone Cooling Setpoint Not Met Time,
seasonal,public_volume_1_00,shoulder,category,commerce_retail,,,51,13348.413025695763,2669.6826051391527,20316.284625108958,1860.2845821249691,04/15  19:30:00,0.1393637265002148,1559.4022487457714,878.5519062673035,467.82067462373135,3058.8701221438364,4047.5528372925296,413.86318278496753,04/15  05:45:00,692.349813351259,04/15  14:45:00,2917.76902681037,0.0,25.96020181065044,04/15  00:15:00,21.33002008694002,36.59184925860113,0.0,0.0,Zone People Occupant Count|Zone People Sensible Heating Energy|Zone People Latent Gain Energy|Zone People Radiant Heating Energy|Zone Ideal Loads Supply Air Total Heating Energy|Zone Ideal Loads Supply Air Total Cooling Energy|Zone Ideal Loads Supply Air Total Heating Rate|Zone Ideal Loads Supply Air Total Cooling Rate|Zone Ideal Loads Outdoor Air Total Heating Energy|Zone Ideal Loads Outdoor Air Total Cooling Energy|Zone Ideal Loads Outdoor Air Mass Flow Rate|Zone Air Temperature|Zone Air Relative Humidity|Zone Heating Setpoint Not Met Time|Zone Cooling Setpoint Not Met Time,
seasonal,public_volume_1_00,shoulder,category,dining,,,22,4713.506777109117,1885.4027108436467,11698.923820784827,1601.730295002767,04/15  19:30:00,0.3398171193433901,898.3314012418386,505.5394572523391,269.49942037255204,1694.1384960574808,1683.5276988006701,227.01502618617826,04/15  05:45:00,294.11745498061464,04/15  14:45:00,1881.3315043834734,0.0,16.014546323505318,04/15  06:45:00,21.323029963814246,36.567679605623354,0.0,0.0,Zone People Occupant Count|Zone People Sensible Heating Energy|Zone People Latent Gain Energy|Zone People Radiant Heating Energy|Zone Ideal Loads Supply Air Total Heating Energy|Zone Ideal Loads Supply Air Total Cooling Energy|Zone Ideal Loads Supply Air Total Heating Rate|Zone Ideal Loads Supply Air Total Cooling Rate|Zone Ideal Loads Outdoor Air Total Heating Energy|Zone Ideal Loads Outdoor Air Total Cooling Energy|Zone Ideal Loads Outdoor Air Mass Flow Rate|Zone Air Temperature|Zone Air Relative Humidity|Zone Heating Setpoint Not Met Time|Zone Cooling Setpoint Not Met Time,
seasonal,public_volume_1_00,shoulder,category,office,,,69,20239.356559767635,3316.4684849583873,28621.12302519089,2818.9982122146303,04/15  09:15:00,0.13928299567676547,2224.3900068475414,1551.775162704563,667.3170020542595,3728.8314802628074,1395.9831350285906,547.3156744040807,04/15  06:00:00,217.90859345370737,04/15  15:00:00,3737.790713726805,0.0,37.40667763294239,04/15  00:15:00,21.52596031906888,36.79335637259249,0.0,0.0,Zone People Occupant Count|Zone People Sensible Heating Energy|Zone People Latent Gain Energy|Zone People Radiant Heating Energy|Zone Ideal Loads Supply Air Total Heating Energy|Zone Ideal Loads Supply Air Total Cooling Energy|Zone Ideal Loads Supply Air Total Heating Rate|Zone Ideal Loads Supply Air Total Cooling Rate|Zone Ideal Loads Outdoor Air Total Heating Energy|Zone Ideal Loads Outdoor Air Total Cooling Energy|Zone Ideal Loads Outdoor Air Mass Flow Rate|Zone Air Temperature|Zone Air Relative Humidity|Zone Heating Setpoint Not Met Time|Zone Cooling Setpoint Not Met Time,
seasonal,public_volume_1_00,shoulder,category,restroom,,,27,7190.122546267738,773.9383497319058,1606.8353229463867,117.94305742997388,04/15  19:30:00,0.016403483622291805,139.01273590466045,73.08952672426271,41.70382077139801,5481.538366884296,0.0,587.0321021599318,04/15  06:00:00,0.0,04/15  00:15:00,5476.041525038177,0.0,42.07235806176744,04/15  00:15:00,20.388755558560234,35.70444158330834,0.0,0.0,Zone People Occupant Count|Zone People Sensible Heating Energy|Zone People Latent Gain Energy|Zone People Radiant Heating Energy|Zone Ideal Loads Supply Air Total Heating Energy|Zone Ideal Loads Supply Air Total Cooling Energy|Zone Ideal Loads Supply Air Total Heating Rate|Zone Ideal Loads Supply Air Total Cooling Rate|Zone Ideal Loads Outdoor Air Total Heating Energy|Zone Ideal Loads Outdoor Air Total Cooling Energy|Zone Ideal Loads Outdoor Air Mass Flow Rate|Zone Air Temperature|Zone Air Relative Humidity|Zone Heating Setpoint Not Met Time|Zone Cooling Setpoint Not Met Time,
seasonal,public_volume_1_00,shoulder,category,terminal_hall,,,126,150117.49023392878,8079.256084296528,58615.00289157131,4932.758721787308,04/15  17:30:00,0.032859320483579674,4352.4017673874305,2681.398579601121,1305.7205302162304,12470.397383238374,3782.6762361228375,2038.1986598545739,04/15  05:00:00,1078.2928152737286,04/15  15:00:00,8551.812437284554,0.0,91.49990084507995,04/15  00:15:00,21.882205253170063,34.522980653807615,0.0,0.0,Zone People Occupant Count|Zone People Sensible Heating Energy|Zone People Latent Gain Energy|Zone People Radiant Heating Energy|Zone Ideal Loads Supply Air Total Heating Energy|Zone Ideal Loads Supply Air Total Cooling Energy|Zone Ideal Loads Supply Air Total Heating Rate|Zone Ideal Loads Supply Air Total Cooling Rate|Zone Ideal Loads Outdoor Air Total Heating Energy|Zone Ideal Loads Outdoor Air Total Cooling Energy|Zone Ideal Loads Outdoor Air Mass Flow Rate|Zone Air Temperature|Zone Air Relative Humidity|Zone Heating Setpoint Not Met Time|Zone Cooling Setpoint Not Met Time,
seasonal,public_volume_1_25,shoulder,category,breakroom,,,9,1516.6932212803674,408.1387490873193,1381.549665660576,293.8598993428697,04/15  12:45:00,0.1937503875007749,110.34378150473378,55.442178374535224,33.103134451420146,515.5993026850125,0.0,65.70472863609507,04/15  06:00:00,0.0,04/15  00:15:00,563.6620631514598,0.0,4.62228882002028,04/15  00:15:00,20.914116875377307,35.60167706600603,0.0,0.0,Zone People Occupant Count|Zone People Sensible Heating Energy|Zone People Latent Gain Energy|Zone People Radiant Heating Energy|Zone Ideal Loads Supply Air Total Heating Energy|Zone Ideal Loads Supply Air Total Cooling Energy|Zone Ideal Loads Supply Air Total Heating Rate|Zone Ideal Loads Supply Air Total Cooling Rate|Zone Ideal Loads Outdoor Air Total Heating Energy|Zone Ideal Loads Outdoor Air Total Cooling Energy|Zone Ideal Loads Outdoor Air Mass Flow Rate|Zone Air Temperature|Zone Air Relative Humidity|Zone Heating Setpoint Not Met Time|Zone Cooling Setpoint Not Met Time,
seasonal,public_volume_1_25,shoulder,category,commerce_retail,,,51,13348.413025695763,2669.6826051391527,20316.284625108958,1860.2845821249691,04/15  19:30:00,0.1393637265002148,1559.0568146341232,878.8973403789472,467.71704439023745,3056.730442987651,4049.1633089254337,413.80604112414323,04/15  05:45:00,692.4456183075006,04/15  14:45:00,2917.4872940097184,0.0,25.96020181065044,04/15  00:15:00,21.332370715223615,36.587709474511975,0.0,0.0,Zone People Occupant Count|Zone People Sensible Heating Energy|Zone People Latent Gain Energy|Zone People Radiant Heating Energy|Zone Ideal Loads Supply Air Total Heating Energy|Zone Ideal Loads Supply Air Total Cooling Energy|Zone Ideal Loads Supply Air Total Heating Rate|Zone Ideal Loads Supply Air Total Cooling Rate|Zone Ideal Loads Outdoor Air Total Heating Energy|Zone Ideal Loads Outdoor Air Total Cooling Energy|Zone Ideal Loads Outdoor Air Mass Flow Rate|Zone Air Temperature|Zone Air Relative Humidity|Zone Heating Setpoint Not Met Time|Zone Cooling Setpoint Not Met Time,
seasonal,public_volume_1_25,shoulder,category,dining,,,22,4713.506777109117,1885.4027108436467,11698.923820784827,1601.730295002767,04/15  19:30:00,0.3398171193433901,898.2016663700649,505.6691921241155,269.4604999110189,1693.4073372313574,1684.0488273106864,226.99866143939965,04/15  05:45:00,294.1546195813491,04/15  14:45:00,1881.2558395635479,0.0,16.014546323505318,04/15  06:45:00,21.32450626550281,36.5651897244482,0.0,0.0,Zone People Occupant Count|Zone People Sensible Heating Energy|Zone People Latent Gain Energy|Zone People Radiant Heating Energy|Zone Ideal Loads Supply Air Total Heating Energy|Zone Ideal Loads Supply Air Total Cooling Energy|Zone Ideal Loads Supply Air Total Heating Rate|Zone Ideal Loads Supply Air Total Cooling Rate|Zone Ideal Loads Outdoor Air Total Heating Energy|Zone Ideal Loads Outdoor Air Total Cooling Energy|Zone Ideal Loads Outdoor Air Mass Flow Rate|Zone Air Temperature|Zone Air Relative Humidity|Zone Heating Setpoint Not Met Time|Zone Cooling Setpoint Not Met Time,
seasonal,public_volume_1_25,shoulder,category,office,,,69,20239.356559767635,3316.4684849583873,28621.12302519089,2818.9982122146303,04/15  09:15:00,0.13928299567676547,2224.0741960661,1552.0909734859922,667.2222588198309,3726.798248692406,1398.1322824409906,547.2489272680212,04/15  06:00:00,218.4396539843583,04/15  15:00:00,3737.7421617295895,0.0,37.40667763294239,04/15  00:15:00,21.527540080557774,36.7913001287542,0.0,0.0,Zone People Occupant Count|Zone People Sensible Heating Energy|Zone People Latent Gain Energy|Zone People Radiant Heating Energy|Zone Ideal Loads Supply Air Total Heating Energy|Zone Ideal Loads Supply Air Total Cooling Energy|Zone Ideal Loads Supply Air Total Heating Rate|Zone Ideal Loads Supply Air Total Cooling Rate|Zone Ideal Loads Outdoor Air Total Heating Energy|Zone Ideal Loads Outdoor Air Total Cooling Energy|Zone Ideal Loads Outdoor Air Mass Flow Rate|Zone Air Temperature|Zone Air Relative Humidity|Zone Heating Setpoint Not Met Time|Zone Cooling Setpoint Not Met Time,
seasonal,public_volume_1_25,shoulder,category,restroom,,,27,7190.122546267738,773.9383497319058,1606.8353229463867,117.94305742997388,04/15  19:30:00,0.016403483622291805,139.00270665142665,73.09955597749617,41.70081199542795,5479.007927338073,0.0,586.9996481858523,04/15  06:00:00,0.0,04/15  00:15:00,5475.855938524241,0.0,42.07235806176744,04/15  00:15:00,20.389662684451228,35.704445813405975,0.0,0.0,Zone People Occupant Count|Zone People Sensible Heating Energy|Zone People Latent Gain Energy|Zone People Radiant Heating Energy|Zone Ideal Loads Supply Air Total Heating Energy|Zone Ideal Loads Supply Air Total Cooling Energy|Zone Ideal Loads Supply Air Total Heating Rate|Zone Ideal Loads Supply Air Total Cooling Rate|Zone Ideal Loads Outdoor Air Total Heating Energy|Zone Ideal Loads Outdoor Air Total Cooling Energy|Zone Ideal Loads Outdoor Air Mass Flow Rate|Zone Air Temperature|Zone Air Relative Humidity|Zone Heating Setpoint Not Met Time|Zone Cooling Setpoint Not Met Time,
seasonal,public_volume_1_25,shoulder,category,terminal_hall,,,126,150117.49023392878,8079.256084296528,73268.7536144641,6165.948402234135,04/15  17:30:00,0.04107415060447459,5426.334177253036,3365.9162564826347,1627.900253175903,12340.404156027504,4159.045898023221,2031.1512598528798,04/15  05:00:00,1138.046923397466,04/15  15:00:00,8534.12842210958,0.0,91.49990084507995,04/15  00:15:00,21.914957929859494,35.02102249117935,0.0,0.0,Zone People Occupant Count|Zone People Sensible Heating Energy|Zone People Latent Gain Energy|Zone People Radiant Heating Energy|Zone Ideal Loads Supply Air Total Heating Energy|Zone Ideal Loads Supply Air Total Cooling Energy|Zone Ideal Loads Supply Air Total Heating Rate|Zone Ideal Loads Supply Air Total Cooling Rate|Zone Ideal Loads Outdoor Air Total Heating Energy|Zone Ideal Loads Outdoor Air Total Cooling Energy|Zone Ideal Loads Outdoor Air Mass Flow Rate|Zone Air Temperature|Zone Air Relative Humidity|Zone Heating Setpoint Not Met Time|Zone Cooling Setpoint Not Met Time,
seasonal,public_volume_1_50,shoulder,category,breakroom,,,9,1516.6932212803674,408.1387490873193,1381.549665660576,293.8598993428697,04/15  12:45:00,0.1937503875007749,110.3184783784218,55.467481500847306,33.095543513526565,515.2289855728225,0.0,65.69712551516469,04/15  06:00:00,0.0,04/15  00:15:00,563.5579431640407,0.0,4.62228882002028,04/15  00:15:00,20.916366995978663,35.5975142353431,0.0,0.0,Zone People Occupant Count|Zone People Sensible Heating Energy|Zone People Latent Gain Energy|Zone People Radiant Heating Energy|Zone Ideal Loads Supply Air Total Heating Energy|Zone Ideal Loads Supply Air Total Cooling Energy|Zone Ideal Loads Supply Air Total Heating Rate|Zone Ideal Loads Supply Air Total Cooling Rate|Zone Ideal Loads Outdoor Air Total Heating Energy|Zone Ideal Loads Outdoor Air Total Cooling Energy|Zone Ideal Loads Outdoor Air Mass Flow Rate|Zone Air Temperature|Zone Air Relative Humidity|Zone Heating Setpoint Not Met Time|Zone Cooling Setpoint Not Met Time,
seasonal,public_volume_1_50,shoulder,category,commerce_retail,,,51,13348.413025695763,2669.6826051391527,20316.284625108958,1860.2845821249691,04/15  19:30:00,0.1393637265002148,1558.7286826668048,879.2254723462684,467.61860480004157,3054.6613070279195,4050.7053392504063,413.7516691838788,04/15  05:45:00,692.5338963731285,04/15  14:45:00,2917.2544947495517,0.0,25.96020181065044,04/15  00:15:00,21.334605826050566,36.583763187412785,0.0,0.0,Zone People Occupant Count|Zone People Sensible Heating Energy|Zone People Latent Gain Energy|Zone People Radiant Heating Energy|Zone Ideal Loads Supply Air Total Heating Energy|Zone Ideal Loads Supply Air Total Cooling Energy|Zone Ideal Loads Supply Air Total Heating Rate|Zone Ideal Loads Supply Air Total Cooling Rate|Zone Ideal Loads Outdoor Air Total Heating Energy|Zone Ideal Loads Outdoor Air Total Cooling Energy|Zone Ideal Loads Outdoor Air Mass Flow Rate|Zone Air Temperature|Zone Air Relative Humidity|Zone Heating Setpoint Not Met Time|Zone Cooling Setpoint Not Met Time,
seasonal,public_volume_1_50,shoulder,category,dining,,,22,4713.506777109117,1885.4027108436467,11698.923820784827,1601.730295002767,04/15  19:30:00,0.3398171193433901,898.0772285354628,505.7936299587162,269.4231685606388,1692.6988553835342,1684.544504522803,226.98277417159267,04/15  05:45:00,294.18896734743106,04/15  14:45:00,1880.9175033402178,0.0,16.014546323505318,04/15  06:45:00,21.32591251052386,36.5628194152386,0.0,0.0,Zone People Occupant Count|Zone People Sensible Heating Energy|Zone People Latent Gain Energy|Zone People Radiant Heating Energy|Zone Ideal Loads Supply Air Total Heating Energy|Zone Ideal Loads Supply Air Total Cooling Energy|Zone Ideal Loads Supply Air Total Heating Rate|Zone Ideal Loads Supply Air Total Cooling Rate|Zone Ideal Loads Outdoor Air Total Heating Energy|Zone Ideal Loads Outdoor Air Total Cooling Energy|Zone Ideal Loads Outdoor Air Mass Flow Rate|Zone Air Temperature|Zone Air Relative Humidity|Zone Heating Setpoint Not Met Time|Zone Cooling Setpoint Not Met Time,
seasonal,public_volume_1_50,shoulder,category,office,,,69,20239.356559767635,3316.4684849583873,28621.12302519089,2818.9982122146303,04/15  09:15:00,0.13928299567676547,2223.767825731812,1552.3973438202863,667.1303477195441,3724.82949233543,1400.149346707429,547.1840649524638,04/15  06:00:00,218.92556546376136,04/15  15:00:00,3736.0462063316604,0.0,37.40667763294239,04/15  00:15:00,21.529060099133854,36.78936211038093,0.0,0.0,Zone People Occupant Count|Zone People Sensible Heating Energy|Zone People Latent Gain Energy|Zone People Radiant Heating Energy|Zone Ideal Loads Supply Air Total Heating Energy|Zone Ideal Loads Supply Air Total Cooling Energy|Zone Ideal Loads Supply Air Total Heating Rate|Zone Ideal Loads Supply Air Total Cooling Rate|Zone Ideal Loads Outdoor Air Total Heating Energy|Zone Ideal Loads Outdoor Air Total Cooling Energy|Zone Ideal Loads Outdoor Air Mass Flow Rate|Zone Air Temperature|Zone Air Relative Humidity|Zone Heating Setpoint Not Met Time|Zone Cooling Setpoint Not Met Time,
seasonal,public_volume_1_50,shoulder,category,restroom,,,27,7190.122546267738,773.9383497319058,1606.8353229463867,117.94305742997388,04/15  19:30:00,0.016403483622291805,138.99331000876128,73.10895262016166,41.697993002628344,5476.561201914893,0.0,586.9679891584507,04/15  06:00:00,0.0,04/15  00:15:00,5475.876137334293,0.0,42.07235806176744,04/15  00:15:00,20.39051093973076,35.7045761493213,0.0,0.0,Zone People Occupant Count|Zone People Sensible Heating Energy|Zone People Latent Gain Energy|Zone People Radiant Heating Energy|Zone Ideal Loads Supply Air Total Heating Energy|Zone Ideal Loads Supply Air Total Cooling Energy|Zone Ideal Loads Supply Air Total Heating Rate|Zone Ideal Loads Supply Air Total Cooling Rate|Zone Ideal Loads Outdoor Air Total Heating Energy|Zone Ideal Loads Outdoor Air Total Cooling Energy|Zone Ideal Loads Outdoor Air Mass Flow Rate|Zone Air Temperature|Zone Air Relative Humidity|Zone Heating Setpoint Not Met Time|Zone Cooling Setpoint Not Met Time,
seasonal,public_volume_1_50,shoulder,category,terminal_hall,,,126,150117.49023392878,8079.256084296528,87922.50433735696,7399.138082680962,04/15  17:30:00,0.04928898072536951,6495.905981289937,4054.794539192891,1948.771794386988,12212.370487395518,4558.607107354402,2024.1510665036153,04/15  05:00:00,1196.8642765990255,04/15  15:00:00,8518.967340620775,0.0,91.49990084507995,04/15  00:15:00,21.945364049531495,35.524648690301966,0.0,0.0,Zone People Occupant Count|Zone People Sensible Heating Energy|Zone People Latent Gain Energy|Zone People Radiant Heating Energy|Zone Ideal Loads Supply Air Total Heating Energy|Zone Ideal Loads Supply Air Total Cooling Energy|Zone Ideal Loads Supply Air Total Heating Rate|Zone Ideal Loads Supply Air Total Cooling Rate|Zone Ideal Loads Outdoor Air Total Heating Energy|Zone Ideal Loads Outdoor Air Total Cooling Energy|Zone Ideal Loads Outdoor Air Mass Flow Rate|Zone Air Temperature|Zone Air Relative Humidity|Zone Heating Setpoint Not Met Time|Zone Cooling Setpoint Not Met Time,
seasonal,baseline_r,summer,category,breakroom,,,9,1516.6932212803674,408.1387490873193,1381.549665660576,293.8598993428697,07/15  12:45:00,0.1937503875007749,96.0748817055253,69.71107817374376,28.82246451165762,0.0,970.5201999426687,0.0,07/15  00:15:00,89.6974951285876,07/15  16:00:00,0.0,884.1952501257138,4.62228882002028,07/15  00:15:00,23.990315491306283,84.27059286946728,0.0,0.0,Zone People Occupant Count|Zone People Sensible Heating Energy|Zone People Latent Gain Energy|Zone People Radiant Heating Energy|Zone Ideal Loads Supply Air Total Heating Energy|Zone Ideal Loads Supply Air Total Cooling Energy|Zone Ideal Loads Supply Air Total Heating Rate|Zone Ideal Loads Supply Air Total Cooling Rate|Zone Ideal Loads Outdoor Air Total Heating Energy|Zone Ideal Loads Outdoor Air Total Cooling Energy|Zone Ideal Loads Outdoor Air Mass Flow Rate|Zone Air Temperature|Zone Air Relative Humidity|Zone Heating Setpoint Not Met Time|Zone Cooling Setpoint Not Met Time,
seasonal,baseline_r,summer,category,commerce_retail,,,51,13348.413025695763,2669.6826051391527,20316.284625108958,1860.2845821249691,07/15  19:30:00,0.1393637265002148,1413.5090920053617,1024.445063007706,424.0527276016096,0.0,11005.997974267226,0.0,07/15  00:15:00,1105.534503181351,07/15  17:00:00,0.0,5389.782916698666,25.96020181065044,07/15  00:15:00,23.896829984162363,82.70656953127492,0.0,0.0,Zone People Occupant Count|Zone People Sensible Heating Energy|Zone People Latent Gain Energy|Zone People Radiant Heating Energy|Zone Ideal Loads Supply Air Total Heating Energy|Zone Ideal Loads Supply Air Total Cooling Energy|Zone Ideal Loads Supply Air Total Heating Rate|Zone Ideal Loads Supply Air Total Cooling Rate|Zone Ideal Loads Outdoor Air Total Heating Energy|Zone Ideal Loads Outdoor Air Total Cooling Energy|Zone Ideal Loads Outdoor Air Mass Flow Rate|Zone Air Temperature|Zone Air Relative Humidity|Zone Heating Setpoint Not Met Time|Zone Cooling Setpoint Not Met Time,
seasonal,baseline_r,summer,category,dining,,,22,4713.506777109117,1885.4027108436467,11698.923820784827,1601.730295002767,07/15  19:30:00,0.3398171193433901,813.4763588786924,590.3944996154848,244.04290766360822,0.0,6336.455567192773,0.0,07/15  00:15:00,535.4572819258372,07/15  17:00:00,0.0,3543.255839303251,16.014546323505314,07/15  00:15:00,23.99919743201487,81.82573912964754,0.0,0.0,Zone People Occupant Count|Zone People Sensible Heating Energy|Zone People Latent Gain Energy|Zone People Radiant Heating Energy|Zone Ideal Loads Supply Air Total Heating Energy|Zone Ideal Loads Supply Air Total Cooling Energy|Zone Ideal Loads Supply Air Total Heating Rate|Zone Ideal Loads Supply Air Total Cooling Rate|Zone Ideal Loads Outdoor Air Total Heating Energy|Zone Ideal Loads Outdoor Air Total Cooling Energy|Zone Ideal Loads Outdoor Air Mass Flow Rate|Zone Air Temperature|Zone Air Relative Humidity|Zone Heating Setpoint Not Met Time|Zone Cooling Setpoint Not Met Time,
seasonal,baseline_r,summer,category,office,,,69,20239.356559767635,3316.4684849583873,28621.12302519089,2818.9982122146303,07/15  09:15:00,0.13928299567676547,2033.9891069872199,1742.176062564882,610.1967320961629,0.0,13136.424464475818,0.0,07/15  00:15:00,1482.494864167609,07/15  17:00:00,0.0,8219.22393516438,37.40667763294239,07/15  00:15:00,23.96066951553491,81.56368167478439,0.0,0.0,Zone People Occupant Count|Zone People Sensible Heating Energy|Zone People Latent Gain Energy|Zone People Radiant Heating Energy|Zone Ideal Loads Supply Air Total Heating Energy|Zone Ideal Loads Supply Air Total Cooling Energy|Zone Ideal Loads Supply Air Total Heating Rate|Zone Ideal Loads Supply Air Total Cooling Rate|Zone Ideal Loads Outdoor Air Total Heating Energy|Zone Ideal Loads Outdoor Air Total Cooling Energy|Zone Ideal Loads Outdoor Air Mass Flow Rate|Zone Air Temperature|Zone Air Relative Humidity|Zone Heating Setpoint Not Met Time|Zone Cooling Setpoint Not Met Time,
seasonal,baseline_r,summer,category,restroom,,,27,7190.122546267738,773.9383497319058,1606.8353229463867,117.94305742997388,07/15  19:30:00,0.016403483622291805,114.18139730173134,97.92086532719145,34.25441919051947,0.0,7468.044437333334,0.0,07/15  00:15:00,643.318820625176,07/15  16:00:00,0.0,8177.552175445066,42.07235806176744,07/15  00:15:00,23.999985729225106,83.9693661876467,0.0,0.0,Zone People Occupant Count|Zone People Sensible Heating Energy|Zone People Latent Gain Energy|Zone People Radiant Heating Energy|Zone Ideal Loads Supply Air Total Heating Energy|Zone Ideal Loads Supply Air Total Cooling Energy|Zone Ideal Loads Supply Air Total Heating Rate|Zone Ideal Loads Supply Air Total Cooling Rate|Zone Ideal Loads Outdoor Air Total Heating Energy|Zone Ideal Loads Outdoor Air Total Cooling Energy|Zone Ideal Loads Outdoor Air Mass Flow Rate|Zone Air Temperature|Zone Air Relative Humidity|Zone Heating Setpoint Not Met Time|Zone Cooling Setpoint Not Met Time,
seasonal,baseline_r,summer,category,terminal_hall,,,126,150117.49023392878,8079.256084296528,58615.00289157131,4932.758721787308,07/15  17:30:00,0.032859320483579674,4085.7579659528988,2948.042381035658,1225.7273897858624,0.0,54125.938870445585,0.0,07/15  00:15:00,5501.060816545965,07/15  17:00:00,0.0,30394.647302443147,91.49990084507995,07/15  00:15:00,23.84811082623682,72.29479870208587,0.0,0.0,Zone People Occupant Count|Zone People Sensible Heating Energy|Zone People Latent Gain Energy|Zone People Radiant Heating Energy|Zone Ideal Loads Supply Air Total Heating Energy|Zone Ideal Loads Supply Air Total Cooling Energy|Zone Ideal Loads Supply Air Total Heating Rate|Zone Ideal Loads Supply Air Total Cooling Rate|Zone Ideal Loads Outdoor Air Total Heating Energy|Zone Ideal Loads Outdoor Air Total Cooling Energy|Zone Ideal Loads Outdoor Air Mass Flow Rate|Zone Air Temperature|Zone Air Relative Humidity|Zone Heating Setpoint Not Met Time|Zone Cooling Setpoint Not Met Time,
seasonal,baseline_s,summer,category,breakroom,,,9,1516.6932212803674,81.62774981746384,832.6030481381307,77.54636232659068,07/15  08:15:00,0.05112857447937119,58.132489403178134,41.77987637339785,17.439746820953417,0.0,322.6047259491216,0.0,07/15  00:15:00,44.58689752656507,07/15  17:00:00,0.0,200.71045285597623,0.9244577640040567,07/15  00:15:00,23.62968864254506,81.62695050493534,0.0,0.0,Zone People Occupant Count|Zone People Sensible Heating Energy|Zone People Latent Gain Energy|Zone People Radiant Heating Energy|Zone Ideal Loads Supply Air Total Heating Energy|Zone Ideal Loads Supply Air Total Cooling Energy|Zone Ideal Loads Supply Air Total Heating Rate|Zone Ideal Loads Supply Air Total Cooling Rate|Zone Ideal Loads Outdoor Air Total Heating Energy|Zone Ideal Loads Outdoor Air Total Cooling Energy|Zone Ideal Loads Outdoor Air Mass Flow Rate|Zone Air Temperature|Zone Air Relative Humidity|Zone Heating Setpoint Not Met Time|Zone Cooling Setpoint Not Met Time,
seasonal,baseline_s,summer,category,commerce_retail,,,51,13348.413025695763,1772.554287171465,13336.384682188525,1446.7431204648708,07/15  15:15:00,0.10838315518705353,928.3187509452338,672.047410917388,278.4956252835736,0.0,9165.929610827157,0.0,07/15  00:15:00,999.1818972775459,07/15  16:00:00,0.0,4102.450093753641,20.074687548764853,07/15  00:15:00,23.802045071978206,82.41679821819764,0.0,0.0,Zone People Occupant Count|Zone People Sensible Heating Energy|Zone People Latent Gain Energy|Zone People Radiant Heating Energy|Zone Ideal Loads Supply Air Total Heating Energy|Zone Ideal Loads Supply Air Total Cooling Energy|Zone Ideal Loads Supply Air Total Heating Rate|Zone Ideal Loads Supply Air Total Cooling Rate|Zone Ideal Loads Outdoor Air Total Heating Energy|Zone Ideal Loads Outdoor Air Total Cooling Energy|Zone Ideal Loads Outdoor Air Mass Flow Rate|Zone Air Temperature|Zone Air Relative Humidity|Zone Heating Setpoint Not Met Time|Zone Cooling Setpoint Not Met Time,
seasonal,baseline_s,summer,category,dining,,,22,4713.506777109117,507.3576469735659,4667.690352156811,481.9897646248876,07/15  08:15:00,0.10225714895874215,325.1383282550808,234.98451400373932,97.54149847652332,0.0,3245.674260419685,0.0,07/15  00:15:00,378.1571911451355,07/15  16:45:00,0.0,1037.9473108231837,4.309478549761474,07/15  00:15:00,23.854083689982605,80.24059609018106,0.0,0.0,Zone People Occupant Count|Zone People Sensible Heating Energy|Zone People Latent Gain Energy|Zone People Radiant Heating Energy|Zone Ideal Loads Supply Air Total Heating Energy|Zone Ideal Loads Supply Air Total Cooling Energy|Zone Ideal Loads Supply Air Total Heating Rate|Zone Ideal Loads Supply Air Total Cooling Rate|Zone Ideal Loads Outdoor Air Total Heating Energy|Zone Ideal Loads Outdoor Air Total Cooling Energy|Zone Ideal Loads Outdoor Air Mass Flow Rate|Zone Air Temperature|Zone Air Relative Humidity|Zone Heating Setpoint Not Met Time|Zone Cooling Setpoint Not Met Time,
seasonal,baseline_s,summer,category,office,,,69,20239.356559767635,1036.4471356845213,9638.874613298649,869.3674609904442,07/15  08:15:00,0.04295430333583813,687.0884819217233,584.5471677203084,206.12654457651564,0.0,6595.588190223061,0.0,07/15  00:15:00,738.7204150223052,07/15  17:00:00,0.0,3124.874957850415,11.584779526665304,07/15  00:15:00,23.7149602167489,77.2084023741988,0.0,0.0,Zone People Occupant Count|Zone People Sensible Heating Energy|Zone People Latent Gain Energy|Zone People Radiant Heating Energy|Zone Ideal Loads Supply Air Total Heating Energy|Zone Ideal Loads Supply Air Total Cooling Energy|Zone Ideal Loads Supply Air Total Heating Rate|Zone Ideal Loads Supply Air Total Cooling Rate|Zone Ideal Loads Outdoor Air Total Heating Energy|Zone Ideal Loads Outdoor Air Total Cooling Energy|Zone Ideal Loads Outdoor Air Mass Flow Rate|Zone Air Temperature|Zone Air Relative Humidity|Zone Heating Setpoint Not Met Time|Zone Cooling Setpoint Not Met Time,
seasonal,baseline_s,summer,category,restroom,,,27,7190.122546267738,773.9383497319058,4179.267150828226,309.57534450579396,07/15  08:15:00,0.0430556423084178,296.9778074892139,254.685456420111,89.09334224676523,0.0,7677.537053208317,0.0,07/15  00:15:00,661.3070982728352,07/15  16:00:00,0.0,8082.931892285594,42.07235806176744,07/15  00:15:00,23.999968076559924,84.15255322527614,0.0,0.0,Zone People Occupant Count|Zone People Sensible Heating Energy|Zone People Latent Gain Energy|Zone People Radiant Heating Energy|Zone Ideal Loads Supply Air Total Heating Energy|Zone Ideal Loads Supply Air Total Cooling Energy|Zone Ideal Loads Supply Air Total Heating Rate|Zone Ideal Loads Supply Air Total Cooling Rate|Zone Ideal Loads Outdoor Air Total Heating Energy|Zone Ideal Loads Outdoor Air Total Cooling Energy|Zone Ideal Loads Outdoor Air Mass Flow Rate|Zone Air Temperature|Zone Air Relative Humidity|Zone Heating Setpoint Not Met Time|Zone Cooling Setpoint Not Met Time,
seasonal,baseline_s,summer,category,terminal_hall,,,126,150117.49023392878,8079.256084296528,82408.41205982458,7675.293280081697,07/15  08:15:00,0.051128574479371136,5736.047785078754,4152.961662100221,1720.8143355236139,0.0,56222.20499079133,0.0,07/15  00:15:00,5772.639519440421,07/15  17:00:00,0.0,29583.620977565213,91.49990084507995,07/15  00:15:00,23.836613859910088,73.00934737764021,0.0,0.0,Zone People Occupant Count|Zone People Sensible Heating Energy|Zone People Latent Gain Energy|Zone People Radiant Heating Energy|Zone Ideal Loads Supply Air Total Heating Energy|Zone Ideal Loads Supply Air Total Cooling Energy|Zone Ideal Loads Supply Air Total Heating Rate|Zone Ideal Loads Supply Air Total Cooling Rate|Zone Ideal Loads Outdoor Air Total Heating Energy|Zone Ideal Loads Outdoor Air Total Cooling Energy|Zone Ideal Loads Outdoor Air Mass Flow Rate|Zone Air Temperature|Zone Air Relative Humidity|Zone Heating Setpoint Not Met Time|Zone Cooling Setpoint Not Met Time,
seasonal,entrance_2_lead,summer,category,breakroom,,,9,1516.6932212803674,408.1387490873193,1381.549665660576,293.8598993428697,07/15  12:45:00,0.1937503875007749,96.07486925949993,69.7110906197691,28.822460777850015,0.0,970.5331307515016,0.0,07/15  00:15:00,89.70037800119881,07/15  16:00:00,0.0,884.1932942157762,4.62228882002028,07/15  00:15:00,23.99032604100651,84.27052171307051,0.0,0.0,Zone People Occupant Count|Zone People Sensible Heating Energy|Zone People Latent Gain Energy|Zone People Radiant Heating Energy|Zone Ideal Loads Supply Air Total Heating Energy|Zone Ideal Loads Supply Air Total Cooling Energy|Zone Ideal Loads Supply Air Total Heating Rate|Zone Ideal Loads Supply Air Total Cooling Rate|Zone Ideal Loads Outdoor Air Total Heating Energy|Zone Ideal Loads Outdoor Air Total Cooling Energy|Zone Ideal Loads Outdoor Air Mass Flow Rate|Zone Air Temperature|Zone Air Relative Humidity|Zone Heating Setpoint Not Met Time|Zone Cooling Setpoint Not Met Time,
seasonal,entrance_2_lead,summer,category,commerce_retail,,,51,13348.413025695763,2669.6826051391527,20316.284625108965,1775.431919505212,07/15  19:00:00,0.13300696615301733,1413.6213947317947,1024.3327602812726,424.0864184195399,0.0,11002.625154939948,0.0,07/15  00:15:00,1106.4178617479527,07/15  17:00:00,0.0,5390.164314705121,25.96020181065044,07/15  00:15:00,23.8983239334445,82.7007540739236,0.0,0.0,Zone People Occupant Count|Zone People Sensible Heating Energy|Zone People Latent Gain Energy|Zone People Radiant Heating Energy|Zone Ideal Loads Supply Air Total Heating Energy|Zone Ideal Loads Supply Air Total Cooling Energy|Zone Ideal Loads Supply Air Total Heating Rate|Zone Ideal Loads Supply Air Total Cooling Rate|Zone Ideal Loads Outdoor Air Total Heating Energy|Zone Ideal Loads Outdoor Air Total Cooling Energy|Zone Ideal Loads Outdoor Air Mass Flow Rate|Zone Air Temperature|Zone Air Relative Humidity|Zone Heating Setpoint Not Met Time|Zone Cooling Setpoint Not Met Time,
seasonal,entrance_2_lead,summer,category,dining,,,22,4713.506777109117,1885.4027108436467,11698.92382078483,1376.5855838246546,07/15  19:30:00,0.2920512579954198,813.4764577110325,590.3944007831449,244.0429373133102,0.0,6342.280199774963,0.0,07/15  00:15:00,535.7386521762489,07/15  17:00:00,0.0,3549.753158442495,16.014546323505314,07/15  00:15:00,23.999237710822538,81.79810964994697,0.0,0.0,Zone People Occupant Count|Zone People Sensible Heating Energy|Zone People Latent Gain Energy|Zone People Radiant Heating Energy|Zone Ideal Loads Supply Air Total Heating Energy|Zone Ideal Loads Supply Air Total Cooling Energy|Zone Ideal Loads Supply Air Total Heating Rate|Zone Ideal Loads Supply Air Total Cooling Rate|Zone Ideal Loads Outdoor Air Total Heating Energy|Zone Ideal Loads Outdoor Air Total Cooling Energy|Zone Ideal Loads Outdoor Air Mass Flow Rate|Zone Air Temperature|Zone Air Relative Humidity|Zone Heating Setpoint Not Met Time|Zone Cooling Setpoint Not Met Time,
seasonal,entrance_2_lead,summer,category,office,,,69,20239.356559767635,3316.4684849583873,28621.12302519089,2818.9982122146303,07/15  09:15:00,0.13928299567676547,2033.9886992946797,1742.1764702574208,610.196609788401,0.0,13136.627362763116,0.0,07/15  00:15:00,1482.492307772787,07/15  17:00:00,0.0,8219.261103338957,37.40667763294239,07/15  00:15:00,23.96068584543986,81.56353247474021,0.0,0.0,Zone People Occupant Count|Zone People Sensible Heating Energy|Zone People Latent Gain Energy|Zone People Radiant Heating Energy|Zone Ideal Loads Supply Air Total Heating Energy|Zone Ideal Loads Supply Air Total Cooling Energy|Zone Ideal Loads Supply Air Total Heating Rate|Zone Ideal Loads Supply Air Total Cooling Rate|Zone Ideal Loads Outdoor Air Total Heating Energy|Zone Ideal Loads Outdoor Air Total Cooling Energy|Zone Ideal Loads Outdoor Air Mass Flow Rate|Zone Air Temperature|Zone Air Relative Humidity|Zone Heating Setpoint Not Met Time|Zone Cooling Setpoint Not Met Time,
seasonal,entrance_2_lead,summer,category,restroom,,,27,7190.122546267738,773.9383497319058,1606.8353229463867,117.41927084331635,07/15  19:00:00,0.016330635547271245,114.18139385868879,97.92086877023394,34.25441815760676,0.0,7468.101683691155,0.0,07/15  00:15:00,643.291498415643,07/15  16:00:00,0.0,8177.75425560378,42.07235806176744,07/15  00:15:00,23.999985640751035,83.96900469602734,0.0,0.0,Zone People Occupant Count|Zone People Sensible Heating Energy|Zone People Latent Gain Energy|Zone People Radiant Heating Energy|Zone Ideal Loads Supply Air Total Heating Energy|Zone Ideal Loads Supply Air Total Cooling Energy|Zone Ideal Loads Supply Air Total Heating Rate|Zone Ideal Loads Supply Air Total Cooling Rate|Zone Ideal Loads Outdoor Air Total Heating Energy|Zone Ideal Loads Outdoor Air Total Cooling Energy|Zone Ideal Loads Outdoor Air Mass Flow Rate|Zone Air Temperature|Zone Air Relative Humidity|Zone Heating Setpoint Not Met Time|Zone Cooling Setpoint Not Met Time,
seasonal,entrance_2_lead,summer,category,terminal_hall,,,126,150117.49023392878,8079.256084296528,58615.002891571305,4764.785741264058,07/15  17:30:00,0.031740377046266026,4086.13605487155,2947.6642921169964,1225.8408164614611,0.0,54105.259278800084,0.0,07/15  00:15:00,5501.0076013639045,07/15  17:00:00,0.0,30413.48026370352,91.49990084507995,07/15  00:15:00,23.848844752721266,72.2998907102095,0.0,0.0,Zone People Occupant Count|Zone People Sensible Heating Energy|Zone People Latent Gain Energy|Zone People Radiant Heating Energy|Zone Ideal Loads Supply Air Total Heating Energy|Zone Ideal Loads Supply Air Total Cooling Energy|Zone Ideal Loads Supply Air Total Heating Rate|Zone Ideal Loads Supply Air Total Cooling Rate|Zone Ideal Loads Outdoor Air Total Heating Energy|Zone Ideal Loads Outdoor Air Total Cooling Energy|Zone Ideal Loads Outdoor Air Mass Flow Rate|Zone Air Temperature|Zone Air Relative Humidity|Zone Heating Setpoint Not Met Time|Zone Cooling Setpoint Not Met Time,
seasonal,entrance_3_lead,summer,category,breakroom,,,9,1516.6932212803674,408.1387490873193,1381.549665660576,293.8598993428697,07/15  12:45:00,0.1937503875007749,96.07486398683245,69.71109589243659,28.82245919604977,0.0,970.5421324564094,0.0,07/15  00:15:00,89.69707911040321,07/15  16:00:00,0.0,884.2026252358149,4.62228882002028,07/15  00:15:00,23.99032199022165,84.2704184856199,0.0,0.0,Zone People Occupant Count|Zone People Sensible Heating Energy|Zone People Latent Gain Energy|Zone People Radiant Heating Energy|Zone Ideal Loads Supply Air Total Heating Energy|Zone Ideal Loads Supply Air Total Cooling Energy|Zone Ideal Loads Supply Air Total Heating Rate|Zone Ideal Loads Supply Air Total Cooling Rate|Zone Ideal Loads Outdoor Air Total Heating Energy|Zone Ideal Loads Outdoor Air Total Cooling Energy|Zone Ideal Loads Outdoor Air Mass Flow Rate|Zone Air Temperature|Zone Air Relative Humidity|Zone Heating Setpoint Not Met Time|Zone Cooling Setpoint Not Met Time,
seasonal,entrance_3_lead,summer,category,commerce_retail,,,51,13348.413025695763,2669.6826051391527,20316.28462510896,1784.9562884363763,07/15  19:00:00,0.13372048684741222,1413.459859700973,1024.4942953120947,424.0379579102932,0.0,11002.10975615416,0.0,07/15  00:15:00,1106.5498077025293,07/15  17:00:00,0.0,5383.92688520432,25.96020181065044,07/15  00:15:00,23.896648236287444,82.71590856934017,0.0,0.0,Zone People Occupant Count|Zone People Sensible Heating Energy|Zone People Latent Gain Energy|Zone People Radiant Heating Energy|Zone Ideal Loads Supply Air Total Heating Energy|Zone Ideal Loads Supply Air Total Cooling Energy|Zone Ideal Loads Supply Air Total Heating Rate|Zone Ideal Loads Supply Air Total Cooling Rate|Zone Ideal Loads Outdoor Air Total Heating Energy|Zone Ideal Loads Outdoor Air Total Cooling Energy|Zone Ideal Loads Outdoor Air Mass Flow Rate|Zone Air Temperature|Zone Air Relative Humidity|Zone Heating Setpoint Not Met Time|Zone Cooling Setpoint Not Met Time,
seasonal,entrance_3_lead,summer,category,dining,,,22,4713.506777109117,1885.4027108436467,11698.923820784825,1364.8330582027236,07/15  19:30:00,0.28955788603741045,813.476143204872,590.3947152893059,244.0428429614619,0.0,6341.963412510094,0.0,07/15  00:15:00,535.4609285641242,07/15  17:00:00,0.0,3549.399974243865,16.014546323505314,07/15  00:15:00,23.99923575114123,81.80419514102215,0.0,0.0,Zone People Occupant Count|Zone People Sensible Heating Energy|Zone People Latent Gain Energy|Zone People Radiant Heating Energy|Zone Ideal Loads Supply Air Total Heating Energy|Zone Ideal Loads Supply Air Total Cooling Energy|Zone Ideal Loads Supply Air Total Heating Rate|Zone Ideal Loads Supply Air Total Cooling Rate|Zone Ideal Loads Outdoor Air Total Heating Energy|Zone Ideal Loads Outdoor Air Total Cooling Energy|Zone Ideal Loads Outdoor Air Mass Flow Rate|Zone Air Temperature|Zone Air Relative Humidity|Zone Heating Setpoint Not Met Time|Zone Cooling Setpoint Not Met Time,
seasonal,entrance_3_lead,summer,category,office,,,69,20239.356559767635,3316.4684849583873,28621.12302519089,2818.9982122146303,07/15  09:15:00,0.13928299567676547,2033.988858903026,1742.1763106490753,610.1966576709045,0.0,13136.499766841474,0.0,07/15  00:15:00,1482.5155620890998,07/15  17:00:00,0.0,8219.335031169116,37.40667763294239,07/15  00:15:00,23.960681465322264,81.5634937328883,0.0,0.0,Zone People Occupant Count|Zone People Sensible Heating Energy|Zone People Latent Gain Energy|Zone People Radiant Heating Energy|Zone Ideal Loads Supply Air Total Heating Energy|Zone Ideal Loads Supply Air Total Cooling Energy|Zone Ideal Loads Supply Air Total Heating Rate|Zone Ideal Loads Supply Air Total Cooling Rate|Zone Ideal Loads Outdoor Air Total Heating Energy|Zone Ideal Loads Outdoor Air Total Cooling Energy|Zone Ideal Loads Outdoor Air Mass Flow Rate|Zone Air Temperature|Zone Air Relative Humidity|Zone Heating Setpoint Not Met Time|Zone Cooling Setpoint Not Met Time,
seasonal,entrance_3_lead,summer,category,restroom,,,27,7190.122546267738,773.9383497319058,1606.835322946387,117.53811799695312,07/15  19:00:00,0.016347164772311847,114.18139846108468,97.92086416783826,34.25441953832547,0.0,7468.1814793609,0.0,07/15  00:15:00,643.3613828919957,07/15  16:00:00,0.0,8177.564171272728,42.07235806176744,07/15  00:15:00,23.999986805999608,83.96946039211849,0.0,0.0,Zone People Occupant Count|Zone People Sensible Heating Energy|Zone People Latent Gain Energy|Zone People Radiant Heating Energy|Zone Ideal Loads Supply Air Total Heating Energy|Zone Ideal Loads Supply Air Total Cooling Energy|Zone Ideal Loads Supply Air Total Heating Rate|Zone Ideal Loads Supply Air Total Cooling Rate|Zone Ideal Loads Outdoor Air Total Heating Energy|Zone Ideal Loads Outdoor Air Total Cooling Energy|Zone Ideal Loads Outdoor Air Mass Flow Rate|Zone Air Temperature|Zone Air Relative Humidity|Zone Heating Setpoint Not Met Time|Zone Cooling Setpoint Not Met Time,
seasonal,entrance_3_lead,summer,category,terminal_hall,,,126,150117.49023392878,8079.256084296528,58615.00289157128,4758.037142279315,07/15  17:30:00,0.03169542159854154,4086.1282310019255,2947.6721159866183,1225.8384693005723,0.0,54113.2274409916,0.0,07/15  00:15:00,5501.167631770124,07/15  17:00:00,0.0,30400.18894287012,91.49990084507995,07/15  00:15:00,23.848715205787386,72.29579991686488,0.0,0.0,Zone People Occupant Count|Zone People Sensible Heating Energy|Zone People Latent Gain Energy|Zone People Radiant Heating Energy|Zone Ideal Loads Supply Air Total Heating Energy|Zone Ideal Loads Supply Air Total Cooling Energy|Zone Ideal Loads Supply Air Total Heating Rate|Zone Ideal Loads Supply Air Total Cooling Rate|Zone Ideal Loads Outdoor Air Total Heating Energy|Zone Ideal Loads Outdoor Air Total Cooling Energy|Zone Ideal Loads Outdoor Air Mass Flow Rate|Zone Air Temperature|Zone Air Relative Humidity|Zone Heating Setpoint Not Met Time|Zone Cooling Setpoint Not Met Time,
seasonal,public_core,summer,category,breakroom,,,9,1516.6932212803674,408.1387490873193,1381.549665660576,293.8598993428697,07/15  12:45:00,0.1937503875007749,96.07496597156302,69.71099390770605,28.822489791468932,0.0,970.3446815400854,0.0,07/15  00:15:00,89.68666951490479,07/15  16:00:00,0.0,883.893027649318,4.62228882002028,07/15  00:15:00,23.99025829835448,84.28360224183189,0.0,0.0,Zone People Occupant Count|Zone People Sensible Heating Energy|Zone People Latent Gain Energy|Zone People Radiant Heating Energy|Zone Ideal Loads Supply Air Total Heating Energy|Zone Ideal Loads Supply Air Total Cooling Energy|Zone Ideal Loads Supply Air Total Heating Rate|Zone Ideal Loads Supply Air Total Cooling Rate|Zone Ideal Loads Outdoor Air Total Heating Energy|Zone Ideal Loads Outdoor Air Total Cooling Energy|Zone Ideal Loads Outdoor Air Mass Flow Rate|Zone Air Temperature|Zone Air Relative Humidity|Zone Heating Setpoint Not Met Time|Zone Cooling Setpoint Not Met Time,
seasonal,public_core,summer,category,commerce_retail,,,51,13348.413025695763,2669.6826051391527,20316.284625107273,1860.2845821254139,07/15  19:30:00,0.13936372650024811,1413.3949571844005,1024.5591978284713,424.0184871553211,0.0,11083.719979594098,0.0,07/15  00:15:00,1103.8682653342287,07/15  17:00:00,0.0,5453.763857965754,25.96020181065044,07/15  00:15:00,23.895503383002037,82.56162568835086,0.0,0.0,Zone People Occupant Count|Zone People Sensible Heating Energy|Zone People Latent Gain Energy|Zone People Radiant Heating Energy|Zone Ideal Loads Supply Air Total Heating Energy|Zone Ideal Loads Supply Air Total Cooling Energy|Zone Ideal Loads Supply Air Total Heating Rate|Zone Ideal Loads Supply Air Total Cooling Rate|Zone Ideal Loads Outdoor Air Total Heating Energy|Zone Ideal Loads Outdoor Air Total Cooling Energy|Zone Ideal Loads Outdoor Air Mass Flow Rate|Zone Air Temperature|Zone Air Relative Humidity|Zone Heating Setpoint Not Met Time|Zone Cooling Setpoint Not Met Time,
seasonal,public_core,summer,category,dining,,,22,4713.506777109117,1885.4027108436467,11698.923820783099,1601.7302950022167,07/15  19:30:00,0.33981711934327336,813.4770215474541,590.3938369465216,244.04310646423482,0.0,6381.56814262918,0.0,07/15  00:15:00,538.8991577168468,07/15  17:00:00,0.0,3585.685590770108,16.014546323505314,07/15  00:15:00,23.99917089000657,81.60689984497502,0.0,0.0,Zone People Occupant Count|Zone People Sensible Heating Energy|Zone People Latent Gain Energy|Zone People Radiant Heating Energy|Zone Ideal Loads Supply Air Total Heating Energy|Zone Ideal Loads Supply Air Total Cooling Energy|Zone Ideal Loads Supply Air Total Heating Rate|Zone Ideal Loads Supply Air Total Cooling Rate|Zone Ideal Loads Outdoor Air Total Heating Energy|Zone Ideal Loads Outdoor Air Total Cooling Energy|Zone Ideal Loads Outdoor Air Mass Flow Rate|Zone Air Temperature|Zone Air Relative Humidity|Zone Heating Setpoint Not Met Time|Zone Cooling Setpoint Not Met Time,
seasonal,public_core,summer,category,office,,,69,20239.356559767635,3316.4684849583873,28621.12302519089,2818.9982122146303,07/15  09:15:00,0.13928299567676547,2033.991405455087,1742.173764097014,610.197421636523,0.0,13134.98400611694,0.0,07/15  00:15:00,1482.39194986829,07/15  17:00:00,0.0,8215.542157046353,37.40667763294239,07/15  00:15:00,23.960415506700002,81.59124829934835,0.0,0.0,Zone People Occupant Count|Zone People Sensible Heating Energy|Zone People Latent Gain Energy|Zone People Radiant Heating Energy|Zone Ideal Loads Supply Air Total Heating Energy|Zone Ideal Loads Supply Air Total Cooling Energy|Zone Ideal Loads Supply Air Total Heating Rate|Zone Ideal Loads Supply Air Total Cooling Rate|Zone Ideal Loads Outdoor Air Total Heating Energy|Zone Ideal Loads Outdoor Air Total Cooling Energy|Zone Ideal Loads Outdoor Air Mass Flow Rate|Zone Air Temperature|Zone Air Relative Humidity|Zone Heating Setpoint Not Met Time|Zone Cooling Setpoint Not Met Time,
seasonal,public_core,summer,category,restroom,,,27,7190.122546267738,773.9383497319058,1606.835322946709,117.94305742991997,07/15  19:30:00,0.016403483622284307,114.1813909732609,97.92087165570491,34.254417291978164,0.0,7467.5759273781505,0.0,07/15  00:15:00,643.2986939743076,07/15  16:00:00,0.0,8174.760512634915,42.07235806176744,07/15  00:15:00,23.999984172334376,83.97472049031653,0.0,0.0,Zone People Occupant Count|Zone People Sensible Heating Energy|Zone People Latent Gain Energy|Zone People Radiant Heating Energy|Zone Ideal Loads Supply Air Total Heating Energy|Zone Ideal Loads Supply Air Total Cooling Energy|Zone Ideal Loads Supply Air Total Heating Rate|Zone Ideal Loads Supply Air Total Cooling Rate|Zone Ideal Loads Outdoor Air Total Heating Energy|Zone Ideal Loads Outdoor Air Total Cooling Energy|Zone Ideal Loads Outdoor Air Mass Flow Rate|Zone Air Temperature|Zone Air Relative Humidity|Zone Heating Setpoint Not Met Time|Zone Cooling Setpoint Not Met Time,
seasonal,public_core,summer,category,terminal_hall,,,126,150117.49023392878,8079.256084296528,58615.00289158268,4932.758721784941,07/15  17:30:00,0.03285932048356391,4085.53594706829,2948.264399921631,1225.6607841204805,0.0,54145.36540490402,0.0,07/15  00:15:00,5501.061097255937,07/15  17:00:00,0.0,30367.484261514637,91.49990084507995,07/15  00:15:00,23.84767376817823,72.3769317265469,0.0,0.0,Zone People Occupant Count|Zone People Sensible Heating Energy|Zone People Latent Gain Energy|Zone People Radiant Heating Energy|Zone Ideal Loads Supply Air Total Heating Energy|Zone Ideal Loads Supply Air Total Cooling Energy|Zone Ideal Loads Supply Air Total Heating Rate|Zone Ideal Loads Supply Air Total Cooling Rate|Zone Ideal Loads Outdoor Air Total Heating Energy|Zone Ideal Loads Outdoor Air Total Cooling Energy|Zone Ideal Loads Outdoor Air Mass Flow Rate|Zone Air Temperature|Zone Air Relative Humidity|Zone Heating Setpoint Not Met Time|Zone Cooling Setpoint Not Met Time,
seasonal,public_evening,summer,category,breakroom,,,9,1516.6932212803674,408.1387490873193,1381.549665660576,293.8598993428697,07/15  12:45:00,0.1937503875007749,96.07412152951947,69.71183834974956,28.82223645885588,0.0,970.6696696475259,0.0,07/15  00:15:00,89.68296245065574,07/15  16:00:00,0.0,885.5039827872379,4.62228882002028,07/15  00:15:00,23.991070965444276,84.26761860340336,0.0,0.0,Zone People Occupant Count|Zone People Sensible Heating Energy|Zone People Latent Gain Energy|Zone People Radiant Heating Energy|Zone Ideal Loads Supply Air Total Heating Energy|Zone Ideal Loads Supply Air Total Cooling Energy|Zone Ideal Loads Supply Air Total Heating Rate|Zone Ideal Loads Supply Air Total Cooling Rate|Zone Ideal Loads Outdoor Air Total Heating Energy|Zone Ideal Loads Outdoor Air Total Cooling Energy|Zone Ideal Loads Outdoor Air Mass Flow Rate|Zone Air Temperature|Zone Air Relative Humidity|Zone Heating Setpoint Not Met Time|Zone Cooling Setpoint Not Met Time,
seasonal,public_evening,summer,category,commerce_retail,,,51,13348.413025695763,2669.6826051391527,20316.284625108958,1860.2845821249691,07/15  23:30:00,0.1393637265002148,1413.0027877172065,1024.9513672958687,423.90083631516126,0.0,11069.001188558808,0.0,07/15  00:15:00,1099.665625220274,07/15  17:00:00,0.0,5573.8529138860695,25.96020181065044,07/15  00:15:00,23.914881228877125,82.43256004573234,0.0,0.0,Zone People Occupant Count|Zone People Sensible Heating Energy|Zone People Latent Gain Energy|Zone People Radiant Heating Energy|Zone Ideal Loads Supply Air Total Heating Energy|Zone Ideal Loads Supply Air Total Cooling Energy|Zone Ideal Loads Supply Air Total Heating Rate|Zone Ideal Loads Supply Air Total Cooling Rate|Zone Ideal Loads Outdoor Air Total Heating Energy|Zone Ideal Loads Outdoor Air Total Cooling Energy|Zone Ideal Loads Outdoor Air Mass Flow Rate|Zone Air Temperature|Zone Air Relative Humidity|Zone Heating Setpoint Not Met Time|Zone Cooling Setpoint Not Met Time,
seasonal,public_evening,summer,category,dining,,,22,4713.506777109117,1885.4027108436467,11698.923820784827,1601.730295002767,07/15  23:30:00,0.3398171193433901,813.474128218282,590.3967302758987,244.04223846548385,0.0,6605.44906200104,0.0,07/15  00:15:00,696.8289729904791,07/15  17:00:00,0.0,3774.1060472630393,16.014546323505314,07/15  00:15:00,23.999502614008417,80.61442109307016,0.0,0.0,Zone People Occupant Count|Zone People Sensible Heating Energy|Zone People Latent Gain Energy|Zone People Radiant Heating Energy|Zone Ideal Loads Supply Air Total Heating Energy|Zone Ideal Loads Supply Air Total Cooling Energy|Zone Ideal Loads Supply Air Total Heating Rate|Zone Ideal Loads Supply Air Total Cooling Rate|Zone Ideal Loads Outdoor Air Total Heating Energy|Zone Ideal Loads Outdoor Air Total Cooling Energy|Zone Ideal Loads Outdoor Air Mass Flow Rate|Zone Air Temperature|Zone Air Relative Humidity|Zone Heating Setpoint Not Met Time|Zone Cooling Setpoint Not Met Time,
seasonal,public_evening,summer,category,office,,,69,20239.356559767635,3316.4684849583873,28621.12302519089,2818.9982122146303,07/15  09:15:00,0.13928299567676547,2033.9765387344835,1742.1886308176174,610.1929616203421,0.0,13132.021859055074,0.0,07/15  00:15:00,1482.0797508632122,07/15  17:00:00,0.0,8216.290550547783,37.40667763294239,07/15  00:15:00,23.96188529302664,81.56625626654387,0.0,0.0,Zone People Occupant Count|Zone People Sensible Heating Energy|Zone People Latent Gain Energy|Zone People Radiant Heating Energy|Zone Ideal Loads Supply Air Total Heating Energy|Zone Ideal Loads Supply Air Total Cooling Energy|Zone Ideal Loads Supply Air Total Heating Rate|Zone Ideal Loads Supply Air Total Cooling Rate|Zone Ideal Loads Outdoor Air Total Heating Energy|Zone Ideal Loads Outdoor Air Total Cooling Energy|Zone Ideal Loads Outdoor Air Mass Flow Rate|Zone Air Temperature|Zone Air Relative Humidity|Zone Heating Setpoint Not Met Time|Zone Cooling Setpoint Not Met Time,
seasonal,public_evening,summer,category,restroom,,,27,7190.122546267738,773.9383497319058,1606.8353229463864,117.94305742997388,07/15  23:30:00,0.016403483622291805,114.18137527593585,97.92088735298711,34.254412582780844,0.0,7470.336381053202,0.0,07/15  00:15:00,642.4956366780519,07/15  16:00:00,0.0,8186.9680065140365,42.07235806176744,07/15  00:15:00,23.99999496633918,83.95819478280686,0.0,0.0,Zone People Occupant Count|Zone People Sensible Heating Energy|Zone People Latent Gain Energy|Zone People Radiant Heating Energy|Zone Ideal Loads Supply Air Total Heating Energy|Zone Ideal Loads Supply Air Total Cooling Energy|Zone Ideal Loads Supply Air Total Heating Rate|Zone Ideal Loads Supply Air Total Cooling Rate|Zone Ideal Loads Outdoor Air Total Heating Energy|Zone Ideal Loads Outdoor Air Total Cooling Energy|Zone Ideal Loads Outdoor Air Mass Flow Rate|Zone Air Temperature|Zone Air Relative Humidity|Zone Heating Setpoint Not Met Time|Zone Cooling Setpoint Not Met Time,
seasonal,public_evening,summer,category,terminal_hall,,,126,150117.49023392878,8079.256084296528,58615.002891571305,4932.758721787308,07/15  21:30:00,0.032859320483579674,4081.088024618473,2952.7123223700773,1224.3264073855435,0.0,54162.00761692311,0.0,07/15  00:15:00,5391.595301679071,07/15  17:00:00,0.0,31462.32591817162,91.49990084507995,07/15  00:15:00,23.862450193956487,72.0262892920163,0.0,0.0,Zone People Occupant Count|Zone People Sensible Heating Energy|Zone People Latent Gain Energy|Zone People Radiant Heating Energy|Zone Ideal Loads Supply Air Total Heating Energy|Zone Ideal Loads Supply Air Total Cooling Energy|Zone Ideal Loads Supply Air Total Heating Rate|Zone Ideal Loads Supply Air Total Cooling Rate|Zone Ideal Loads Outdoor Air Total Heating Energy|Zone Ideal Loads Outdoor Air Total Cooling Energy|Zone Ideal Loads Outdoor Air Mass Flow Rate|Zone Air Temperature|Zone Air Relative Humidity|Zone Heating Setpoint Not Met Time|Zone Cooling Setpoint Not Met Time,
seasonal,public_midday,summer,category,breakroom,,,9,1516.6932212803674,408.1387490873193,1381.549665660576,293.8598993428697,07/15  12:45:00,0.1937503875007749,96.0748817055253,69.71107817374376,28.82246451165762,0.0,970.5201999426687,0.0,07/15  00:15:00,89.6974951285876,07/15  16:00:00,0.0,884.1952501257138,4.62228882002028,07/15  00:15:00,23.990315491306283,84.27059286946728,0.0,0.0,Zone People Occupant Count|Zone People Sensible Heating Energy|Zone People Latent Gain Energy|Zone People Radiant Heating Energy|Zone Ideal Loads Supply Air Total Heating Energy|Zone Ideal Loads Supply Air Total Cooling Energy|Zone Ideal Loads Supply Air Total Heating Rate|Zone Ideal Loads Supply Air Total Cooling Rate|Zone Ideal Loads Outdoor Air Total Heating Energy|Zone Ideal Loads Outdoor Air Total Cooling Energy|Zone Ideal Loads Outdoor Air Mass Flow Rate|Zone Air Temperature|Zone Air Relative Humidity|Zone Heating Setpoint Not Met Time|Zone Cooling Setpoint Not Met Time,
seasonal,public_midday,summer,category,commerce_retail,,,51,13348.413025695763,2669.6826051391527,20316.284625108958,1860.2845821249691,07/15  19:30:00,0.1393637265002148,1413.5090920053617,1024.445063007706,424.0527276016096,0.0,11005.997974267226,0.0,07/15  00:15:00,1105.534503181351,07/15  17:00:00,0.0,5389.782916698666,25.96020181065044,07/15  00:15:00,23.896829984162363,82.70656953127492,0.0,0.0,Zone People Occupant Count|Zone People Sensible Heating Energy|Zone People Latent Gain Energy|Zone People Radiant Heating Energy|Zone Ideal Loads Supply Air Total Heating Energy|Zone Ideal Loads Supply Air Total Cooling Energy|Zone Ideal Loads Supply Air Total Heating Rate|Zone Ideal Loads Supply Air Total Cooling Rate|Zone Ideal Loads Outdoor Air Total Heating Energy|Zone Ideal Loads Outdoor Air Total Cooling Energy|Zone Ideal Loads Outdoor Air Mass Flow Rate|Zone Air Temperature|Zone Air Relative Humidity|Zone Heating Setpoint Not Met Time|Zone Cooling Setpoint Not Met Time,
seasonal,public_midday,summer,category,dining,,,22,4713.506777109117,1885.4027108436467,11698.923820784827,1601.730295002767,07/15  19:30:00,0.3398171193433901,813.4763588786924,590.3944996154848,244.04290766360822,0.0,6336.455567192773,0.0,07/15  00:15:00,535.4572819258372,07/15  17:00:00,0.0,3543.255839303251,16.014546323505314,07/15  00:15:00,23.99919743201487,81.82573912964754,0.0,0.0,Zone People Occupant Count|Zone People Sensible Heating Energy|Zone People Latent Gain Energy|Zone People Radiant Heating Energy|Zone Ideal Loads Supply Air Total Heating Energy|Zone Ideal Loads Supply Air Total Cooling Energy|Zone Ideal Loads Supply Air Total Heating Rate|Zone Ideal Loads Supply Air Total Cooling Rate|Zone Ideal Loads Outdoor Air Total Heating Energy|Zone Ideal Loads Outdoor Air Total Cooling Energy|Zone Ideal Loads Outdoor Air Mass Flow Rate|Zone Air Temperature|Zone Air Relative Humidity|Zone Heating Setpoint Not Met Time|Zone Cooling Setpoint Not Met Time,
seasonal,public_midday,summer,category,office,,,69,20239.356559767635,3316.4684849583873,28621.12302519089,2818.9982122146303,07/15  09:15:00,0.13928299567676547,2033.9891069872199,1742.176062564882,610.1967320961629,0.0,13136.424464475818,0.0,07/15  00:15:00,1482.494864167609,07/15  17:00:00,0.0,8219.22393516438,37.40667763294239,07/15  00:15:00,23.96066951553491,81.56368167478439,0.0,0.0,Zone People Occupant Count|Zone People Sensible Heating Energy|Zone People Latent Gain Energy|Zone People Radiant Heating Energy|Zone Ideal Loads Supply Air Total Heating Energy|Zone Ideal Loads Supply Air Total Cooling Energy|Zone Ideal Loads Supply Air Total Heating Rate|Zone Ideal Loads Supply Air Total Cooling Rate|Zone Ideal Loads Outdoor Air Total Heating Energy|Zone Ideal Loads Outdoor Air Total Cooling Energy|Zone Ideal Loads Outdoor Air Mass Flow Rate|Zone Air Temperature|Zone Air Relative Humidity|Zone Heating Setpoint Not Met Time|Zone Cooling Setpoint Not Met Time,
seasonal,public_midday,summer,category,restroom,,,27,7190.122546267738,773.9383497319058,1606.8353229463867,117.94305742997388,07/15  19:30:00,0.016403483622291805,114.18139730173134,97.92086532719145,34.25441919051947,0.0,7468.044437333334,0.0,07/15  00:15:00,643.318820625176,07/15  16:00:00,0.0,8177.552175445066,42.07235806176744,07/15  00:15:00,23.999985729225106,83.9693661876467,0.0,0.0,Zone People Occupant Count|Zone People Sensible Heating Energy|Zone People Latent Gain Energy|Zone People Radiant Heating Energy|Zone Ideal Loads Supply Air Total Heating Energy|Zone Ideal Loads Supply Air Total Cooling Energy|Zone Ideal Loads Supply Air Total Heating Rate|Zone Ideal Loads Supply Air Total Cooling Rate|Zone Ideal Loads Outdoor Air Total Heating Energy|Zone Ideal Loads Outdoor Air Total Cooling Energy|Zone Ideal Loads Outdoor Air Mass Flow Rate|Zone Air Temperature|Zone Air Relative Humidity|Zone Heating Setpoint Not Met Time|Zone Cooling Setpoint Not Met Time,
seasonal,public_midday,summer,category,terminal_hall,,,126,150117.49023392878,8079.256084296528,58615.00289157131,4932.758721787308,07/15  17:30:00,0.032859320483579674,4085.7579659528988,2948.042381035658,1225.7273897858624,0.0,54125.938870445585,0.0,07/15  00:15:00,5501.060816545965,07/15  17:00:00,0.0,30394.647302443147,91.49990084507995,07/15  00:15:00,23.84811082623682,72.29479870208587,0.0,0.0,Zone People Occupant Count|Zone People Sensible Heating Energy|Zone People Latent Gain Energy|Zone People Radiant Heating Energy|Zone Ideal Loads Supply Air Total Heating Energy|Zone Ideal Loads Supply Air Total Cooling Energy|Zone Ideal Loads Supply Air Total Heating Rate|Zone Ideal Loads Supply Air Total Cooling Rate|Zone Ideal Loads Outdoor Air Total Heating Energy|Zone Ideal Loads Outdoor Air Total Cooling Energy|Zone Ideal Loads Outdoor Air Mass Flow Rate|Zone Air Temperature|Zone Air Relative Humidity|Zone Heating Setpoint Not Met Time|Zone Cooling Setpoint Not Met Time,
seasonal,public_morning,summer,category,breakroom,,,9,1516.6932212803674,408.1387490873193,1381.549665660576,293.8598993428697,07/15  12:45:00,0.1937503875007749,96.07343495340385,69.71252492586515,28.822030486021195,0.0,971.7070963987337,0.0,07/15  00:15:00,89.76598498577553,07/15  16:00:00,0.0,886.0691911337341,4.62228882002028,07/15  00:15:00,23.99098523162836,84.27089554596604,0.0,0.0,Zone People Occupant Count|Zone People Sensible Heating Energy|Zone People Latent Gain Energy|Zone People Radiant Heating Energy|Zone Ideal Loads Supply Air Total Heating Energy|Zone Ideal Loads Supply Air Total Cooling Energy|Zone Ideal Loads Supply Air Total Heating Rate|Zone Ideal Loads Supply Air Total Cooling Rate|Zone Ideal Loads Outdoor Air Total Heating Energy|Zone Ideal Loads Outdoor Air Total Cooling Energy|Zone Ideal Loads Outdoor Air Mass Flow Rate|Zone Air Temperature|Zone Air Relative Humidity|Zone Heating Setpoint Not Met Time|Zone Cooling Setpoint Not Met Time,
seasonal,public_morning,summer,category,commerce_retail,,,51,13348.413025695763,2669.6826051391527,20316.284625108976,1860.2845821249691,07/15  15:30:00,0.1393637265002148,1415.297250081873,1022.6569049311865,424.5891750245605,0.0,10608.604014643422,0.0,07/15  00:15:00,1128.4408962179475,07/15  16:15:00,0.0,5339.872861177513,25.96020181065044,07/15  00:15:00,23.95563801966746,83.4191895780864,0.0,0.0,Zone People Occupant Count|Zone People Sensible Heating Energy|Zone People Latent Gain Energy|Zone People Radiant Heating Energy|Zone Ideal Loads Supply Air Total Heating Energy|Zone Ideal Loads Supply Air Total Cooling Energy|Zone Ideal Loads Supply Air Total Heating Rate|Zone Ideal Loads Supply Air Total Cooling Rate|Zone Ideal Loads Outdoor Air Total Heating Energy|Zone Ideal Loads Outdoor Air Total Cooling Energy|Zone Ideal Loads Outdoor Air Mass Flow Rate|Zone Air Temperature|Zone Air Relative Humidity|Zone Heating Setpoint Not Met Time|Zone Cooling Setpoint Not Met Time,
seasonal,public_morning,summer,category,dining,,,22,4713.506777109117,1885.4027108436467,11698.923820784821,1601.730295002767,07/15  15:30:00,0.3398171193433901,813.4730589425747,590.3977995516055,244.04191768277272,0.0,6255.841430146998,0.0,07/15  00:15:00,680.0374381756526,07/15  16:00:00,0.0,3509.5363613211466,16.014546323505314,07/15  00:15:00,24.000000000000068,82.2537444179656,0.0,0.0,Zone People Occupant Count|Zone People Sensible Heating Energy|Zone People Latent Gain Energy|Zone People Radiant Heating Energy|Zone Ideal Loads Supply Air Total Heating Energy|Zone Ideal Loads Supply Air Total Cooling Energy|Zone Ideal Loads Supply Air Total Heating Rate|Zone Ideal Loads Supply Air Total Cooling Rate|Zone Ideal Loads Outdoor Air Total Heating Energy|Zone Ideal Loads Outdoor Air Total Cooling Energy|Zone Ideal Loads Outdoor Air Mass Flow Rate|Zone Air Temperature|Zone Air Relative Humidity|Zone Heating Setpoint Not Met Time|Zone Cooling Setpoint Not Met Time,
seasonal,public_morning,summer,category,office,,,69,20239.356559767635,3316.4684849583873,28621.12302519089,2818.9982122146303,07/15  09:15:00,0.13928299567676547,2033.95898876795,1742.2061807841508,610.1876966303819,0.0,13148.85603901596,0.0,07/15  00:15:00,1482.8260384375278,07/15  17:00:00,0.0,8222.961680288752,37.40667763294239,07/15  00:15:00,23.961550964601333,81.56729306049948,0.0,0.0,Zone People Occupant Count|Zone People Sensible Heating Energy|Zone People Latent Gain Energy|Zone People Radiant Heating Energy|Zone Ideal Loads Supply Air Total Heating Energy|Zone Ideal Loads Supply Air Total Cooling Energy|Zone Ideal Loads Supply Air Total Heating Rate|Zone Ideal Loads Supply Air Total Cooling Rate|Zone Ideal Loads Outdoor Air Total Heating Energy|Zone Ideal Loads Outdoor Air Total Cooling Energy|Zone Ideal Loads Outdoor Air Mass Flow Rate|Zone Air Temperature|Zone Air Relative Humidity|Zone Heating Setpoint Not Met Time|Zone Cooling Setpoint Not Met Time,
seasonal,public_morning,summer,category,restroom,,,27,7190.122546267738,773.9383497319058,1606.8353229463867,117.94305742997388,07/15  15:30:00,0.016403483622291805,114.18136570609101,97.92089692283191,34.25440971182745,0.0,7474.749230034861,0.0,07/15  00:15:00,644.1188608936875,07/15  16:00:00,0.0,8182.492979209514,42.07235806176744,07/15  00:15:00,24.000000000000274,83.97207773903337,0.0,0.0,Zone People Occupant Count|Zone People Sensible Heating Energy|Zone People Latent Gain Energy|Zone People Radiant Heating Energy|Zone Ideal Loads Supply Air Total Heating Energy|Zone Ideal Loads Supply Air Total Cooling Energy|Zone Ideal Loads Supply Air Total Heating Rate|Zone Ideal Loads Supply Air Total Cooling Rate|Zone Ideal Loads Outdoor Air Total Heating Energy|Zone Ideal Loads Outdoor Air Total Cooling Energy|Zone Ideal Loads Outdoor Air Mass Flow Rate|Zone Air Temperature|Zone Air Relative Humidity|Zone Heating Setpoint Not Met Time|Zone Cooling Setpoint Not Met Time,
seasonal,public_morning,summer,category,terminal_hall,,,126,150117.49023392878,8079.256084296528,58615.00289157131,4932.758721787308,07/15  13:30:00,0.032859320483579674,4110.52049880437,2923.2798481841282,1233.1561496413033,0.0,52741.74311480052,0.0,07/15  00:15:00,5365.463468369697,07/15  16:45:00,0.0,30040.304544353006,91.49990084507995,07/15  00:15:00,23.894941540171473,72.73351935659012,0.0,0.0,Zone People Occupant Count|Zone People Sensible Heating Energy|Zone People Latent Gain Energy|Zone People Radiant Heating Energy|Zone Ideal Loads Supply Air Total Heating Energy|Zone Ideal Loads Supply Air Total Cooling Energy|Zone Ideal Loads Supply Air Total Heating Rate|Zone Ideal Loads Supply Air Total Cooling Rate|Zone Ideal Loads Outdoor Air Total Heating Energy|Zone Ideal Loads Outdoor Air Total Cooling Energy|Zone Ideal Loads Outdoor Air Mass Flow Rate|Zone Air Temperature|Zone Air Relative Humidity|Zone Heating Setpoint Not Met Time|Zone Cooling Setpoint Not Met Time,
seasonal,public_perimeter,summer,category,breakroom,,,9,1516.6932212803674,408.1387490873193,1381.549665660576,293.8598993428697,07/15  12:45:00,0.1937503875007749,96.07484637920747,69.71111350006156,28.822453913762274,0.0,970.6253148986576,0.0,07/15  00:15:00,89.70572820426554,07/15  16:00:00,0.0,884.2256291028107,4.62228882002028,07/15  00:15:00,23.990336644009194,84.26990165397815,0.0,0.0,Zone People Occupant Count|Zone People Sensible Heating Energy|Zone People Latent Gain Energy|Zone People Radiant Heating Energy|Zone Ideal Loads Supply Air Total Heating Energy|Zone Ideal Loads Supply Air Total Cooling Energy|Zone Ideal Loads Supply Air Total Heating Rate|Zone Ideal Loads Supply Air Total Cooling Rate|Zone Ideal Loads Outdoor Air Total Heating Energy|Zone Ideal Loads Outdoor Air Total Cooling Energy|Zone Ideal Loads Outdoor Air Mass Flow Rate|Zone Air Temperature|Zone Air Relative Humidity|Zone Heating Setpoint Not Met Time|Zone Cooling Setpoint Not Met Time,
seasonal,public_perimeter,summer,category,commerce_retail,,,51,13348.413025695763,2669.6826051391527,20316.28462510712,1860.2845821248775,07/15  19:30:00,0.13936372650020795,1413.5298022916043,1024.4243527212507,424.05894068748063,0.0,11040.758984941363,0.0,07/15  00:15:00,1104.221155938986,07/15  17:00:00,0.0,5414.452164634299,25.96020181065044,07/15  00:15:00,23.89724049740002,82.5791669416385,0.0,0.0,Zone People Occupant Count|Zone People Sensible Heating Energy|Zone People Latent Gain Energy|Zone People Radiant Heating Energy|Zone Ideal Loads Supply Air Total Heating Energy|Zone Ideal Loads Supply Air Total Cooling Energy|Zone Ideal Loads Supply Air Total Heating Rate|Zone Ideal Loads Supply Air Total Cooling Rate|Zone Ideal Loads Outdoor Air Total Heating Energy|Zone Ideal Loads Outdoor Air Total Cooling Energy|Zone Ideal Loads Outdoor Air Mass Flow Rate|Zone Air Temperature|Zone Air Relative Humidity|Zone Heating Setpoint Not Met Time|Zone Cooling Setpoint Not Met Time,
seasonal,public_perimeter,summer,category,dining,,,22,4713.506777109117,1885.4027108436467,11698.92382078726,1601.7302950026774,07/15  19:30:00,0.3398171193433711,813.476151634919,590.394706859551,244.04284549047475,0.0,6367.725661509044,0.0,07/15  00:15:00,538.2813331615572,07/15  17:00:00,0.0,3573.317782826153,16.014546323505314,07/15  00:15:00,23.99924698192847,81.67168030347571,0.0,0.0,Zone People Occupant Count|Zone People Sensible Heating Energy|Zone People Latent Gain Energy|Zone People Radiant Heating Energy|Zone Ideal Loads Supply Air Total Heating Energy|Zone Ideal Loads Supply Air Total Cooling Energy|Zone Ideal Loads Supply Air Total Heating Rate|Zone Ideal Loads Supply Air Total Cooling Rate|Zone Ideal Loads Outdoor Air Total Heating Energy|Zone Ideal Loads Outdoor Air Total Cooling Energy|Zone Ideal Loads Outdoor Air Mass Flow Rate|Zone Air Temperature|Zone Air Relative Humidity|Zone Heating Setpoint Not Met Time|Zone Cooling Setpoint Not Met Time,
seasonal,public_perimeter,summer,category,office,,,69,20239.356559767635,3316.4684849583873,28621.12302519089,2818.9982122146303,07/15  09:15:00,0.13928299567676547,2033.9887036586192,1742.1764658934815,610.1966110975826,0.0,13137.735575100396,0.0,07/15  00:15:00,1482.5783110918192,07/15  17:00:00,0.0,8219.625521669981,37.40667763294239,07/15  00:15:00,23.960684230344942,81.56252295510409,0.0,0.0,Zone People Occupant Count|Zone People Sensible Heating Energy|Zone People Latent Gain Energy|Zone People Radiant Heating Energy|Zone Ideal Loads Supply Air Total Heating Energy|Zone Ideal Loads Supply Air Total Cooling Energy|Zone Ideal Loads Supply Air Total Heating Rate|Zone Ideal Loads Supply Air Total Cooling Rate|Zone Ideal Loads Outdoor Air Total Heating Energy|Zone Ideal Loads Outdoor Air Total Cooling Energy|Zone Ideal Loads Outdoor Air Mass Flow Rate|Zone Air Temperature|Zone Air Relative Humidity|Zone Heating Setpoint Not Met Time|Zone Cooling Setpoint Not Met Time,
seasonal,public_perimeter,summer,category,restroom,,,27,7190.122546267738,773.9383497319058,1606.835322944167,117.94305742978057,07/15  19:30:00,0.01640348362226492,114.18140024904444,97.9208623795853,34.25442007471336,0.0,7468.37824407175,0.0,07/15  00:15:00,643.3345994190487,07/15  16:00:00,0.0,8177.261510294021,42.07235806176744,07/15  00:15:00,23.999987127260034,83.96991998058374,0.0,0.0,Zone People Occupant Count|Zone People Sensible Heating Energy|Zone People Latent Gain Energy|Zone People Radiant Heating Energy|Zone Ideal Loads Supply Air Total Heating Energy|Zone Ideal Loads Supply Air Total Cooling Energy|Zone Ideal Loads Supply Air Total Heating Rate|Zone Ideal Loads Supply Air Total Cooling Rate|Zone Ideal Loads Outdoor Air Total Heating Energy|Zone Ideal Loads Outdoor Air Total Cooling Energy|Zone Ideal Loads Outdoor Air Mass Flow Rate|Zone Air Temperature|Zone Air Relative Humidity|Zone Heating Setpoint Not Met Time|Zone Cooling Setpoint Not Met Time,
seasonal,public_perimeter,summer,category,terminal_hall,,,126,150117.49023392878,8079.256084296528,58615.00289156745,4932.7587217896635,07/15  17:30:00,0.03285932048359537,4085.575902671465,2948.2244443166337,1225.6727708014312,0.0,54101.95570411012,0.0,07/15  00:15:00,5504.5998876406,07/15  17:00:00,0.0,30337.804761355226,91.49990084507995,07/15  00:15:00,23.847835877052482,72.30976965557531,0.0,0.0,Zone People Occupant Count|Zone People Sensible Heating Energy|Zone People Latent Gain Energy|Zone People Radiant Heating Energy|Zone Ideal Loads Supply Air Total Heating Energy|Zone Ideal Loads Supply Air Total Cooling Energy|Zone Ideal Loads Supply Air Total Heating Rate|Zone Ideal Loads Supply Air Total Cooling Rate|Zone Ideal Loads Outdoor Air Total Heating Energy|Zone Ideal Loads Outdoor Air Total Cooling Energy|Zone Ideal Loads Outdoor Air Mass Flow Rate|Zone Air Temperature|Zone Air Relative Humidity|Zone Heating Setpoint Not Met Time|Zone Cooling Setpoint Not Met Time,
seasonal,public_volume_0_50,summer,category,breakroom,,,9,1516.6932212803674,408.1387490873193,1381.549665660576,293.8598993428697,07/15  12:45:00,0.1937503875007749,96.07484022097398,69.71111965829503,28.822452066292236,0.0,969.1342102572693,0.0,07/15  00:15:00,89.58619856420582,07/15  16:00:00,0.0,883.6942838647192,4.62228882002028,07/15  00:15:00,23.990189395028086,84.278882336843,0.0,0.0,Zone People Occupant Count|Zone People Sensible Heating Energy|Zone People Latent Gain Energy|Zone People Radiant Heating Energy|Zone Ideal Loads Supply Air Total Heating Energy|Zone Ideal Loads Supply Air Total Cooling Energy|Zone Ideal Loads Supply Air Total Heating Rate|Zone Ideal Loads Supply Air Total Cooling Rate|Zone Ideal Loads Outdoor Air Total Heating Energy|Zone Ideal Loads Outdoor Air Total Cooling Energy|Zone Ideal Loads Outdoor Air Mass Flow Rate|Zone Air Temperature|Zone Air Relative Humidity|Zone Heating Setpoint Not Met Time|Zone Cooling Setpoint Not Met Time,
seasonal,public_volume_0_50,summer,category,commerce_retail,,,51,13348.413025695763,2669.6826051391527,20316.284625108958,1860.2845821249691,07/15  19:30:00,0.1393637265002148,1413.496215424803,1024.4579395882658,424.04886462744196,0.0,10993.251046295067,0.0,07/15  00:15:00,1104.646653951766,07/15  17:00:00,0.0,5384.616164805305,25.96020181065044,07/15  00:15:00,23.896315595949243,82.72832603243957,0.0,0.0,Zone People Occupant Count|Zone People Sensible Heating Energy|Zone People Latent Gain Energy|Zone People Radiant Heating Energy|Zone Ideal Loads Supply Air Total Heating Energy|Zone Ideal Loads Supply Air Total Cooling Energy|Zone Ideal Loads Supply Air Total Heating Rate|Zone Ideal Loads Supply Air Total Cooling Rate|Zone Ideal Loads Outdoor Air Total Heating Energy|Zone Ideal Loads Outdoor Air Total Cooling Energy|Zone Ideal Loads Outdoor Air Mass Flow Rate|Zone Air Temperature|Zone Air Relative Humidity|Zone Heating Setpoint Not Met Time|Zone Cooling Setpoint Not Met Time,
seasonal,public_volume_0_50,summer,category,dining,,,22,4713.506777109117,1885.4027108436467,11698.923820784827,1601.730295002767,07/15  19:30:00,0.3398171193433901,813.4764478537393,590.3944106404382,244.0429343561222,0.0,6332.302352624641,0.0,07/15  00:15:00,535.1393383614012,07/15  17:00:00,0.0,3541.624784626723,16.014546323505314,07/15  00:15:00,23.999176727902874,81.83480800224932,0.0,0.0,Zone People Occupant Count|Zone People Sensible Heating Energy|Zone People Latent Gain Energy|Zone People Radiant Heating Energy|Zone Ideal Loads Supply Air Total Heating Energy|Zone Ideal Loads Supply Air Total Cooling Energy|Zone Ideal Loads Supply Air Total Heating Rate|Zone Ideal Loads Supply Air Total Cooling Rate|Zone Ideal Loads Outdoor Air Total Heating Energy|Zone Ideal Loads Outdoor Air Total Cooling Energy|Zone Ideal Loads Outdoor Air Mass Flow Rate|Zone Air Temperature|Zone Air Relative Humidity|Zone Heating Setpoint Not Met Time|Zone Cooling Setpoint Not Met Time,
seasonal,public_volume_0_50,summer,category,office,,,69,20239.356559767635,3316.4684849583873,28621.12302519089,2818.9982122146303,07/15  09:15:00,0.13928299567676547,2033.964655036764,1742.2005145153355,610.1893965110266,0.0,13118.65590908232,0.0,07/15  00:15:00,1481.3596227692815,07/15  17:00:00,0.0,8209.486479967496,37.40667763294239,07/15  00:15:00,23.960436346539606,81.5816413129725,0.0,0.0,Zone People Occupant Count|Zone People Sensible Heating Energy|Zone People Latent Gain Energy|Zone People Radiant Heating Energy|Zone Ideal Loads Supply Air Total Heating Energy|Zone Ideal Loads Supply Air Total Cooling Energy|Zone Ideal Loads Supply Air Total Heating Rate|Zone Ideal Loads Supply Air Total Cooling Rate|Zone Ideal Loads Outdoor Air Total Heating Energy|Zone Ideal Loads Outdoor Air Total Cooling Energy|Zone Ideal Loads Outdoor Air Mass Flow Rate|Zone Air Temperature|Zone Air Relative Humidity|Zone Heating Setpoint Not Met Time|Zone Cooling Setpoint Not Met Time,
seasonal,public_volume_0_50,summer,category,restroom,,,27,7190.122546267738,773.9383497319058,1606.8353229463867,117.94305742997388,07/15  19:30:00,0.016403483622291805,114.18140358515943,97.92085904376333,34.25442107554791,0.0,7462.3299668231375,0.0,07/15  00:15:00,643.0191048223469,07/15  16:00:00,0.0,8175.766212033516,42.07235806176744,07/15  00:15:00,23.99998288944175,83.97297087257597,0.0,0.0,Zone People Occupant Count|Zone People Sensible Heating Energy|Zone People Latent Gain Energy|Zone People Radiant Heating Energy|Zone Ideal Loads Supply Air Total Heating Energy|Zone Ideal Loads Supply Air Total Cooling Energy|Zone Ideal Loads Supply Air Total Heating Rate|Zone Ideal Loads Supply Air Total Cooling Rate|Zone Ideal Loads Outdoor Air Total Heating Energy|Zone Ideal Loads Outdoor Air Total Cooling Energy|Zone Ideal Loads Outdoor Air Mass Flow Rate|Zone Air Temperature|Zone Air Relative Humidity|Zone Heating Setpoint Not Met Time|Zone Cooling Setpoint Not Met Time,
seasonal,public_volume_0_50,summer,category,terminal_hall,,,126,150117.49023392878,8079.256084296528,29307.501445785656,2466.379360893654,07/15  17:30:00,0.016429660241789837,2043.0674535204755,1473.8327199737996,612.9202360561396,0.0,51226.905108661085,0.0,07/15  00:15:00,5306.799542636395,07/15  17:00:00,0.0,30397.47935180433,91.49990084507995,07/15  00:15:00,23.841442297281564,72.17577189189171,0.0,0.0,Zone People Occupant Count|Zone People Sensible Heating Energy|Zone People Latent Gain Energy|Zone People Radiant Heating Energy|Zone Ideal Loads Supply Air Total Heating Energy|Zone Ideal Loads Supply Air Total Cooling Energy|Zone Ideal Loads Supply Air Total Heating Rate|Zone Ideal Loads Supply Air Total Cooling Rate|Zone Ideal Loads Outdoor Air Total Heating Energy|Zone Ideal Loads Outdoor Air Total Cooling Energy|Zone Ideal Loads Outdoor Air Mass Flow Rate|Zone Air Temperature|Zone Air Relative Humidity|Zone Heating Setpoint Not Met Time|Zone Cooling Setpoint Not Met Time,
seasonal,public_volume_0_75,summer,category,breakroom,,,9,1516.6932212803674,408.1387490873193,1381.549665660576,293.8598993428697,07/15  12:45:00,0.1937503875007749,96.07497433595111,69.71098554331792,28.82249230078537,0.0,969.815803971419,0.0,07/15  00:15:00,89.64139925625729,07/15  16:00:00,0.0,883.9057449938553,4.62228882002028,07/15  00:15:00,23.990249319609205,84.27513190322423,0.0,0.0,Zone People Occupant Count|Zone People Sensible Heating Energy|Zone People Latent Gain Energy|Zone People Radiant Heating Energy|Zone Ideal Loads Supply Air Total Heating Energy|Zone Ideal Loads Supply Air Total Cooling Energy|Zone Ideal Loads Supply Air Total Heating Rate|Zone Ideal Loads Supply Air Total Cooling Rate|Zone Ideal Loads Outdoor Air Total Heating Energy|Zone Ideal Loads Outdoor Air Total Cooling Energy|Zone Ideal Loads Outdoor Air Mass Flow Rate|Zone Air Temperature|Zone Air Relative Humidity|Zone Heating Setpoint Not Met Time|Zone Cooling Setpoint Not Met Time,
seasonal,public_volume_0_75,summer,category,commerce_retail,,,51,13348.413025695763,2669.6826051391527,20316.284625108958,1860.2845821249691,07/15  19:30:00,0.1393637265002148,1413.5117616149632,1024.442393398105,424.0535284844902,0.0,10999.76771378196,0.0,07/15  00:15:00,1105.0862231458239,07/15  17:00:00,0.0,5387.155679942772,25.96020181065044,07/15  00:15:00,23.896618953910092,82.71626669547223,0.0,0.0,Zone People Occupant Count|Zone People Sensible Heating Energy|Zone People Latent Gain Energy|Zone People Radiant Heating Energy|Zone Ideal Loads Supply Air Total Heating Energy|Zone Ideal Loads Supply Air Total Cooling Energy|Zone Ideal Loads Supply Air Total Heating Rate|Zone Ideal Loads Supply Air Total Cooling Rate|Zone Ideal Loads Outdoor Air Total Heating Energy|Zone Ideal Loads Outdoor Air Total Cooling Energy|Zone Ideal Loads Outdoor Air Mass Flow Rate|Zone Air Temperature|Zone Air Relative Humidity|Zone Heating Setpoint Not Met Time|Zone Cooling Setpoint Not Met Time,
seasonal,public_volume_0_75,summer,category,dining,,,22,4713.506777109117,1885.4027108436467,11698.923820784827,1601.730295002767,07/15  19:30:00,0.3398171193433901,813.4764110202876,590.3944474738895,244.04292330608675,0.0,6334.455840102749,0.0,07/15  00:15:00,535.2976498002636,07/15  17:00:00,0.0,3542.4817678600984,16.014546323505314,07/15  00:15:00,23.999186995348172,81.83005232928295,0.0,0.0,Zone People Occupant Count|Zone People Sensible Heating Energy|Zone People Latent Gain Energy|Zone People Radiant Heating Energy|Zone Ideal Loads Supply Air Total Heating Energy|Zone Ideal Loads Supply Air Total Cooling Energy|Zone Ideal Loads Supply Air Total Heating Rate|Zone Ideal Loads Supply Air Total Cooling Rate|Zone Ideal Loads Outdoor Air Total Heating Energy|Zone Ideal Loads Outdoor Air Total Cooling Energy|Zone Ideal Loads Outdoor Air Mass Flow Rate|Zone Air Temperature|Zone Air Relative Humidity|Zone Heating Setpoint Not Met Time|Zone Cooling Setpoint Not Met Time,
seasonal,public_volume_0_75,summer,category,office,,,69,20239.356559767635,3316.4684849583873,28621.12302519089,2818.9982122146303,07/15  09:15:00,0.13928299567676547,2033.9908879372272,1742.174281614873,610.1972663811652,0.0,13128.647399896288,0.0,07/15  00:15:00,1481.9229688387281,07/15  17:00:00,0.0,8215.337145525049,37.40667763294239,07/15  00:15:00,23.96056842220699,81.5727164536537,0.0,0.0,Zone People Occupant Count|Zone People Sensible Heating Energy|Zone People Latent Gain Energy|Zone People Radiant Heating Energy|Zone Ideal Loads Supply Air Total Heating Energy|Zone Ideal Loads Supply Air Total Cooling Energy|Zone Ideal Loads Supply Air Total Heating Rate|Zone Ideal Loads Supply Air Total Cooling Rate|Zone Ideal Loads Outdoor Air Total Heating Energy|Zone Ideal Loads Outdoor Air Total Cooling Energy|Zone Ideal Loads Outdoor Air Mass Flow Rate|Zone Air Temperature|Zone Air Relative Humidity|Zone Heating Setpoint Not Met Time|Zone Cooling Setpoint Not Met Time,
seasonal,public_volume_0_75,summer,category,restroom,,,27,7190.122546267738,773.9383497319058,1606.8353229463867,117.94305742997388,07/15  19:30:00,0.016403483622291805,114.1814004403291,97.92086218859366,34.25442013209881,0.0,7465.063462641578,0.0,07/15  00:15:00,643.1679508189843,07/15  16:00:00,0.0,8176.899819029398,42.07235806176744,07/15  00:15:00,23.999984310809573,83.97084110792933,0.0,0.0,Zone People Occupant Count|Zone People Sensible Heating Energy|Zone People Latent Gain Energy|Zone People Radiant Heating Energy|Zone Ideal Loads Supply Air Total Heating Energy|Zone Ideal Loads Supply Air Total Cooling Energy|Zone Ideal Loads Supply Air Total Heating Rate|Zone Ideal Loads Supply Air Total Cooling Rate|Zone Ideal Loads Outdoor Air Total Heating Energy|Zone Ideal Loads Outdoor Air Total Cooling Energy|Zone Ideal Loads Outdoor Air Mass Flow Rate|Zone Air Temperature|Zone Air Relative Humidity|Zone Heating Setpoint Not Met Time|Zone Cooling Setpoint Not Met Time,
seasonal,public_volume_0_75,summer,category,terminal_hall,,,126,150117.49023392878,8079.256084296528,43961.25216867848,3699.569041340481,07/15  17:30:00,0.024644490362684755,3064.611417619821,2210.7388426215666,919.3834252859527,0.0,52660.30052747641,0.0,07/15  00:15:00,5403.304730789679,07/15  17:00:00,0.0,30368.33493085097,91.49990084507995,07/15  00:15:00,23.84465668987251,72.23476811338752,0.0,0.0,Zone People Occupant Count|Zone People Sensible Heating Energy|Zone People Latent Gain Energy|Zone People Radiant Heating Energy|Zone Ideal Loads Supply Air Total Heating Energy|Zone Ideal Loads Supply Air Total Cooling Energy|Zone Ideal Loads Supply Air Total Heating Rate|Zone Ideal Loads Supply Air Total Cooling Rate|Zone Ideal Loads Outdoor Air Total Heating Energy|Zone Ideal Loads Outdoor Air Total Cooling Energy|Zone Ideal Loads Outdoor Air Mass Flow Rate|Zone Air Temperature|Zone Air Relative Humidity|Zone Heating Setpoint Not Met Time|Zone Cooling Setpoint Not Met Time,
seasonal,public_volume_1_00,summer,category,breakroom,,,9,1516.6932212803674,408.1387490873193,1381.549665660576,293.8598993428697,07/15  12:45:00,0.1937503875007749,96.0748817055253,69.71107817374376,28.82246451165762,0.0,970.5201999426687,0.0,07/15  00:15:00,89.6974951285876,07/15  16:00:00,0.0,884.1952501257138,4.62228882002028,07/15  00:15:00,23.990315491306283,84.27059286946728,0.0,0.0,Zone People Occupant Count|Zone People Sensible Heating Energy|Zone People Latent Gain Energy|Zone People Radiant Heating Energy|Zone Ideal Loads Supply Air Total Heating Energy|Zone Ideal Loads Supply Air Total Cooling Energy|Zone Ideal Loads Supply Air Total Heating Rate|Zone Ideal Loads Supply Air Total Cooling Rate|Zone Ideal Loads Outdoor Air Total Heating Energy|Zone Ideal Loads Outdoor Air Total Cooling Energy|Zone Ideal Loads Outdoor Air Mass Flow Rate|Zone Air Temperature|Zone Air Relative Humidity|Zone Heating Setpoint Not Met Time|Zone Cooling Setpoint Not Met Time,
seasonal,public_volume_1_00,summer,category,commerce_retail,,,51,13348.413025695763,2669.6826051391527,20316.284625108958,1860.2845821249691,07/15  19:30:00,0.1393637265002148,1413.5090920053617,1024.445063007706,424.0527276016096,0.0,11005.997974267226,0.0,07/15  00:15:00,1105.534503181351,07/15  17:00:00,0.0,5389.782916698666,25.96020181065044,07/15  00:15:00,23.896829984162363,82.70656953127492,0.0,0.0,Zone People Occupant Count|Zone People Sensible Heating Energy|Zone People Latent Gain Energy|Zone People Radiant Heating Energy|Zone Ideal Loads Supply Air Total Heating Energy|Zone Ideal Loads Supply Air Total Cooling Energy|Zone Ideal Loads Supply Air Total Heating Rate|Zone Ideal Loads Supply Air Total Cooling Rate|Zone Ideal Loads Outdoor Air Total Heating Energy|Zone Ideal Loads Outdoor Air Total Cooling Energy|Zone Ideal Loads Outdoor Air Mass Flow Rate|Zone Air Temperature|Zone Air Relative Humidity|Zone Heating Setpoint Not Met Time|Zone Cooling Setpoint Not Met Time,
seasonal,public_volume_1_00,summer,category,dining,,,22,4713.506777109117,1885.4027108436467,11698.923820784827,1601.730295002767,07/15  19:30:00,0.3398171193433901,813.4763588786924,590.3944996154848,244.04290766360822,0.0,6336.455567192773,0.0,07/15  00:15:00,535.4572819258372,07/15  17:00:00,0.0,3543.255839303251,16.014546323505314,07/15  00:15:00,23.99919743201487,81.82573912964754,0.0,0.0,Zone People Occupant Count|Zone People Sensible Heating Energy|Zone People Latent Gain Energy|Zone People Radiant Heating Energy|Zone Ideal Loads Supply Air Total Heating Energy|Zone Ideal Loads Supply Air Total Cooling Energy|Zone Ideal Loads Supply Air Total Heating Rate|Zone Ideal Loads Supply Air Total Cooling Rate|Zone Ideal Loads Outdoor Air Total Heating Energy|Zone Ideal Loads Outdoor Air Total Cooling Energy|Zone Ideal Loads Outdoor Air Mass Flow Rate|Zone Air Temperature|Zone Air Relative Humidity|Zone Heating Setpoint Not Met Time|Zone Cooling Setpoint Not Met Time,
seasonal,public_volume_1_00,summer,category,office,,,69,20239.356559767635,3316.4684849583873,28621.12302519089,2818.9982122146303,07/15  09:15:00,0.13928299567676547,2033.9891069872199,1742.176062564882,610.1967320961629,0.0,13136.424464475818,0.0,07/15  00:15:00,1482.494864167609,07/15  17:00:00,0.0,8219.22393516438,37.40667763294239,07/15  00:15:00,23.96066951553491,81.56368167478439,0.0,0.0,Zone People Occupant Count|Zone People Sensible Heating Energy|Zone People Latent Gain Energy|Zone People Radiant Heating Energy|Zone Ideal Loads Supply Air Total Heating Energy|Zone Ideal Loads Supply Air Total Cooling Energy|Zone Ideal Loads Supply Air Total Heating Rate|Zone Ideal Loads Supply Air Total Cooling Rate|Zone Ideal Loads Outdoor Air Total Heating Energy|Zone Ideal Loads Outdoor Air Total Cooling Energy|Zone Ideal Loads Outdoor Air Mass Flow Rate|Zone Air Temperature|Zone Air Relative Humidity|Zone Heating Setpoint Not Met Time|Zone Cooling Setpoint Not Met Time,
seasonal,public_volume_1_00,summer,category,restroom,,,27,7190.122546267738,773.9383497319058,1606.8353229463867,117.94305742997388,07/15  19:30:00,0.016403483622291805,114.18139730173134,97.92086532719145,34.25441919051947,0.0,7468.044437333334,0.0,07/15  00:15:00,643.318820625176,07/15  16:00:00,0.0,8177.552175445066,42.07235806176744,07/15  00:15:00,23.999985729225106,83.9693661876467,0.0,0.0,Zone People Occupant Count|Zone People Sensible Heating Energy|Zone People Latent Gain Energy|Zone People Radiant Heating Energy|Zone Ideal Loads Supply Air Total Heating Energy|Zone Ideal Loads Supply Air Total Cooling Energy|Zone Ideal Loads Supply Air Total Heating Rate|Zone Ideal Loads Supply Air Total Cooling Rate|Zone Ideal Loads Outdoor Air Total Heating Energy|Zone Ideal Loads Outdoor Air Total Cooling Energy|Zone Ideal Loads Outdoor Air Mass Flow Rate|Zone Air Temperature|Zone Air Relative Humidity|Zone Heating Setpoint Not Met Time|Zone Cooling Setpoint Not Met Time,
seasonal,public_volume_1_00,summer,category,terminal_hall,,,126,150117.49023392878,8079.256084296528,58615.00289157131,4932.758721787308,07/15  17:30:00,0.032859320483579674,4085.7579659528988,2948.042381035658,1225.7273897858624,0.0,54125.938870445585,0.0,07/15  00:15:00,5501.060816545965,07/15  17:00:00,0.0,30394.647302443147,91.49990084507995,07/15  00:15:00,23.84811082623682,72.29479870208587,0.0,0.0,Zone People Occupant Count|Zone People Sensible Heating Energy|Zone People Latent Gain Energy|Zone People Radiant Heating Energy|Zone Ideal Loads Supply Air Total Heating Energy|Zone Ideal Loads Supply Air Total Cooling Energy|Zone Ideal Loads Supply Air Total Heating Rate|Zone Ideal Loads Supply Air Total Cooling Rate|Zone Ideal Loads Outdoor Air Total Heating Energy|Zone Ideal Loads Outdoor Air Total Cooling Energy|Zone Ideal Loads Outdoor Air Mass Flow Rate|Zone Air Temperature|Zone Air Relative Humidity|Zone Heating Setpoint Not Met Time|Zone Cooling Setpoint Not Met Time,
seasonal,public_volume_1_25,summer,category,breakroom,,,9,1516.6932212803674,408.1387490873193,1381.549665660576,293.8598993428697,07/15  12:45:00,0.1937503875007749,96.07478976438377,69.71117011488529,28.82243692931516,0.0,971.2217448320124,0.0,07/15  00:15:00,89.75358403200052,07/15  16:00:00,0.0,884.415065579801,4.62228882002028,07/15  00:15:00,23.99038103801161,84.26604925514883,0.0,0.0,Zone People Occupant Count|Zone People Sensible Heating Energy|Zone People Latent Gain Energy|Zone People Radiant Heating Energy|Zone Ideal Loads Supply Air Total Heating Energy|Zone Ideal Loads Supply Air Total Cooling Energy|Zone Ideal Loads Supply Air Total Heating Rate|Zone Ideal Loads Supply Air Total Cooling Rate|Zone Ideal Loads Outdoor Air Total Heating Energy|Zone Ideal Loads Outdoor Air Total Cooling Energy|Zone Ideal Loads Outdoor Air Mass Flow Rate|Zone Air Temperature|Zone Air Relative Humidity|Zone Heating Setpoint Not Met Time|Zone Cooling Setpoint Not Met Time,
seasonal,public_volume_1_25,summer,category,commerce_retail,,,51,13348.413025695763,2669.6826051391527,20316.284625108958,1860.2845821249691,07/15  19:30:00,0.1393637265002148,1413.5064684881602,1024.4476865249085,424.0519405464491,0.0,11012.208129045564,0.0,07/15  00:15:00,1105.981666691852,07/15  17:00:00,0.0,5393.246576295234,25.96020181065044,07/15  00:15:00,23.897037849285756,82.69690334247176,0.0,0.0,Zone People Occupant Count|Zone People Sensible Heating Energy|Zone People Latent Gain Energy|Zone People Radiant Heating Energy|Zone Ideal Loads Supply Air Total Heating Energy|Zone Ideal Loads Supply Air Total Cooling Energy|Zone Ideal Loads Supply Air Total Heating Rate|Zone Ideal Loads Supply Air Total Cooling Rate|Zone Ideal Loads Outdoor Air Total Heating Energy|Zone Ideal Loads Outdoor Air Total Cooling Energy|Zone Ideal Loads Outdoor Air Mass Flow Rate|Zone Air Temperature|Zone Air Relative Humidity|Zone Heating Setpoint Not Met Time|Zone Cooling Setpoint Not Met Time,
seasonal,public_volume_1_25,summer,category,dining,,,22,4713.506777109117,1885.4027108436467,11698.923820784827,1601.730295002767,07/15  19:30:00,0.3398171193433901,813.4763072150743,590.3945512791032,244.0428921645227,0.0,6338.452189546349,0.0,07/15  00:15:00,535.616966668392,07/15  17:00:00,0.0,3544.0314351678585,16.014546323505314,07/15  00:15:00,23.999207753347473,81.82142136536972,0.0,0.0,Zone People Occupant Count|Zone People Sensible Heating Energy|Zone People Latent Gain Energy|Zone People Radiant Heating Energy|Zone Ideal Loads Supply Air Total Heating Energy|Zone Ideal Loads Supply Air Total Cooling Energy|Zone Ideal Loads Supply Air Total Heating Rate|Zone Ideal Loads Supply Air Total Cooling Rate|Zone Ideal Loads Outdoor Air Total Heating Energy|Zone Ideal Loads Outdoor Air Total Cooling Energy|Zone Ideal Loads Outdoor Air Mass Flow Rate|Zone Air Temperature|Zone Air Relative Humidity|Zone Heating Setpoint Not Met Time|Zone Cooling Setpoint Not Met Time,
seasonal,public_volume_1_25,summer,category,office,,,69,20239.356559767635,3316.4684849583873,28621.12302519089,2818.9982122146303,07/15  09:15:00,0.13928299567676547,2033.987338981564,1742.177830570537,610.196201694466,0.0,13144.181778875376,0.0,07/15  00:15:00,1483.0668663108147,07/15  17:00:00,0.0,8223.012156863586,37.40667763294239,07/15  00:15:00,23.96076933559498,81.55467634275688,0.0,0.0,Zone People Occupant Count|Zone People Sensible Heating Energy|Zone People Latent Gain Energy|Zone People Radiant Heating Energy|Zone Ideal Loads Supply Air Total Heating Energy|Zone Ideal Loads Supply Air Total Cooling Energy|Zone Ideal Loads Supply Air Total Heating Rate|Zone Ideal Loads Supply Air Total Cooling Rate|Zone Ideal Loads Outdoor Air Total Heating Energy|Zone Ideal Loads Outdoor Air Total Cooling Energy|Zone Ideal Loads Outdoor Air Mass Flow Rate|Zone Air Temperature|Zone Air Relative Humidity|Zone Heating Setpoint Not Met Time|Zone Cooling Setpoint Not Met Time,
seasonal,public_volume_1_25,summer,category,restroom,,,27,7190.122546267738,773.9383497319058,1606.8353229463867,117.94305742997388,07/15  19:30:00,0.016403483622291805,114.18139418216923,97.92086844675357,34.25441825465084,0.0,7471.00843017242,0.0,07/15  00:15:00,643.4696252293688,07/15  16:00:00,0.0,8178.197657077592,42.07235806176744,07/15  00:15:00,23.999987138897342,83.9679081153386,0.0,0.0,Zone People Occupant Count|Zone People Sensible Heating Energy|Zone People Latent Gain Energy|Zone People Radiant Heating Energy|Zone Ideal Loads Supply Air Total Heating Energy|Zone Ideal Loads Supply Air Total Cooling Energy|Zone Ideal Loads Supply Air Total Heating Rate|Zone Ideal Loads Supply Air Total Cooling Rate|Zone Ideal Loads Outdoor Air Total Heating Energy|Zone Ideal Loads Outdoor Air Total Cooling Energy|Zone Ideal Loads Outdoor Air Mass Flow Rate|Zone Air Temperature|Zone Air Relative Humidity|Zone Heating Setpoint Not Met Time|Zone Cooling Setpoint Not Met Time,
seasonal,public_volume_1_25,summer,category,terminal_hall,,,126,150117.49023392878,8079.256084296528,73268.7536144641,6165.948402234135,07/15  17:30:00,0.04107415060447459,5106.740780871906,3685.5096528637832,1532.0222342615605,0.0,55582.161804388095,0.0,07/15  00:15:00,5600.067382773182,07/15  17:00:00,0.0,30385.09858509497,91.49990084507995,07/15  00:15:00,23.8514391714309,72.36274417643413,0.0,0.0,Zone People Occupant Count|Zone People Sensible Heating Energy|Zone People Latent Gain Energy|Zone People Radiant Heating Energy|Zone Ideal Loads Supply Air Total Heating Energy|Zone Ideal Loads Supply Air Total Cooling Energy|Zone Ideal Loads Supply Air Total Heating Rate|Zone Ideal Loads Supply Air Total Cooling Rate|Zone Ideal Loads Outdoor Air Total Heating Energy|Zone Ideal Loads Outdoor Air Total Cooling Energy|Zone Ideal Loads Outdoor Air Mass Flow Rate|Zone Air Temperature|Zone Air Relative Humidity|Zone Heating Setpoint Not Met Time|Zone Cooling Setpoint Not Met Time,
seasonal,public_volume_1_50,summer,category,breakroom,,,9,1516.6932212803674,408.1387490873193,1381.549665660576,293.8598993428697,07/15  12:45:00,0.1937503875007749,96.07457529782512,69.7113845814439,28.822372589347573,0.0,971.9228934780841,0.0,07/15  00:15:00,89.80979112176328,07/15  16:00:00,0.0,884.6333846168162,4.62228882002028,07/15  00:15:00,23.990447593804717,84.26150828511307,0.0,0.0,Zone People Occupant Count|Zone People Sensible Heating Energy|Zone People Latent Gain Energy|Zone People Radiant Heating Energy|Zone Ideal Loads Supply Air Total Heating Energy|Zone Ideal Loads Supply Air Total Cooling Energy|Zone Ideal Loads Supply Air Total Heating Rate|Zone Ideal Loads Supply Air Total Cooling Rate|Zone Ideal Loads Outdoor Air Total Heating Energy|Zone Ideal Loads Outdoor Air Total Cooling Energy|Zone Ideal Loads Outdoor Air Mass Flow Rate|Zone Air Temperature|Zone Air Relative Humidity|Zone Heating Setpoint Not Met Time|Zone Cooling Setpoint Not Met Time,
seasonal,public_volume_1_50,summer,category,commerce_retail,,,51,13348.413025695763,2669.6826051391527,20316.284625108958,1860.2845821249691,07/15  19:30:00,0.1393637265002148,1413.5132811412004,1024.4408738718685,424.05398434236133,0.0,11020.484008625815,0.0,07/15  00:15:00,1106.4287562247991,07/15  17:00:00,0.0,5393.490868811553,25.96020181065044,07/15  00:15:00,23.89667953257448,82.69786021433735,0.0,0.0,Zone People Occupant Count|Zone People Sensible Heating Energy|Zone People Latent Gain Energy|Zone People Radiant Heating Energy|Zone Ideal Loads Supply Air Total Heating Energy|Zone Ideal Loads Supply Air Total Cooling Energy|Zone Ideal Loads Supply Air Total Heating Rate|Zone Ideal Loads Supply Air Total Cooling Rate|Zone Ideal Loads Outdoor Air Total Heating Energy|Zone Ideal Loads Outdoor Air Total Cooling Energy|Zone Ideal Loads Outdoor Air Mass Flow Rate|Zone Air Temperature|Zone Air Relative Humidity|Zone Heating Setpoint Not Met Time|Zone Cooling Setpoint Not Met Time,
seasonal,public_volume_1_50,summer,category,dining,,,22,4713.506777109117,1885.4027108436467,11698.923820784827,1601.730295002767,07/15  19:30:00,0.3398171193433901,813.4762422367604,590.3946162574172,244.04287267102853,0.0,6340.714503948851,0.0,07/15  00:15:00,535.776675604719,07/15  17:00:00,0.0,3544.7193147357843,16.014546323505314,07/15  00:15:00,23.999218055557016,81.81867333828389,0.0,0.0,Zone People Occupant Count|Zone People Sensible Heating Energy|Zone People Latent Gain Energy|Zone People Radiant Heating Energy|Zone Ideal Loads Supply Air Total Heating Energy|Zone Ideal Loads Supply Air Total Cooling Energy|Zone Ideal Loads Supply Air Total Heating Rate|Zone Ideal Loads Supply Air Total Cooling Rate|Zone Ideal Loads Outdoor Air Total Heating Energy|Zone Ideal Loads Outdoor Air Total Cooling Energy|Zone Ideal Loads Outdoor Air Mass Flow Rate|Zone Air Temperature|Zone Air Relative Humidity|Zone Heating Setpoint Not Met Time|Zone Cooling Setpoint Not Met Time,
seasonal,public_volume_1_50,summer,category,office,,,69,20239.356559767635,3316.4684849583873,28621.12302519089,2818.9982122146303,07/15  09:15:00,0.13928299567676547,2033.9652196130835,1742.1999499390176,610.1895658839219,0.0,13152.140595398205,0.0,07/15  00:15:00,1483.6422399003825,07/15  17:00:00,0.0,8223.881110545759,37.40667763294239,07/15  00:15:00,23.960813006567598,81.54932178163322,0.0,0.0,Zone People Occupant Count|Zone People Sensible Heating Energy|Zone People Latent Gain Energy|Zone People Radiant Heating Energy|Zone Ideal Loads Supply Air Total Heating Energy|Zone Ideal Loads Supply Air Total Cooling Energy|Zone Ideal Loads Supply Air Total Heating Rate|Zone Ideal Loads Supply Air Total Cooling Rate|Zone Ideal Loads Outdoor Air Total Heating Energy|Zone Ideal Loads Outdoor Air Total Cooling Energy|Zone Ideal Loads Outdoor Air Mass Flow Rate|Zone Air Temperature|Zone Air Relative Humidity|Zone Heating Setpoint Not Met Time|Zone Cooling Setpoint Not Met Time,
seasonal,public_volume_1_50,summer,category,restroom,,,27,7190.122546267738,773.9383497319058,1606.8353229463867,117.94305742997388,07/15  19:30:00,0.016403483622291805,114.18139107181204,97.92087155711076,34.25441732154369,0.0,7474.002516459848,0.0,07/15  00:15:00,643.6206328029981,07/15  16:00:00,0.0,8177.932173859602,42.07235806176744,07/15  00:15:00,23.999988544283454,83.96852613780932,0.0,0.0,Zone People Occupant Count|Zone People Sensible Heating Energy|Zone People Latent Gain Energy|Zone People Radiant Heating Energy|Zone Ideal Loads Supply Air Total Heating Energy|Zone Ideal Loads Supply Air Total Cooling Energy|Zone Ideal Loads Supply Air Total Heating Rate|Zone Ideal Loads Supply Air Total Cooling Rate|Zone Ideal Loads Outdoor Air Total Heating Energy|Zone Ideal Loads Outdoor Air Total Cooling Energy|Zone Ideal Loads Outdoor Air Mass Flow Rate|Zone Air Temperature|Zone Air Relative Humidity|Zone Heating Setpoint Not Met Time|Zone Cooling Setpoint Not Met Time,
seasonal,public_volume_1_50,summer,category,terminal_hall,,,126,150117.49023392878,8079.256084296528,87922.50433735696,7399.138082680962,07/15  17:30:00,0.04928898072536951,6127.525988600977,4423.1745318818,1838.257796580307,0.0,57032.49773572195,0.0,07/15  00:15:00,5700.3982356105835,07/15  17:00:00,0.0,30308.97838459437,91.49990084507995,07/15  00:15:00,23.854022741866345,72.46430541393784,0.0,0.0,Zone People Occupant Count|Zone People Sensible Heating Energy|Zone People Latent Gain Energy|Zone People Radiant Heating Energy|Zone Ideal Loads Supply Air Total Heating Energy|Zone Ideal Loads Supply Air Total Cooling Energy|Zone Ideal Loads Supply Air Total Heating Rate|Zone Ideal Loads Supply Air Total Cooling Rate|Zone Ideal Loads Outdoor Air Total Heating Energy|Zone Ideal Loads Outdoor Air Total Cooling Energy|Zone Ideal Loads Outdoor Air Mass Flow Rate|Zone Air Temperature|Zone Air Relative Humidity|Zone Heating Setpoint Not Met Time|Zone Cooling Setpoint Not Met Time,
seasonal,baseline_r,winter,category,breakroom,,,9,1516.6932212803674,408.1387490873193,1381.549665660576,293.8598993428697,01/15  12:45:00,0.1937503875007749,119.64704970528145,46.13891017398764,35.89411491158439,3189.372348832909,0.0,159.5142945785109,01/15  06:00:00,0.0,01/15  00:15:00,3110.1849044208493,0.0,4.622288820020281,01/15  09:45:00,20.000000000000043,9.82035412709225,0.0,0.0,Zone People Occupant Count|Zone People Sensible Heating Energy|Zone People Latent Gain Energy|Zone People Radiant Heating Energy|Zone Ideal Loads Supply Air Total Heating Energy|Zone Ideal Loads Supply Air Total Cooling Energy|Zone Ideal Loads Supply Air Total Heating Rate|Zone Ideal Loads Supply Air Total Cooling Rate|Zone Ideal Loads Outdoor Air Total Heating Energy|Zone Ideal Loads Outdoor Air Total Cooling Energy|Zone Ideal Loads Outdoor Air Mass Flow Rate|Zone Air Temperature|Zone Air Relative Humidity|Zone Heating Setpoint Not Met Time|Zone Cooling Setpoint Not Met Time,
seasonal,baseline_r,winter,category,commerce_retail,,,51,13348.413025695763,2669.6826051391527,20316.284625108958,1860.2845821249691,01/15  19:30:00,0.1393637265002148,1747.824769256534,690.1293857565371,524.3474307769607,18144.05827544202,987.7354341274395,1018.5139730585882,01/15  06:00:00,285.25193555888774,01/15  15:15:00,17063.681649763945,0.0,25.960201810650442,01/15  09:45:00,20.08526133134841,11.465159485157802,0.0,0.0,Zone People Occupant Count|Zone People Sensible Heating Energy|Zone People Latent Gain Energy|Zone People Radiant Heating Energy|Zone Ideal Loads Supply Air Total Heating Energy|Zone Ideal Loads Supply Air Total Cooling Energy|Zone Ideal Loads Supply Air Total Heating Rate|Zone Ideal Loads Supply Air Total Cooling Rate|Zone Ideal Loads Outdoor Air Total Heating Energy|Zone Ideal Loads Outdoor Air Total Cooling Energy|Zone Ideal Loads Outdoor Air Mass Flow Rate|Zone Air Temperature|Zone Air Relative Humidity|Zone Heating Setpoint Not Met Time|Zone Cooling Setpoint Not Met Time,
seasonal,baseline_r,winter,category,dining,,,22,4713.506777109117,1885.4027108436467,11698.923820784827,1601.730295002767,01/15  19:30:00,0.3398171193433901,1008.3508603067718,395.5199981874074,302.5052580920317,10513.609461725375,344.3281218314728,562.2061131967131,01/15  06:00:00,104.58864031876074,01/15  15:00:00,10553.625267278892,0.0,16.014546323505325,01/15  09:45:00,20.07191327549308,11.366744535925996,0.0,0.0,Zone People Occupant Count|Zone People Sensible Heating Energy|Zone People Latent Gain Energy|Zone People Radiant Heating Energy|Zone Ideal Loads Supply Air Total Heating Energy|Zone Ideal Loads Supply Air Total Cooling Energy|Zone Ideal Loads Supply Air Total Heating Rate|Zone Ideal Loads Supply Air Total Cooling Rate|Zone Ideal Loads Outdoor Air Total Heating Energy|Zone Ideal Loads Outdoor Air Total Cooling Energy|Zone Ideal Loads Outdoor Air Mass Flow Rate|Zone Air Temperature|Zone Air Relative Humidity|Zone Heating Setpoint Not Met Time|Zone Cooling Setpoint Not Met Time,
seasonal,baseline_r,winter,category,office,,,69,20239.356559767635,3316.4684849583873,28621.12302519089,2818.9982122146303,01/15  09:15:00,0.13928299567676547,2545.8014014795754,1230.3637680725155,763.7404204438744,24683.333491197198,207.05643961505476,1402.6499640093093,01/15  06:00:00,68.65108339719526,01/15  15:15:00,24967.87688989907,0.0,37.4066776329424,01/15  09:45:00,20.04409355268785,12.283661910884213,0.0,0.0,Zone People Occupant Count|Zone People Sensible Heating Energy|Zone People Latent Gain Energy|Zone People Radiant Heating Energy|Zone Ideal Loads Supply Air Total Heating Energy|Zone Ideal Loads Supply Air Total Cooling Energy|Zone Ideal Loads Supply Air Total Heating Rate|Zone Ideal Loads Supply Air Total Cooling Rate|Zone Ideal Loads Outdoor Air Total Heating Energy|Zone Ideal Loads Outdoor Air Total Cooling Energy|Zone Ideal Loads Outdoor Air Mass Flow Rate|Zone Air Temperature|Zone Air Relative Humidity|Zone Heating Setpoint Not Met Time|Zone Cooling Setpoint Not Met Time,
seasonal,baseline_r,winter,category,restroom,,,27,7190.122546267738,773.9383497319058,1606.8353229463867,117.94305742997388,01/15  19:30:00,0.016403483622291805,143.3955762477497,68.7066863811733,43.01867287432484,29698.27148075631,0.0,1372.4250641322342,01/15  06:00:00,0.0,01/15  00:15:00,28302.67451955328,0.0,42.072358061767446,01/15  09:45:00,20.00000000000017,8.922961883373036,0.0,0.0,Zone People Occupant Count|Zone People Sensible Heating Energy|Zone People Latent Gain Energy|Zone People Radiant Heating Energy|Zone Ideal Loads Supply Air Total Heating Energy|Zone Ideal Loads Supply Air Total Cooling Energy|Zone Ideal Loads Supply Air Total Heating Rate|Zone Ideal Loads Supply Air Total Cooling Rate|Zone Ideal Loads Outdoor Air Total Heating Energy|Zone Ideal Loads Outdoor Air Total Cooling Energy|Zone Ideal Loads Outdoor Air Mass Flow Rate|Zone Air Temperature|Zone Air Relative Humidity|Zone Heating Setpoint Not Met Time|Zone Cooling Setpoint Not Met Time,
seasonal,baseline_r,winter,category,terminal_hall,,,126,150117.49023392878,8079.256084296528,58615.00289157131,4932.758721787308,01/15  17:30:00,0.032859320483579674,5076.246422002384,1957.5539249861768,1522.8739266007192,86289.35960065051,0.0,5691.912604466373,01/15  05:00:00,0.0,01/15  00:15:00,61567.790441229205,0.0,91.49990084507996,01/15  09:45:00,20.000052112944246,10.765512220640666,0.0,0.0,Zone People Occupant Count|Zone People Sensible Heating Energy|Zone People Latent Gain Energy|Zone People Radiant Heating Energy|Zone Ideal Loads Supply Air Total Heating Energy|Zone Ideal Loads Supply Air Total Cooling Energy|Zone Ideal Loads Supply Air Total Heating Rate|Zone Ideal Loads Supply Air Total Cooling Rate|Zone Ideal Loads Outdoor Air Total Heating Energy|Zone Ideal Loads Outdoor Air Total Cooling Energy|Zone Ideal Loads Outdoor Air Mass Flow Rate|Zone Air Temperature|Zone Air Relative Humidity|Zone Heating Setpoint Not Met Time|Zone Cooling Setpoint Not Met Time,
seasonal,baseline_s,winter,category,breakroom,,,9,1516.6932212803674,81.62774981746384,832.6030481381307,77.54636232659068,01/15  08:15:00,0.05112857447937119,72.106346055768,27.80601972080797,21.631903816730386,741.6592914202894,0.0,50.4742382667946,01/15  05:00:00,0.0,01/15  00:15:00,622.3227479221927,0.0,0.924457764004058,01/15  08:45:00,20.000000000000043,11.61568083348256,0.0,0.0,Zone People Occupant Count|Zone People Sensible Heating Energy|Zone People Latent Gain Energy|Zone People Radiant Heating Energy|Zone Ideal Loads Supply Air Total Heating Energy|Zone Ideal Loads Supply Air Total Cooling Energy|Zone Ideal Loads Supply Air Total Heating Rate|Zone Ideal Loads Supply Air Total Cooling Rate|Zone Ideal Loads Outdoor Air Total Heating Energy|Zone Ideal Loads Outdoor Air Total Cooling Energy|Zone Ideal Loads Outdoor Air Mass Flow Rate|Zone Air Temperature|Zone Air Relative Humidity|Zone Heating Setpoint Not Met Time|Zone Cooling Setpoint Not Met Time,
seasonal,baseline_s,winter,category,commerce_retail,,,51,13348.413025695763,1772.554287171465,13336.384682188525,1446.7431204648708,01/15  15:15:00,0.10838315518705353,1142.4111883838573,457.95497347877114,342.7233565151572,14691.290945628807,994.7761462098207,846.5142185340015,01/15  06:00:00,286.8065340775491,01/15  15:15:00,13099.480771272703,0.0,20.074687548764885,01/15  08:45:00,20.085842857037097,11.133072603986509,0.0,0.0,Zone People Occupant Count|Zone People Sensible Heating Energy|Zone People Latent Gain Energy|Zone People Radiant Heating Energy|Zone Ideal Loads Supply Air Total Heating Energy|Zone Ideal Loads Supply Air Total Cooling Energy|Zone Ideal Loads Supply Air Total Heating Rate|Zone Ideal Loads Supply Air Total Cooling Rate|Zone Ideal Loads Outdoor Air Total Heating Energy|Zone Ideal Loads Outdoor Air Total Cooling Energy|Zone Ideal Loads Outdoor Air Mass Flow Rate|Zone Air Temperature|Zone Air Relative Humidity|Zone Heating Setpoint Not Met Time|Zone Cooling Setpoint Not Met Time,
seasonal,baseline_s,winter,category,dining,,,22,4713.506777109117,507.3576469735659,4667.690352156811,481.9897646248876,01/15  08:15:00,0.10225714895874215,399.03611977266,161.08672248615798,119.71083593179688,3333.4026049289932,516.2178773238428,217.11935079668405,01/15  06:00:00,134.06358203523118,01/15  15:15:00,2796.753106750781,0.0,4.30947854976148,01/15  08:45:00,20.12388118967806,12.278975252372796,0.0,0.0,Zone People Occupant Count|Zone People Sensible Heating Energy|Zone People Latent Gain Energy|Zone People Radiant Heating Energy|Zone Ideal Loads Supply Air Total Heating Energy|Zone Ideal Loads Supply Air Total Cooling Energy|Zone Ideal Loads Supply Air Total Heating Rate|Zone Ideal Loads Supply Air Total Cooling Rate|Zone Ideal Loads Outdoor Air Total Heating Energy|Zone Ideal Loads Outdoor Air Total Cooling Energy|Zone Ideal Loads Outdoor Air Mass Flow Rate|Zone Air Temperature|Zone Air Relative Humidity|Zone Heating Setpoint Not Met Time|Zone Cooling Setpoint Not Met Time,
seasonal,baseline_s,winter,category,office,,,69,20239.356559767635,1036.4471356845213,9638.874613298649,869.3674609904442,01/15  08:15:00,0.04295430333583813,856.6288041009652,415.00684554106056,256.9886412302871,8830.257232722392,304.2922826707151,643.836482817076,01/15  05:00:00,81.54900649514894,01/15  15:15:00,7681.031522631414,0.0,11.584779526665322,01/15  08:45:00,20.048508122508554,12.03677275156841,0.0,0.0,Zone People Occupant Count|Zone People Sensible Heating Energy|Zone People Latent Gain Energy|Zone People Radiant Heating Energy|Zone Ideal Loads Supply Air Total Heating Energy|Zone Ideal Loads Supply Air Total Cooling Energy|Zone Ideal Loads Supply Air Total Heating Rate|Zone Ideal Loads Supply Air Total Cooling Rate|Zone Ideal Loads Outdoor Air Total Heating Energy|Zone Ideal Loads Outdoor Air Total Cooling Energy|Zone Ideal Loads Outdoor Air Mass Flow Rate|Zone Air Temperature|Zone Air Relative Humidity|Zone Heating Setpoint Not Met Time|Zone Cooling Setpoint Not Met Time,
seasonal,baseline_s,winter,category,restroom,,,27,7190.122546267738,773.9383497319058,4179.267150828226,309.57534450579396,01/15  08:15:00,0.0430556423084178,372.961941294279,178.70132261504628,111.88858238828362,29505.501627476013,0.0,1374.0922815829495,01/15  06:00:00,0.0,01/15  00:15:00,28304.81141770644,0.0,42.0723580617675,01/15  08:45:00,20.00000000000017,9.217241877383197,0.0,0.0,Zone People Occupant Count|Zone People Sensible Heating Energy|Zone People Latent Gain Energy|Zone People Radiant Heating Energy|Zone Ideal Loads Supply Air Total Heating Energy|Zone Ideal Loads Supply Air Total Cooling Energy|Zone Ideal Loads Supply Air Total Heating Rate|Zone Ideal Loads Supply Air Total Cooling Rate|Zone Ideal Loads Outdoor Air Total Heating Energy|Zone Ideal Loads Outdoor Air Total Cooling Energy|Zone Ideal Loads Outdoor Air Mass Flow Rate|Zone Air Temperature|Zone Air Relative Humidity|Zone Heating Setpoint Not Met Time|Zone Cooling Setpoint Not Met Time,
seasonal,baseline_s,winter,category,terminal_hall,,,126,150117.49023392878,8079.256084296528,82408.41205982458,7675.293280081697,01/15  08:15:00,0.051128574479371136,7136.747649563004,2752.261797616043,2141.024294868881,84609.16238157939,0.0,5716.425399292158,01/15  05:00:00,0.0,01/15  00:15:00,61545.16184142678,0.0,91.4999008450801,01/15  08:45:00,20.00015431847406,11.590886924171029,0.0,0.0,Zone People Occupant Count|Zone People Sensible Heating Energy|Zone People Latent Gain Energy|Zone People Radiant Heating Energy|Zone Ideal Loads Supply Air Total Heating Energy|Zone Ideal Loads Supply Air Total Cooling Energy|Zone Ideal Loads Supply Air Total Heating Rate|Zone Ideal Loads Supply Air Total Cooling Rate|Zone Ideal Loads Outdoor Air Total Heating Energy|Zone Ideal Loads Outdoor Air Total Cooling Energy|Zone Ideal Loads Outdoor Air Mass Flow Rate|Zone Air Temperature|Zone Air Relative Humidity|Zone Heating Setpoint Not Met Time|Zone Cooling Setpoint Not Met Time,
seasonal,entrance_2_lead,winter,category,breakroom,,,9,1516.6932212803674,408.1387490873193,1381.549665660576,293.8598993428697,01/15  12:45:00,0.1937503875007749,119.64704970528145,46.138910173987654,35.89411491158439,3189.375027287604,0.0,159.51375103144608,01/15  06:00:00,0.0,01/15  00:15:00,3110.2093811451728,0.0,4.622288820020281,01/15  09:45:00,20.000000000000043,9.846084866092509,0.0,0.0,Zone People Occupant Count|Zone People Sensible Heating Energy|Zone People Latent Gain Energy|Zone People Radiant Heating Energy|Zone Ideal Loads Supply Air Total Heating Energy|Zone Ideal Loads Supply Air Total Cooling Energy|Zone Ideal Loads Supply Air Total Heating Rate|Zone Ideal Loads Supply Air Total Cooling Rate|Zone Ideal Loads Outdoor Air Total Heating Energy|Zone Ideal Loads Outdoor Air Total Cooling Energy|Zone Ideal Loads Outdoor Air Mass Flow Rate|Zone Air Temperature|Zone Air Relative Humidity|Zone Heating Setpoint Not Met Time|Zone Cooling Setpoint Not Met Time,
seasonal,entrance_2_lead,winter,category,commerce_retail,,,51,13348.413025695763,2669.6826051391527,20316.284625108965,1775.431919505212,01/15  19:00:00,0.13300696615301733,1748.2255439550202,689.728611058052,524.4676631865062,18142.059986545002,986.8137451079559,1018.5026548437293,01/15  06:00:00,285.3569402518766,01/15  15:15:00,17064.880261799324,0.0,25.960201810650442,01/15  09:45:00,20.085003190907315,11.469039336470724,0.0,0.0,Zone People Occupant Count|Zone People Sensible Heating Energy|Zone People Latent Gain Energy|Zone People Radiant Heating Energy|Zone Ideal Loads Supply Air Total Heating Energy|Zone Ideal Loads Supply Air Total Cooling Energy|Zone Ideal Loads Supply Air Total Heating Rate|Zone Ideal Loads Supply Air Total Cooling Rate|Zone Ideal Loads Outdoor Air Total Heating Energy|Zone Ideal Loads Outdoor Air Total Cooling Energy|Zone Ideal Loads Outdoor Air Mass Flow Rate|Zone Air Temperature|Zone Air Relative Humidity|Zone Heating Setpoint Not Met Time|Zone Cooling Setpoint Not Met Time,
seasonal,entrance_2_lead,winter,category,dining,,,22,4713.506777109117,1885.4027108436467,11698.92382078483,1376.5855838246546,01/15  19:30:00,0.2920512579954198,1008.0785928363524,395.79226565782665,302.423577850906,10514.951084955277,344.85923418863626,559.1623728120696,01/15  05:30:00,105.62926307723856,01/15  15:00:00,10553.996478094696,0.0,16.014546323505325,01/15  09:45:00,20.07256108220453,11.398593650592382,0.0,0.0,Zone People Occupant Count|Zone People Sensible Heating Energy|Zone People Latent Gain Energy|Zone People Radiant Heating Energy|Zone Ideal Loads Supply Air Total Heating Energy|Zone Ideal Loads Supply Air Total Cooling Energy|Zone Ideal Loads Supply Air Total Heating Rate|Zone Ideal Loads Supply Air Total Cooling Rate|Zone Ideal Loads Outdoor Air Total Heating Energy|Zone Ideal Loads Outdoor Air Total Cooling Energy|Zone Ideal Loads Outdoor Air Mass Flow Rate|Zone Air Temperature|Zone Air Relative Humidity|Zone Heating Setpoint Not Met Time|Zone Cooling Setpoint Not Met Time,
seasonal,entrance_2_lead,winter,category,office,,,69,20239.356559767635,3316.4684849583873,28621.12302519089,2818.9982122146303,01/15  09:15:00,0.13928299567676547,2545.807265897242,1230.35790365485,763.7421797691735,24683.337222792175,207.12518797752946,1402.6465709008492,01/15  06:00:00,68.65075976261427,01/15  15:15:00,24967.767967217504,0.0,37.4066776329424,01/15  09:45:00,20.04401757892959,12.267598037492746,0.0,0.0,Zone People Occupant Count|Zone People Sensible Heating Energy|Zone People Latent Gain Energy|Zone People Radiant Heating Energy|Zone Ideal Loads Supply Air Total Heating Energy|Zone Ideal Loads Supply Air Total Cooling Energy|Zone Ideal Loads Supply Air Total Heating Rate|Zone Ideal Loads Supply Air Total Cooling Rate|Zone Ideal Loads Outdoor Air Total Heating Energy|Zone Ideal Loads Outdoor Air Total Cooling Energy|Zone Ideal Loads Outdoor Air Mass Flow Rate|Zone Air Temperature|Zone Air Relative Humidity|Zone Heating Setpoint Not Met Time|Zone Cooling Setpoint Not Met Time,
seasonal,entrance_2_lead,winter,category,restroom,,,27,7190.122546267738,773.9383497319058,1606.8353229463867,117.41927084331635,01/15  19:00:00,0.016330635547271245,143.39557624774983,68.70668638117333,43.01867287432488,29698.273166826646,0.0,1372.3780905876913,01/15  06:00:00,0.0,01/15  00:15:00,28302.677422382112,0.0,42.072358061767446,01/15  09:45:00,20.00000000000017,8.92286126108209,0.0,0.0,Zone People Occupant Count|Zone People Sensible Heating Energy|Zone People Latent Gain Energy|Zone People Radiant Heating Energy|Zone Ideal Loads Supply Air Total Heating Energy|Zone Ideal Loads Supply Air Total Cooling Energy|Zone Ideal Loads Supply Air Total Heating Rate|Zone Ideal Loads Supply Air Total Cooling Rate|Zone Ideal Loads Outdoor Air Total Heating Energy|Zone Ideal Loads Outdoor Air Total Cooling Energy|Zone Ideal Loads Outdoor Air Mass Flow Rate|Zone Air Temperature|Zone Air Relative Humidity|Zone Heating Setpoint Not Met Time|Zone Cooling Setpoint Not Met Time,
seasonal,entrance_2_lead,winter,category,terminal_hall,,,126,150117.49023392878,8079.256084296528,58615.002891571305,4764.785741264058,01/15  17:30:00,0.031740377046266026,5076.248297549748,1957.5520494388104,1522.874489264928,86289.35079047216,0.0,5690.281570602717,01/15  05:00:00,0.0,01/15  00:15:00,61569.42592662134,0.0,91.49990084507996,01/15  09:45:00,20.000050200947776,10.771164665141267,0.0,0.0,Zone People Occupant Count|Zone People Sensible Heating Energy|Zone People Latent Gain Energy|Zone People Radiant Heating Energy|Zone Ideal Loads Supply Air Total Heating Energy|Zone Ideal Loads Supply Air Total Cooling Energy|Zone Ideal Loads Supply Air Total Heating Rate|Zone Ideal Loads Supply Air Total Cooling Rate|Zone Ideal Loads Outdoor Air Total Heating Energy|Zone Ideal Loads Outdoor Air Total Cooling Energy|Zone Ideal Loads Outdoor Air Mass Flow Rate|Zone Air Temperature|Zone Air Relative Humidity|Zone Heating Setpoint Not Met Time|Zone Cooling Setpoint Not Met Time,
seasonal,entrance_3_lead,winter,category,breakroom,,,9,1516.6932212803674,408.1387490873193,1381.549665660576,293.8598993428697,01/15  12:45:00,0.1937503875007749,119.64704970528145,46.138910173987654,35.89411491158439,3189.3713311860483,0.0,159.51388367703885,01/15  06:00:00,0.0,01/15  00:15:00,3110.1786544563683,0.0,4.622288820020281,01/15  09:45:00,20.000000000000043,9.81017448156935,0.0,0.0,Zone People Occupant Count|Zone People Sensible Heating Energy|Zone People Latent Gain Energy|Zone People Radiant Heating Energy|Zone Ideal Loads Supply Air Total Heating Energy|Zone Ideal Loads Supply Air Total Cooling Energy|Zone Ideal Loads Supply Air Total Heating Rate|Zone Ideal Loads Supply Air Total Cooling Rate|Zone Ideal Loads Outdoor Air Total Heating Energy|Zone Ideal Loads Outdoor Air Total Cooling Energy|Zone Ideal Loads Outdoor Air Mass Flow Rate|Zone Air Temperature|Zone Air Relative Humidity|Zone Heating Setpoint Not Met Time|Zone Cooling Setpoint Not Met Time,
seasonal,entrance_3_lead,winter,category,commerce_retail,,,51,13348.413025695763,2669.6826051391527,20316.28462510896,1784.9562884363763,01/15  19:00:00,0.13372048684741222,1747.4308676836852,690.5232873293853,524.2292603051063,18145.8028024828,989.0970899107017,1018.5086205772011,01/15  06:00:00,285.1405418544496,01/15  15:15:00,17061.181841305315,0.0,25.960201810650442,01/15  09:45:00,20.085629326801154,11.463987304888512,0.0,0.0,Zone People Occupant Count|Zone People Sensible Heating Energy|Zone People Latent Gain Energy|Zone People Radiant Heating Energy|Zone Ideal Loads Supply Air Total Heating Energy|Zone Ideal Loads Supply Air Total Cooling Energy|Zone Ideal Loads Supply Air Total Heating Rate|Zone Ideal Loads Supply Air Total Cooling Rate|Zone Ideal Loads Outdoor Air Total Heating Energy|Zone Ideal Loads Outdoor Air Total Cooling Energy|Zone Ideal Loads Outdoor Air Mass Flow Rate|Zone Air Temperature|Zone Air Relative Humidity|Zone Heating Setpoint Not Met Time|Zone Cooling Setpoint Not Met Time,
seasonal,entrance_3_lead,winter,category,dining,,,22,4713.506777109117,1885.4027108436467,11698.923820784825,1364.8330582027236,01/15  19:30:00,0.28955788603741045,1008.5170598813133,395.3537986128643,302.5551179643943,10512.515936358826,343.94839790926625,559.1631383889301,01/15  05:30:00,103.7214253829517,01/15  15:00:00,10550.90730542807,0.0,16.014546323505325,01/15  09:45:00,20.071452560879177,11.377773104711386,0.0,0.0,Zone People Occupant Count|Zone People Sensible Heating Energy|Zone People Latent Gain Energy|Zone People Radiant Heating Energy|Zone Ideal Loads Supply Air Total Heating Energy|Zone Ideal Loads Supply Air Total Cooling Energy|Zone Ideal Loads Supply Air Total Heating Rate|Zone Ideal Loads Supply Air Total Cooling Rate|Zone Ideal Loads Outdoor Air Total Heating Energy|Zone Ideal Loads Outdoor Air Total Cooling Energy|Zone Ideal Loads Outdoor Air Mass Flow Rate|Zone Air Temperature|Zone Air Relative Humidity|Zone Heating Setpoint Not Met Time|Zone Cooling Setpoint Not Met Time,
seasonal,entrance_3_lead,winter,category,office,,,69,20239.356559767635,3316.4684849583873,28621.12302519089,2818.9982122146303,01/15  09:15:00,0.13928299567676547,2545.7983395027986,1230.3668300492925,763.7395018508403,24683.327610635675,207.05936166761094,1402.646069263928,01/15  06:00:00,68.65222838191707,01/15  15:15:00,24967.767682290512,0.0,37.4066776329424,01/15  09:45:00,20.04413962182318,12.26721976494814,0.0,0.0,Zone People Occupant Count|Zone People Sensible Heating Energy|Zone People Latent Gain Energy|Zone People Radiant Heating Energy|Zone Ideal Loads Supply Air Total Heating Energy|Zone Ideal Loads Supply Air Total Cooling Energy|Zone Ideal Loads Supply Air Total Heating Rate|Zone Ideal Loads Supply Air Total Cooling Rate|Zone Ideal Loads Outdoor Air Total Heating Energy|Zone Ideal Loads Outdoor Air Total Cooling Energy|Zone Ideal Loads Outdoor Air Mass Flow Rate|Zone Air Temperature|Zone Air Relative Humidity|Zone Heating Setpoint Not Met Time|Zone Cooling Setpoint Not Met Time,
seasonal,entrance_3_lead,winter,category,restroom,,,27,7190.122546267738,773.9383497319058,1606.835322946387,117.53811799695312,01/15  19:00:00,0.016347164772311847,143.39557624774966,68.70668638117331,43.01867287432483,29698.280519138014,0.0,1372.3296669310093,01/15  06:00:00,0.0,01/15  00:15:00,28302.669905613697,0.0,42.072358061767446,01/15  09:45:00,20.00000000000017,8.92344782927692,0.0,0.0,Zone People Occupant Count|Zone People Sensible Heating Energy|Zone People Latent Gain Energy|Zone People Radiant Heating Energy|Zone Ideal Loads Supply Air Total Heating Energy|Zone Ideal Loads Supply Air Total Cooling Energy|Zone Ideal Loads Supply Air Total Heating Rate|Zone Ideal Loads Supply Air Total Cooling Rate|Zone Ideal Loads Outdoor Air Total Heating Energy|Zone Ideal Loads Outdoor Air Total Cooling Energy|Zone Ideal Loads Outdoor Air Mass Flow Rate|Zone Air Temperature|Zone Air Relative Humidity|Zone Heating Setpoint Not Met Time|Zone Cooling Setpoint Not Met Time,
seasonal,entrance_3_lead,winter,category,terminal_hall,,,126,150117.49023392878,8079.256084296528,58615.00289157128,4758.037142279315,01/15  17:30:00,0.03169542159854154,5076.244664994082,1957.5556819944813,1522.8733994982272,86289.406198655,0.0,5690.182991475224,01/15  05:00:00,0.0,01/15  00:15:00,61564.47281419077,0.0,91.49990084507996,01/15  09:45:00,20.00005399792999,10.760762101693409,0.0,0.0,Zone People Occupant Count|Zone People Sensible Heating Energy|Zone People Latent Gain Energy|Zone People Radiant Heating Energy|Zone Ideal Loads Supply Air Total Heating Energy|Zone Ideal Loads Supply Air Total Cooling Energy|Zone Ideal Loads Supply Air Total Heating Rate|Zone Ideal Loads Supply Air Total Cooling Rate|Zone Ideal Loads Outdoor Air Total Heating Energy|Zone Ideal Loads Outdoor Air Total Cooling Energy|Zone Ideal Loads Outdoor Air Mass Flow Rate|Zone Air Temperature|Zone Air Relative Humidity|Zone Heating Setpoint Not Met Time|Zone Cooling Setpoint Not Met Time,
seasonal,public_core,winter,category,breakroom,,,9,1516.6932212803674,408.1387490873193,1381.549665660576,293.8598993428697,01/15  12:45:00,0.1937503875007749,119.64704970528145,46.138910173987654,35.89411491158439,3189.4838607272573,0.0,159.5151477805439,01/15  06:00:00,0.0,01/15  00:15:00,3110.1913427054087,0.0,4.622288820020281,01/15  09:45:00,20.000000000000043,9.820670363178948,0.0,0.0,Zone People Occupant Count|Zone People Sensible Heating Energy|Zone People Latent Gain Energy|Zone People Radiant Heating Energy|Zone Ideal Loads Supply Air Total Heating Energy|Zone Ideal Loads Supply Air Total Cooling Energy|Zone Ideal Loads Supply Air Total Heating Rate|Zone Ideal Loads Supply Air Total Cooling Rate|Zone Ideal Loads Outdoor Air Total Heating Energy|Zone Ideal Loads Outdoor Air Total Cooling Energy|Zone Ideal Loads Outdoor Air Mass Flow Rate|Zone Air Temperature|Zone Air Relative Humidity|Zone Heating Setpoint Not Met Time|Zone Cooling Setpoint Not Met Time,
seasonal,public_core,winter,category,commerce_retail,,,51,13348.413025695763,2669.6826051391527,20316.284625107273,1860.2845821254139,01/15  19:30:00,0.13936372650024811,1748.8349797056746,689.1191753071945,524.6504939117006,18139.402031251233,984.1670126072235,1018.5216222005212,01/15  06:00:00,284.52418247236903,01/15  15:15:00,17068.3462781712,0.0,25.960201810650442,01/15  09:45:00,20.08492936009306,11.431888035459902,0.0,0.0,Zone People Occupant Count|Zone People Sensible Heating Energy|Zone People Latent Gain Energy|Zone People Radiant Heating Energy|Zone Ideal Loads Supply Air Total Heating Energy|Zone Ideal Loads Supply Air Total Cooling Energy|Zone Ideal Loads Supply Air Total Heating Rate|Zone Ideal Loads Supply Air Total Cooling Rate|Zone Ideal Loads Outdoor Air Total Heating Energy|Zone Ideal Loads Outdoor Air Total Cooling Energy|Zone Ideal Loads Outdoor Air Mass Flow Rate|Zone Air Temperature|Zone Air Relative Humidity|Zone Heating Setpoint Not Met Time|Zone Cooling Setpoint Not Met Time,
seasonal,public_core,winter,category,dining,,,22,4713.506777109117,1885.4027108436467,11698.923820783099,1601.7302950022167,01/15  19:30:00,0.33981711934327336,1010.1775818174729,393.6932766765007,303.0532745452408,10508.145254471034,338.810249027836,562.2017006929763,01/15  06:00:00,103.25688192500753,01/15  15:00:00,10556.354123658568,0.0,16.014546323505325,01/15  09:45:00,20.069833025476935,11.374185431990743,0.0,0.0,Zone People Occupant Count|Zone People Sensible Heating Energy|Zone People Latent Gain Energy|Zone People Radiant Heating Energy|Zone Ideal Loads Supply Air Total Heating Energy|Zone Ideal Loads Supply Air Total Cooling Energy|Zone Ideal Loads Supply Air Total Heating Rate|Zone Ideal Loads Supply Air Total Cooling Rate|Zone Ideal Loads Outdoor Air Total Heating Energy|Zone Ideal Loads Outdoor Air Total Cooling Energy|Zone Ideal Loads Outdoor Air Mass Flow Rate|Zone Air Temperature|Zone Air Relative Humidity|Zone Heating Setpoint Not Met Time|Zone Cooling Setpoint Not Met Time,
seasonal,public_core,winter,category,office,,,69,20239.356559767635,3316.4684849583873,28621.12302519089,2818.9982122146303,01/15  09:15:00,0.13928299567676547,2545.8192718259043,1230.3458977261873,763.7457815477723,24684.200273029008,207.18290059206862,1402.6534954691679,01/15  06:00:00,68.67416983042564,01/15  15:15:00,24968.143232025963,0.0,37.4066776329424,01/15  09:45:00,20.043819809233185,12.288944462964574,0.0,0.0,Zone People Occupant Count|Zone People Sensible Heating Energy|Zone People Latent Gain Energy|Zone People Radiant Heating Energy|Zone Ideal Loads Supply Air Total Heating Energy|Zone Ideal Loads Supply Air Total Cooling Energy|Zone Ideal Loads Supply Air Total Heating Rate|Zone Ideal Loads Supply Air Total Cooling Rate|Zone Ideal Loads Outdoor Air Total Heating Energy|Zone Ideal Loads Outdoor Air Total Cooling Energy|Zone Ideal Loads Outdoor Air Mass Flow Rate|Zone Air Temperature|Zone Air Relative Humidity|Zone Heating Setpoint Not Met Time|Zone Cooling Setpoint Not Met Time,
seasonal,public_core,winter,category,restroom,,,27,7190.122546267738,773.9383497319058,1606.835322946709,117.94305742991997,01/15  19:30:00,0.016403483622284307,143.39557624777865,68.70668638118732,43.01867287433346,29698.696306903807,0.0,1372.426797580359,01/15  06:00:00,0.0,01/15  00:15:00,28302.66562485885,0.0,42.072358061767446,01/15  09:45:00,20.00000000000017,8.92378299772844,0.0,0.0,Zone People Occupant Count|Zone People Sensible Heating Energy|Zone People Latent Gain Energy|Zone People Radiant Heating Energy|Zone Ideal Loads Supply Air Total Heating Energy|Zone Ideal Loads Supply Air Total Cooling Energy|Zone Ideal Loads Supply Air Total Heating Rate|Zone Ideal Loads Supply Air Total Cooling Rate|Zone Ideal Loads Outdoor Air Total Heating Energy|Zone Ideal Loads Outdoor Air Total Cooling Energy|Zone Ideal Loads Outdoor Air Mass Flow Rate|Zone Air Temperature|Zone Air Relative Humidity|Zone Heating Setpoint Not Met Time|Zone Cooling Setpoint Not Met Time,
seasonal,public_core,winter,category,terminal_hall,,,126,150117.49023392878,8079.256084296528,58615.00289158268,4932.758721784941,01/15  17:30:00,0.03285932048356391,5076.25902615776,1957.5413208321102,1522.877707847339,86293.30302732534,0.0,5691.926213689725,01/15  05:00:00,0.0,01/15  00:15:00,61562.66449916632,0.0,91.49990084507996,01/15  09:45:00,20.000036015180598,10.791851547282812,0.0,0.0,Zone People Occupant Count|Zone People Sensible Heating Energy|Zone People Latent Gain Energy|Zone People Radiant Heating Energy|Zone Ideal Loads Supply Air Total Heating Energy|Zone Ideal Loads Supply Air Total Cooling Energy|Zone Ideal Loads Supply Air Total Heating Rate|Zone Ideal Loads Supply Air Total Cooling Rate|Zone Ideal Loads Outdoor Air Total Heating Energy|Zone Ideal Loads Outdoor Air Total Cooling Energy|Zone Ideal Loads Outdoor Air Mass Flow Rate|Zone Air Temperature|Zone Air Relative Humidity|Zone Heating Setpoint Not Met Time|Zone Cooling Setpoint Not Met Time,
seasonal,public_evening,winter,category,breakroom,,,9,1516.6932212803674,408.1387490873193,1381.549665660576,293.8598993428697,01/15  12:45:00,0.1937503875007749,119.64704970528145,46.13891017398764,35.89411491158439,3189.3814162699523,0.0,159.4951757864205,01/15  06:00:00,0.0,01/15  00:15:00,3110.1823277146614,0.0,4.622288820020281,01/15  09:45:00,20.000000000000043,9.823689947058751,0.0,0.0,Zone People Occupant Count|Zone People Sensible Heating Energy|Zone People Latent Gain Energy|Zone People Radiant Heating Energy|Zone Ideal Loads Supply Air Total Heating Energy|Zone Ideal Loads Supply Air Total Cooling Energy|Zone Ideal Loads Supply Air Total Heating Rate|Zone Ideal Loads Supply Air Total Cooling Rate|Zone Ideal Loads Outdoor Air Total Heating Energy|Zone Ideal Loads Outdoor Air Total Cooling Energy|Zone Ideal Loads Outdoor Air Mass Flow Rate|Zone Air Temperature|Zone Air Relative Humidity|Zone Heating Setpoint Not Met Time|Zone Cooling Setpoint Not Met Time,
seasonal,public_evening,winter,category,commerce_retail,,,51,13348.413025695763,2669.6826051391527,20316.284625108958,1860.2845821249691,01/15  23:30:00,0.1393637265002148,1752.543464495926,685.4106905171491,525.7630393487774,18109.17657301395,970.5136424873562,1017.0752716730775,01/15  06:00:00,283.0966762472429,01/15  15:15:00,17078.99713668163,0.0,25.960201810650442,01/15  09:45:00,20.083120907143023,11.364273850834213,0.0,0.0,Zone People Occupant Count|Zone People Sensible Heating Energy|Zone People Latent Gain Energy|Zone People Radiant Heating Energy|Zone Ideal Loads Supply Air Total Heating Energy|Zone Ideal Loads Supply Air Total Cooling Energy|Zone Ideal Loads Supply Air Total Heating Rate|Zone Ideal Loads Supply Air Total Cooling Rate|Zone Ideal Loads Outdoor Air Total Heating Energy|Zone Ideal Loads Outdoor Air Total Cooling Energy|Zone Ideal Loads Outdoor Air Mass Flow Rate|Zone Air Temperature|Zone Air Relative Humidity|Zone Heating Setpoint Not Met Time|Zone Cooling Setpoint Not Met Time,
seasonal,public_evening,winter,category,dining,,,22,4713.506777109117,1885.4027108436467,11698.923820784827,1601.730295002767,01/15  23:30:00,0.3398171193433901,1009.5201848529234,394.350673641256,302.8560554558768,10503.466479268985,338.05601664629535,561.5642828550647,01/15  06:00:00,103.4382125108082,01/15  15:00:00,10553.98232547392,0.0,16.014546323505325,01/15  09:45:00,20.07027518409134,11.305478384957501,0.0,0.0,Zone People Occupant Count|Zone People Sensible Heating Energy|Zone People Latent Gain Energy|Zone People Radiant Heating Energy|Zone Ideal Loads Supply Air Total Heating Energy|Zone Ideal Loads Supply Air Total Cooling Energy|Zone Ideal Loads Supply Air Total Heating Rate|Zone Ideal Loads Supply Air Total Cooling Rate|Zone Ideal Loads Outdoor Air Total Heating Energy|Zone Ideal Loads Outdoor Air Total Cooling Energy|Zone Ideal Loads Outdoor Air Mass Flow Rate|Zone Air Temperature|Zone Air Relative Humidity|Zone Heating Setpoint Not Met Time|Zone Cooling Setpoint Not Met Time,
seasonal,public_evening,winter,category,office,,,69,20239.356559767635,3316.4684849583873,28621.12302519089,2818.9982122146303,01/15  09:15:00,0.13928299567676547,2545.8233849304056,1230.341784621688,763.7470154791228,24683.231551099412,206.73221752970284,1402.4690747999646,01/15  06:00:00,68.62255663045832,01/15  15:15:00,24968.024204481262,0.0,37.4066776329424,01/15  09:45:00,20.043893540548492,12.267272386040382,0.0,0.0,Zone People Occupant Count|Zone People Sensible Heating Energy|Zone People Latent Gain Energy|Zone People Radiant Heating Energy|Zone Ideal Loads Supply Air Total Heating Energy|Zone Ideal Loads Supply Air Total Cooling Energy|Zone Ideal Loads Supply Air Total Heating Rate|Zone Ideal Loads Supply Air Total Cooling Rate|Zone Ideal Loads Outdoor Air Total Heating Energy|Zone Ideal Loads Outdoor Air Total Cooling Energy|Zone Ideal Loads Outdoor Air Mass Flow Rate|Zone Air Temperature|Zone Air Relative Humidity|Zone Heating Setpoint Not Met Time|Zone Cooling Setpoint Not Met Time,
seasonal,public_evening,winter,category,restroom,,,27,7190.122546267738,773.9383497319058,1606.8353229463864,117.94305742997388,01/15  23:30:00,0.016403483622291805,143.3955762477496,68.70668638117343,43.01867287432498,29698.31744719683,0.0,1372.7320268595704,01/15  06:00:00,0.0,01/15  00:15:00,28302.681926786612,0.0,42.072358061767446,01/15  09:45:00,20.00000000000017,8.922103889825753,0.0,0.0,Zone People Occupant Count|Zone People Sensible Heating Energy|Zone People Latent Gain Energy|Zone People Radiant Heating Energy|Zone Ideal Loads Supply Air Total Heating Energy|Zone Ideal Loads Supply Air Total Cooling Energy|Zone Ideal Loads Supply Air Total Heating Rate|Zone Ideal Loads Supply Air Total Cooling Rate|Zone Ideal Loads Outdoor Air Total Heating Energy|Zone Ideal Loads Outdoor Air Total Cooling Energy|Zone Ideal Loads Outdoor Air Mass Flow Rate|Zone Air Temperature|Zone Air Relative Humidity|Zone Heating Setpoint Not Met Time|Zone Cooling Setpoint Not Met Time,
seasonal,public_evening,winter,category,terminal_hall,,,126,150117.49023392878,8079.256084296528,58615.002891571305,4932.758721787308,01/15  21:30:00,0.032859320483579674,5076.245174893463,1957.5551720951114,1522.8735524680394,86283.20252407207,0.0,5694.764529254847,01/15  06:00:00,0.0,01/15  00:15:00,61565.0616668876,0.0,91.49990084507996,01/15  09:45:00,20.000054613005716,10.680729481295815,0.0,0.0,Zone People Occupant Count|Zone People Sensible Heating Energy|Zone People Latent Gain Energy|Zone People Radiant Heating Energy|Zone Ideal Loads Supply Air Total Heating Energy|Zone Ideal Loads Supply Air Total Cooling Energy|Zone Ideal Loads Supply Air Total Heating Rate|Zone Ideal Loads Supply Air Total Cooling Rate|Zone Ideal Loads Outdoor Air Total Heating Energy|Zone Ideal Loads Outdoor Air Total Cooling Energy|Zone Ideal Loads Outdoor Air Mass Flow Rate|Zone Air Temperature|Zone Air Relative Humidity|Zone Heating Setpoint Not Met Time|Zone Cooling Setpoint Not Met Time,
seasonal,public_midday,winter,category,breakroom,,,9,1516.6932212803674,408.1387490873193,1381.549665660576,293.8598993428697,01/15  12:45:00,0.1937503875007749,119.64704970528145,46.13891017398764,35.89411491158439,3189.372348832909,0.0,159.5142945785109,01/15  06:00:00,0.0,01/15  00:15:00,3110.1849044208493,0.0,4.622288820020281,01/15  09:45:00,20.000000000000043,9.82035412709225,0.0,0.0,Zone People Occupant Count|Zone People Sensible Heating Energy|Zone People Latent Gain Energy|Zone People Radiant Heating Energy|Zone Ideal Loads Supply Air Total Heating Energy|Zone Ideal Loads Supply Air Total Cooling Energy|Zone Ideal Loads Supply Air Total Heating Rate|Zone Ideal Loads Supply Air Total Cooling Rate|Zone Ideal Loads Outdoor Air Total Heating Energy|Zone Ideal Loads Outdoor Air Total Cooling Energy|Zone Ideal Loads Outdoor Air Mass Flow Rate|Zone Air Temperature|Zone Air Relative Humidity|Zone Heating Setpoint Not Met Time|Zone Cooling Setpoint Not Met Time,
seasonal,public_midday,winter,category,commerce_retail,,,51,13348.413025695763,2669.6826051391527,20316.284625108958,1860.2845821249691,01/15  19:30:00,0.1393637265002148,1747.824769256534,690.1293857565371,524.3474307769607,18144.05827544202,987.7354341274395,1018.5139730585882,01/15  06:00:00,285.25193555888774,01/15  15:15:00,17063.681649763945,0.0,25.960201810650442,01/15  09:45:00,20.08526133134841,11.465159485157802,0.0,0.0,Zone People Occupant Count|Zone People Sensible Heating Energy|Zone People Latent Gain Energy|Zone People Radiant Heating Energy|Zone Ideal Loads Supply Air Total Heating Energy|Zone Ideal Loads Supply Air Total Cooling Energy|Zone Ideal Loads Supply Air Total Heating Rate|Zone Ideal Loads Supply Air Total Cooling Rate|Zone Ideal Loads Outdoor Air Total Heating Energy|Zone Ideal Loads Outdoor Air Total Cooling Energy|Zone Ideal Loads Outdoor Air Mass Flow Rate|Zone Air Temperature|Zone Air Relative Humidity|Zone Heating Setpoint Not Met Time|Zone Cooling Setpoint Not Met Time,
seasonal,public_midday,winter,category,dining,,,22,4713.506777109117,1885.4027108436467,11698.923820784827,1601.730295002767,01/15  19:30:00,0.3398171193433901,1008.3508603067718,395.5199981874074,302.5052580920317,10513.609461725375,344.3281218314728,562.2061131967131,01/15  06:00:00,104.58864031876074,01/15  15:00:00,10553.625267278892,0.0,16.014546323505325,01/15  09:45:00,20.07191327549308,11.366744535925996,0.0,0.0,Zone People Occupant Count|Zone People Sensible Heating Energy|Zone People Latent Gain Energy|Zone People Radiant Heating Energy|Zone Ideal Loads Supply Air Total Heating Energy|Zone Ideal Loads Supply Air Total Cooling Energy|Zone Ideal Loads Supply Air Total Heating Rate|Zone Ideal Loads Supply Air Total Cooling Rate|Zone Ideal Loads Outdoor Air Total Heating Energy|Zone Ideal Loads Outdoor Air Total Cooling Energy|Zone Ideal Loads Outdoor Air Mass Flow Rate|Zone Air Temperature|Zone Air Relative Humidity|Zone Heating Setpoint Not Met Time|Zone Cooling Setpoint Not Met Time,
seasonal,public_midday,winter,category,office,,,69,20239.356559767635,3316.4684849583873,28621.12302519089,2818.9982122146303,01/15  09:15:00,0.13928299567676547,2545.8014014795754,1230.3637680725155,763.7404204438744,24683.333491197198,207.05643961505476,1402.6499640093093,01/15  06:00:00,68.65108339719526,01/15  15:15:00,24967.87688989907,0.0,37.4066776329424,01/15  09:45:00,20.04409355268785,12.283661910884213,0.0,0.0,Zone People Occupant Count|Zone People Sensible Heating Energy|Zone People Latent Gain Energy|Zone People Radiant Heating Energy|Zone Ideal Loads Supply Air Total Heating Energy|Zone Ideal Loads Supply Air Total Cooling Energy|Zone Ideal Loads Supply Air Total Heating Rate|Zone Ideal Loads Supply Air Total Cooling Rate|Zone Ideal Loads Outdoor Air Total Heating Energy|Zone Ideal Loads Outdoor Air Total Cooling Energy|Zone Ideal Loads Outdoor Air Mass Flow Rate|Zone Air Temperature|Zone Air Relative Humidity|Zone Heating Setpoint Not Met Time|Zone Cooling Setpoint Not Met Time,
seasonal,public_midday,winter,category,restroom,,,27,7190.122546267738,773.9383497319058,1606.8353229463867,117.94305742997388,01/15  19:30:00,0.016403483622291805,143.3955762477497,68.7066863811733,43.01867287432484,29698.27148075631,0.0,1372.4250641322342,01/15  06:00:00,0.0,01/15  00:15:00,28302.67451955328,0.0,42.072358061767446,01/15  09:45:00,20.00000000000017,8.922961883373036,0.0,0.0,Zone People Occupant Count|Zone People Sensible Heating Energy|Zone People Latent Gain Energy|Zone People Radiant Heating Energy|Zone Ideal Loads Supply Air Total Heating Energy|Zone Ideal Loads Supply Air Total Cooling Energy|Zone Ideal Loads Supply Air Total Heating Rate|Zone Ideal Loads Supply Air Total Cooling Rate|Zone Ideal Loads Outdoor Air Total Heating Energy|Zone Ideal Loads Outdoor Air Total Cooling Energy|Zone Ideal Loads Outdoor Air Mass Flow Rate|Zone Air Temperature|Zone Air Relative Humidity|Zone Heating Setpoint Not Met Time|Zone Cooling Setpoint Not Met Time,
seasonal,public_midday,winter,category,terminal_hall,,,126,150117.49023392878,8079.256084296528,58615.00289157131,4932.758721787308,01/15  17:30:00,0.032859320483579674,5076.246422002384,1957.5539249861768,1522.8739266007192,86289.35960065051,0.0,5691.912604466373,01/15  05:00:00,0.0,01/15  00:15:00,61567.790441229205,0.0,91.49990084507996,01/15  09:45:00,20.000052112944246,10.765512220640666,0.0,0.0,Zone People Occupant Count|Zone People Sensible Heating Energy|Zone People Latent Gain Energy|Zone People Radiant Heating Energy|Zone Ideal Loads Supply Air Total Heating Energy|Zone Ideal Loads Supply Air Total Cooling Energy|Zone Ideal Loads Supply Air Total Heating Rate|Zone Ideal Loads Supply Air Total Cooling Rate|Zone Ideal Loads Outdoor Air Total Heating Energy|Zone Ideal Loads Outdoor Air Total Cooling Energy|Zone Ideal Loads Outdoor Air Mass Flow Rate|Zone Air Temperature|Zone Air Relative Humidity|Zone Heating Setpoint Not Met Time|Zone Cooling Setpoint Not Met Time,
seasonal,public_morning,winter,category,breakroom,,,9,1516.6932212803674,408.1387490873193,1381.549665660576,293.8598993428697,01/15  12:45:00,0.1937503875007749,119.64704970528145,46.138910173987654,35.89411491158439,3189.3748268585264,0.0,159.44257609189614,01/15  06:00:00,0.0,01/15  00:15:00,3110.181499495914,0.0,4.622288820020286,01/15  17:45:00,20.000000000000043,9.819709561600849,0.0,0.0,Zone People Occupant Count|Zone People Sensible Heating Energy|Zone People Latent Gain Energy|Zone People Radiant Heating Energy|Zone Ideal Loads Supply Air Total Heating Energy|Zone Ideal Loads Supply Air Total Cooling Energy|Zone Ideal Loads Supply Air Total Heating Rate|Zone Ideal Loads Supply Air Total Cooling Rate|Zone Ideal Loads Outdoor Air Total Heating Energy|Zone Ideal Loads Outdoor Air Total Cooling Energy|Zone Ideal Loads Outdoor Air Mass Flow Rate|Zone Air Temperature|Zone Air Relative Humidity|Zone Heating Setpoint Not Met Time|Zone Cooling Setpoint Not Met Time,
seasonal,public_morning,winter,category,commerce_retail,,,51,13348.413025695763,2669.6826051391527,20316.284625108976,1860.2845821249691,01/15  15:30:00,0.1393637265002148,1745.6299152499773,692.3242397631183,523.6889745749871,18155.973184818515,996.1852273443375,989.3088376694623,01/15  02:30:00,286.62643592271263,01/15  15:15:00,17060.1678680941,0.0,25.96020181065047,01/15  17:45:00,20.08626007139302,11.594089587212054,0.0,0.0,Zone People Occupant Count|Zone People Sensible Heating Energy|Zone People Latent Gain Energy|Zone People Radiant Heating Energy|Zone Ideal Loads Supply Air Total Heating Energy|Zone Ideal Loads Supply Air Total Cooling Energy|Zone Ideal Loads Supply Air Total Heating Rate|Zone Ideal Loads Supply Air Total Cooling Rate|Zone Ideal Loads Outdoor Air Total Heating Energy|Zone Ideal Loads Outdoor Air Total Cooling Energy|Zone Ideal Loads Outdoor Air Mass Flow Rate|Zone Air Temperature|Zone Air Relative Humidity|Zone Heating Setpoint Not Met Time|Zone Cooling Setpoint Not Met Time,
seasonal,public_morning,winter,category,dining,,,22,4713.506777109117,1885.4027108436467,11698.923820784821,1601.730295002767,01/15  15:30:00,0.3398171193433901,1006.0323752884079,397.8384832057713,301.8097125865246,10523.048751674743,348.6331617367004,544.7115608799115,01/15  02:00:00,106.67960333825953,01/15  15:15:00,10554.51898484019,0.0,16.014546323505336,01/15  17:45:00,20.074478179815284,11.420818867138296,0.0,0.0,Zone People Occupant Count|Zone People Sensible Heating Energy|Zone People Latent Gain Energy|Zone People Radiant Heating Energy|Zone Ideal Loads Supply Air Total Heating Energy|Zone Ideal Loads Supply Air Total Cooling Energy|Zone Ideal Loads Supply Air Total Heating Rate|Zone Ideal Loads Supply Air Total Cooling Rate|Zone Ideal Loads Outdoor Air Total Heating Energy|Zone Ideal Loads Outdoor Air Total Cooling Energy|Zone Ideal Loads Outdoor Air Mass Flow Rate|Zone Air Temperature|Zone Air Relative Humidity|Zone Heating Setpoint Not Met Time|Zone Cooling Setpoint Not Met Time,
seasonal,public_morning,winter,category,office,,,69,20239.356559767635,3316.4684849583873,28621.12302519089,2818.9982122146303,01/15  09:15:00,0.13928299567676547,2545.8114124472413,1230.3537571048519,763.7434237341735,24683.54227589771,207.11807639256705,1402.0298903727548,01/15  06:00:00,68.6676956620585,01/15  15:15:00,24967.26113575205,0.0,37.40667763294243,01/15  17:45:00,20.04402202478285,12.314904810821838,0.0,0.0,Zone People Occupant Count|Zone People Sensible Heating Energy|Zone People Latent Gain Energy|Zone People Radiant Heating Energy|Zone Ideal Loads Supply Air Total Heating Energy|Zone Ideal Loads Supply Air Total Cooling Energy|Zone Ideal Loads Supply Air Total Heating Rate|Zone Ideal Loads Supply Air Total Cooling Rate|Zone Ideal Loads Outdoor Air Total Heating Energy|Zone Ideal Loads Outdoor Air Total Cooling Energy|Zone Ideal Loads Outdoor Air Mass Flow Rate|Zone Air Temperature|Zone Air Relative Humidity|Zone Heating Setpoint Not Met Time|Zone Cooling Setpoint Not Met Time,
seasonal,public_morning,winter,category,restroom,,,27,7190.122546267738,773.9383497319058,1606.8353229463867,117.94305742997388,01/15  15:30:00,0.016403483622291805,143.39557624774972,68.70668638117317,43.01867287432524,29698.198147399205,0.0,1367.1043940051431,01/15  06:00:00,0.0,01/15  00:15:00,28302.68305247123,0.0,42.07235806176749,01/15  17:45:00,20.00000000000017,8.925415564661618,0.0,0.0,Zone People Occupant Count|Zone People Sensible Heating Energy|Zone People Latent Gain Energy|Zone People Radiant Heating Energy|Zone Ideal Loads Supply Air Total Heating Energy|Zone Ideal Loads Supply Air Total Cooling Energy|Zone Ideal Loads Supply Air Total Heating Rate|Zone Ideal Loads Supply Air Total Cooling Rate|Zone Ideal Loads Outdoor Air Total Heating Energy|Zone Ideal Loads Outdoor Air Total Cooling Energy|Zone Ideal Loads Outdoor Air Mass Flow Rate|Zone Air Temperature|Zone Air Relative Humidity|Zone Heating Setpoint Not Met Time|Zone Cooling Setpoint Not Met Time,
seasonal,public_morning,winter,category,terminal_hall,,,126,150117.49023392878,8079.256084296528,58615.00289157131,4932.758721787308,01/15  13:30:00,0.032859320483579674,5076.242910125872,1957.557436862694,1522.8728730377534,86291.54359690391,0.0,5571.870834360048,01/15  02:15:00,0.0,01/15  00:15:00,61564.45047204686,0.0,91.49990084508008,01/15  17:45:00,20.000059026398933,10.851433896645775,0.0,0.0,Zone People Occupant Count|Zone People Sensible Heating Energy|Zone People Latent Gain Energy|Zone People Radiant Heating Energy|Zone Ideal Loads Supply Air Total Heating Energy|Zone Ideal Loads Supply Air Total Cooling Energy|Zone Ideal Loads Supply Air Total Heating Rate|Zone Ideal Loads Supply Air Total Cooling Rate|Zone Ideal Loads Outdoor Air Total Heating Energy|Zone Ideal Loads Outdoor Air Total Cooling Energy|Zone Ideal Loads Outdoor Air Mass Flow Rate|Zone Air Temperature|Zone Air Relative Humidity|Zone Heating Setpoint Not Met Time|Zone Cooling Setpoint Not Met Time,
seasonal,public_perimeter,winter,category,breakroom,,,9,1516.6932212803674,408.1387490873193,1381.549665660576,293.8598993428697,01/15  12:45:00,0.1937503875007749,119.64704970528145,46.138910173987654,35.894114911584396,3189.2864658364742,0.0,159.51369431676915,01/15  06:00:00,0.0,01/15  00:15:00,3110.1944933545924,0.0,4.622288820020281,01/15  09:45:00,20.000000000000043,9.822042011473012,0.0,0.0,Zone People Occupant Count|Zone People Sensible Heating Energy|Zone People Latent Gain Energy|Zone People Radiant Heating Energy|Zone Ideal Loads Supply Air Total Heating Energy|Zone Ideal Loads Supply Air Total Cooling Energy|Zone Ideal Loads Supply Air Total Heating Rate|Zone Ideal Loads Supply Air Total Cooling Rate|Zone Ideal Loads Outdoor Air Total Heating Energy|Zone Ideal Loads Outdoor Air Total Cooling Energy|Zone Ideal Loads Outdoor Air Mass Flow Rate|Zone Air Temperature|Zone Air Relative Humidity|Zone Heating Setpoint Not Met Time|Zone Cooling Setpoint Not Met Time,
seasonal,public_perimeter,winter,category,commerce_retail,,,51,13348.413025695763,2669.6826051391527,20316.28462510712,1860.2845821248775,01/15  19:30:00,0.13936372650020795,1746.1359452400418,691.8182097728139,523.8407835720108,18155.408444338227,993.2070481617078,1018.5003335827772,01/15  06:00:00,285.79158482963305,01/15  15:15:00,17059.91536948929,0.0,25.960201810650442,01/15  09:45:00,20.085934462744333,11.492681362086874,0.0,0.0,Zone People Occupant Count|Zone People Sensible Heating Energy|Zone People Latent Gain Energy|Zone People Radiant Heating Energy|Zone Ideal Loads Supply Air Total Heating Energy|Zone Ideal Loads Supply Air Total Cooling Energy|Zone Ideal Loads Supply Air Total Heating Rate|Zone Ideal Loads Supply Air Total Cooling Rate|Zone Ideal Loads Outdoor Air Total Heating Energy|Zone Ideal Loads Outdoor Air Total Cooling Energy|Zone Ideal Loads Outdoor Air Mass Flow Rate|Zone Air Temperature|Zone Air Relative Humidity|Zone Heating Setpoint Not Met Time|Zone Cooling Setpoint Not Met Time,
seasonal,public_perimeter,winter,category,dining,,,22,4713.506777109117,1885.4027108436467,11698.92382078726,1601.7302950026774,01/15  19:30:00,0.3398171193433711,1006.8995632117445,396.9712952827243,302.0698689635236,10519.910752583426,348.629091608202,562.206822616478,01/15  06:00:00,104.46186790231596,01/15  14:45:00,10542.311455833791,0.0,16.014546323505325,01/15  09:45:00,20.07357375572423,11.351563360826013,0.0,0.0,Zone People Occupant Count|Zone People Sensible Heating Energy|Zone People Latent Gain Energy|Zone People Radiant Heating Energy|Zone Ideal Loads Supply Air Total Heating Energy|Zone Ideal Loads Supply Air Total Cooling Energy|Zone Ideal Loads Supply Air Total Heating Rate|Zone Ideal Loads Supply Air Total Cooling Rate|Zone Ideal Loads Outdoor Air Total Heating Energy|Zone Ideal Loads Outdoor Air Total Cooling Energy|Zone Ideal Loads Outdoor Air Mass Flow Rate|Zone Air Temperature|Zone Air Relative Humidity|Zone Heating Setpoint Not Met Time|Zone Cooling Setpoint Not Met Time,
seasonal,public_perimeter,winter,category,office,,,69,20239.356559767635,3316.4684849583873,28621.12302519089,2818.9982122146303,01/15  09:15:00,0.13928299567676547,2545.801646205319,1230.3635233467744,763.7404938615961,24682.523489262974,207.003331736378,1402.6475883127714,01/15  06:00:00,68.63558133302008,01/15  15:15:00,24965.923195639894,0.0,37.4066776329424,01/15  09:45:00,20.044188299330433,12.320201259682356,0.0,0.0,Zone People Occupant Count|Zone People Sensible Heating Energy|Zone People Latent Gain Energy|Zone People Radiant Heating Energy|Zone Ideal Loads Supply Air Total Heating Energy|Zone Ideal Loads Supply Air Total Cooling Energy|Zone Ideal Loads Supply Air Total Heating Rate|Zone Ideal Loads Supply Air Total Cooling Rate|Zone Ideal Loads Outdoor Air Total Heating Energy|Zone Ideal Loads Outdoor Air Total Cooling Energy|Zone Ideal Loads Outdoor Air Mass Flow Rate|Zone Air Temperature|Zone Air Relative Humidity|Zone Heating Setpoint Not Met Time|Zone Cooling Setpoint Not Met Time,
seasonal,public_perimeter,winter,category,restroom,,,27,7190.122546267738,773.9383497319058,1606.835322944167,117.94305742978057,01/15  19:30:00,0.01640348362226492,143.39557624755156,68.70668638107846,43.01867287426546,29697.91522402844,0.0,1372.423906668447,01/15  06:00:00,0.0,01/15  00:15:00,28302.658007667553,0.0,42.072358061767446,01/15  09:45:00,20.00000000000017,8.922835619596002,0.0,0.0,Zone People Occupant Count|Zone People Sensible Heating Energy|Zone People Latent Gain Energy|Zone People Radiant Heating Energy|Zone Ideal Loads Supply Air Total Heating Energy|Zone Ideal Loads Supply Air Total Cooling Energy|Zone Ideal Loads Supply Air Total Heating Rate|Zone Ideal Loads Supply Air Total Cooling Rate|Zone Ideal Loads Outdoor Air Total Heating Energy|Zone Ideal Loads Outdoor Air Total Cooling Energy|Zone Ideal Loads Outdoor Air Mass Flow Rate|Zone Air Temperature|Zone Air Relative Humidity|Zone Heating Setpoint Not Met Time|Zone Cooling Setpoint Not Met Time,
seasonal,public_perimeter,winter,category,terminal_hall,,,126,150117.49023392878,8079.256084296528,58615.00289156745,4932.7587217896635,01/15  17:30:00,0.03285932048359537,5076.205010637684,1957.595336350425,1522.8615031913093,86285.63873834009,0.0,5691.905534520556,01/15  05:00:00,0.0,01/15  00:15:00,61559.01452362869,0.0,91.49990084507996,01/15  09:45:00,20.000088953089058,10.737470878910857,0.0,0.0,Zone People Occupant Count|Zone People Sensible Heating Energy|Zone People Latent Gain Energy|Zone People Radiant Heating Energy|Zone Ideal Loads Supply Air Total Heating Energy|Zone Ideal Loads Supply Air Total Cooling Energy|Zone Ideal Loads Supply Air Total Heating Rate|Zone Ideal Loads Supply Air Total Cooling Rate|Zone Ideal Loads Outdoor Air Total Heating Energy|Zone Ideal Loads Outdoor Air Total Cooling Energy|Zone Ideal Loads Outdoor Air Mass Flow Rate|Zone Air Temperature|Zone Air Relative Humidity|Zone Heating Setpoint Not Met Time|Zone Cooling Setpoint Not Met Time,
seasonal,public_volume_0_50,winter,category,breakroom,,,9,1516.6932212803674,408.1387490873193,1381.549665660576,293.8598993428697,01/15  12:45:00,0.1937503875007749,119.64704970528145,46.138910173987654,35.89411491158438,3190.2712025362807,0.0,159.52077335878292,01/15  06:00:00,0.0,01/15  00:15:00,3110.1849044208493,0.0,4.622288820020281,01/15  09:45:00,20.000000000000043,9.820354105890159,0.0,0.0,Zone People Occupant Count|Zone People Sensible Heating Energy|Zone People Latent Gain Energy|Zone People Radiant Heating Energy|Zone Ideal Loads Supply Air Total Heating Energy|Zone Ideal Loads Supply Air Total Cooling Energy|Zone Ideal Loads Supply Air Total Heating Rate|Zone Ideal Loads Supply Air Total Cooling Rate|Zone Ideal Loads Outdoor Air Total Heating Energy|Zone Ideal Loads Outdoor Air Total Cooling Energy|Zone Ideal Loads Outdoor Air Mass Flow Rate|Zone Air Temperature|Zone Air Relative Humidity|Zone Heating Setpoint Not Met Time|Zone Cooling Setpoint Not Met Time,
seasonal,public_volume_0_50,winter,category,commerce_retail,,,51,13348.413025695763,2669.6826051391527,20316.284625108958,1860.2845821249691,01/15  19:30:00,0.1393637265002148,1747.8328694934971,690.1212855195735,524.3498608480489,18149.81360438644,986.970809129807,1018.5698196551606,01/15  06:00:00,285.12502623401116,01/15  15:15:00,17063.67955951122,0.0,25.960201810650442,01/15  09:45:00,20.08519692024929,11.465180136939303,0.0,0.0,Zone People Occupant Count|Zone People Sensible Heating Energy|Zone People Latent Gain Energy|Zone People Radiant Heating Energy|Zone Ideal Loads Supply Air Total Heating Energy|Zone Ideal Loads Supply Air Total Cooling Energy|Zone Ideal Loads Supply Air Total Heating Rate|Zone Ideal Loads Supply Air Total Cooling Rate|Zone Ideal Loads Outdoor Air Total Heating Energy|Zone Ideal Loads Outdoor Air Total Cooling Energy|Zone Ideal Loads Outdoor Air Mass Flow Rate|Zone Air Temperature|Zone Air Relative Humidity|Zone Heating Setpoint Not Met Time|Zone Cooling Setpoint Not Met Time,
seasonal,public_volume_0_50,winter,category,dining,,,22,4713.506777109117,1885.4027108436467,11698.923820784827,1601.730295002767,01/15  19:30:00,0.3398171193433901,1008.3535237025774,395.517334791602,302.5060571107731,10515.460900711678,344.10126369045173,562.2232392289061,01/15  06:00:00,104.55021272829698,01/15  15:00:00,10553.624217431201,0.0,16.014546323505325,01/15  09:45:00,20.071866713673284,11.36675850496993,0.0,0.0,Zone People Occupant Count|Zone People Sensible Heating Energy|Zone People Latent Gain Energy|Zone People Radiant Heating Energy|Zone Ideal Loads Supply Air Total Heating Energy|Zone Ideal Loads Supply Air Total Cooling Energy|Zone Ideal Loads Supply Air Total Heating Rate|Zone Ideal Loads Supply Air Total Cooling Rate|Zone Ideal Loads Outdoor Air Total Heating Energy|Zone Ideal Loads Outdoor Air Total Cooling Energy|Zone Ideal Loads Outdoor Air Mass Flow Rate|Zone Air Temperature|Zone Air Relative Humidity|Zone Heating Setpoint Not Met Time|Zone Cooling Setpoint Not Met Time,
seasonal,public_volume_0_50,winter,category,office,,,69,20239.356559767635,3316.4684849583873,28621.12302519089,2818.9982122146303,01/15  09:15:00,0.13928299567676547,2545.8097942538593,1230.3553752982327,763.7429382761588,24690.438017245877,206.86767500233736,1402.7053668673873,01/15  06:00:00,68.61955356079562,01/15  15:15:00,24967.865242790544,0.0,37.4066776329424,01/15  09:45:00,20.044026355806288,12.282068127597286,0.0,0.0,Zone People Occupant Count|Zone People Sensible Heating Energy|Zone People Latent Gain Energy|Zone People Radiant Heating Energy|Zone Ideal Loads Supply Air Total Heating Energy|Zone Ideal Loads Supply Air Total Cooling Energy|Zone Ideal Loads Supply Air Total Heating Rate|Zone Ideal Loads Supply Air Total Cooling Rate|Zone Ideal Loads Outdoor Air Total Heating Energy|Zone Ideal Loads Outdoor Air Total Cooling Energy|Zone Ideal Loads Outdoor Air Mass Flow Rate|Zone Air Temperature|Zone Air Relative Humidity|Zone Heating Setpoint Not Met Time|Zone Cooling Setpoint Not Met Time,
seasonal,public_volume_0_50,winter,category,restroom,,,27,7190.122546267738,773.9383497319058,1606.8353229463867,117.94305742997388,01/15  19:30:00,0.016403483622291805,143.3955762477497,68.7066863811733,43.01867287432485,29702.36679798217,0.0,1372.4555267920048,01/15  06:00:00,0.0,01/15  00:15:00,28302.654050570312,0.0,42.072358061767446,01/15  09:45:00,20.00000000000017,8.920194984005082,0.0,0.0,Zone People Occupant Count|Zone People Sensible Heating Energy|Zone People Latent Gain Energy|Zone People Radiant Heating Energy|Zone Ideal Loads Supply Air Total Heating Energy|Zone Ideal Loads Supply Air Total Cooling Energy|Zone Ideal Loads Supply Air Total Heating Rate|Zone Ideal Loads Supply Air Total Cooling Rate|Zone Ideal Loads Outdoor Air Total Heating Energy|Zone Ideal Loads Outdoor Air Total Cooling Energy|Zone Ideal Loads Outdoor Air Mass Flow Rate|Zone Air Temperature|Zone Air Relative Humidity|Zone Heating Setpoint Not Met Time|Zone Cooling Setpoint Not Met Time,
seasonal,public_volume_0_50,winter,category,terminal_hall,,,126,150117.49023392878,8079.256084296528,29307.501445785656,2466.379360893654,01/15  17:30:00,0.016429660241789837,2538.126478016746,978.773695477534,761.4379434050257,88429.00273938777,0.0,5704.785714155827,01/15  05:00:00,0.0,01/15  00:15:00,61554.20293326053,0.0,91.49990084507996,01/15  09:45:00,20.000033860989532,9.80019836086181,0.0,0.0,Zone People Occupant Count|Zone People Sensible Heating Energy|Zone People Latent Gain Energy|Zone People Radiant Heating Energy|Zone Ideal Loads Supply Air Total Heating Energy|Zone Ideal Loads Supply Air Total Cooling Energy|Zone Ideal Loads Supply Air Total Heating Rate|Zone Ideal Loads Supply Air Total Cooling Rate|Zone Ideal Loads Outdoor Air Total Heating Energy|Zone Ideal Loads Outdoor Air Total Cooling Energy|Zone Ideal Loads Outdoor Air Mass Flow Rate|Zone Air Temperature|Zone Air Relative Humidity|Zone Heating Setpoint Not Met Time|Zone Cooling Setpoint Not Met Time,
seasonal,public_volume_0_75,winter,category,breakroom,,,9,1516.6932212803674,408.1387490873193,1381.549665660576,293.8598993428697,01/15  12:45:00,0.1937503875007749,119.64704970528145,46.13891017398764,35.89411491158439,3189.8217981918397,0.0,159.51753485952383,01/15  06:00:00,0.0,01/15  00:15:00,3110.1849044208493,0.0,4.622288820020281,01/15  09:45:00,20.000000000000043,9.820354124379138,0.0,0.0,Zone People Occupant Count|Zone People Sensible Heating Energy|Zone People Latent Gain Energy|Zone People Radiant Heating Energy|Zone Ideal Loads Supply Air Total Heating Energy|Zone Ideal Loads Supply Air Total Cooling Energy|Zone Ideal Loads Supply Air Total Heating Rate|Zone Ideal Loads Supply Air Total Cooling Rate|Zone Ideal Loads Outdoor Air Total Heating Energy|Zone Ideal Loads Outdoor Air Total Cooling Energy|Zone Ideal Loads Outdoor Air Mass Flow Rate|Zone Air Temperature|Zone Air Relative Humidity|Zone Heating Setpoint Not Met Time|Zone Cooling Setpoint Not Met Time,
seasonal,public_volume_0_75,winter,category,commerce_retail,,,51,13348.413025695763,2669.6826051391527,20316.284625108958,1860.2845821249691,01/15  19:30:00,0.1393637265002148,1747.8288269207285,690.1253280923429,524.348648076219,18146.931182351505,987.3528549031619,1018.5419001724584,01/15  06:00:00,285.18846299416725,01/15  15:15:00,17063.68060425894,0.0,25.960201810650442,01/15  09:45:00,20.08522906259169,11.465169811374192,0.0,0.0,Zone People Occupant Count|Zone People Sensible Heating Energy|Zone People Latent Gain Energy|Zone People Radiant Heating Energy|Zone Ideal Loads Supply Air Total Heating Energy|Zone Ideal Loads Supply Air Total Cooling Energy|Zone Ideal Loads Supply Air Total Heating Rate|Zone Ideal Loads Supply Air Total Cooling Rate|Zone Ideal Loads Outdoor Air Total Heating Energy|Zone Ideal Loads Outdoor Air Total Cooling Energy|Zone Ideal Loads Outdoor Air Mass Flow Rate|Zone Air Temperature|Zone Air Relative Humidity|Zone Heating Setpoint Not Met Time|Zone Cooling Setpoint Not Met Time,
seasonal,public_volume_0_75,winter,category,dining,,,22,4713.506777109117,1885.4027108436467,11698.923820784827,1601.730295002767,01/15  19:30:00,0.3398171193433901,1008.3521931002965,395.5186653938827,302.50565793008906,10514.532788031183,344.214637409829,562.2146783510381,01/15  06:00:00,104.56942042114638,01/15  15:00:00,10553.624742166034,0.0,16.014546323505325,01/15  09:45:00,20.071889979471248,11.366751492250513,0.0,0.0,Zone People Occupant Count|Zone People Sensible Heating Energy|Zone People Latent Gain Energy|Zone People Radiant Heating Energy|Zone Ideal Loads Supply Air Total Heating Energy|Zone Ideal Loads Supply Air Total Cooling Energy|Zone Ideal Loads Supply Air Total Heating Rate|Zone Ideal Loads Supply Air Total Cooling Rate|Zone Ideal Loads Outdoor Air Total Heating Energy|Zone Ideal Loads Outdoor Air Total Cooling Energy|Zone Ideal Loads Outdoor Air Mass Flow Rate|Zone Air Temperature|Zone Air Relative Humidity|Zone Heating Setpoint Not Met Time|Zone Cooling Setpoint Not Met Time,
seasonal,public_volume_0_75,winter,category,office,,,69,20239.356559767635,3316.4684849583873,28621.12302519089,2818.9982122146303,01/15  09:15:00,0.13928299567676547,2545.8055975763236,1230.3595719757686,763.7416792728975,24686.88460062484,206.962038948757,1402.6776731721777,01/15  06:00:00,68.6353144928218,01/15  15:15:00,24967.871069220164,0.0,37.4066776329424,01/15  09:45:00,20.044059949444765,12.282865127520914,0.0,0.0,Zone People Occupant Count|Zone People Sensible Heating Energy|Zone People Latent Gain Energy|Zone People Radiant Heating Energy|Zone Ideal Loads Supply Air Total Heating Energy|Zone Ideal Loads Supply Air Total Cooling Energy|Zone Ideal Loads Supply Air Total Heating Rate|Zone Ideal Loads Supply Air Total Cooling Rate|Zone Ideal Loads Outdoor Air Total Heating Energy|Zone Ideal Loads Outdoor Air Total Cooling Energy|Zone Ideal Loads Outdoor Air Mass Flow Rate|Zone Air Temperature|Zone Air Relative Humidity|Zone Heating Setpoint Not Met Time|Zone Cooling Setpoint Not Met Time,
seasonal,public_volume_0_75,winter,category,restroom,,,27,7190.122546267738,773.9383497319058,1606.8353229463867,117.94305742997388,01/15  19:30:00,0.016403483622291805,143.39557624774966,68.70668638117331,43.01867287432484,29700.31987482471,0.0,1372.4402988225652,01/15  06:00:00,0.0,01/15  00:15:00,28302.664286018553,0.0,42.072358061767446,01/15  09:45:00,20.00000000000017,8.921578597845269,0.0,0.0,Zone People Occupant Count|Zone People Sensible Heating Energy|Zone People Latent Gain Energy|Zone People Radiant Heating Energy|Zone Ideal Loads Supply Air Total Heating Energy|Zone Ideal Loads Supply Air Total Cooling Energy|Zone Ideal Loads Supply Air Total Heating Rate|Zone Ideal Loads Supply Air Total Cooling Rate|Zone Ideal Loads Outdoor Air Total Heating Energy|Zone Ideal Loads Outdoor Air Total Cooling Energy|Zone Ideal Loads Outdoor Air Mass Flow Rate|Zone Air Temperature|Zone Air Relative Humidity|Zone Heating Setpoint Not Met Time|Zone Cooling Setpoint Not Met Time,
seasonal,public_volume_0_75,winter,category,terminal_hall,,,126,150117.49023392878,8079.256084296528,43961.25216867848,3699.569041340481,01/15  17:30:00,0.024644490362684755,3807.1872801016934,1468.1629801397316,1142.1561840305062,87358.92934359203,0.0,5698.34922849558,01/15  05:00:00,0.0,01/15  00:15:00,61561.96723714375,0.0,91.49990084507996,01/15  09:45:00,20.00004279479591,10.282930423883585,0.0,0.0,Zone People Occupant Count|Zone People Sensible Heating Energy|Zone People Latent Gain Energy|Zone People Radiant Heating Energy|Zone Ideal Loads Supply Air Total Heating Energy|Zone Ideal Loads Supply Air Total Cooling Energy|Zone Ideal Loads Supply Air Total Heating Rate|Zone Ideal Loads Supply Air Total Cooling Rate|Zone Ideal Loads Outdoor Air Total Heating Energy|Zone Ideal Loads Outdoor Air Total Cooling Energy|Zone Ideal Loads Outdoor Air Mass Flow Rate|Zone Air Temperature|Zone Air Relative Humidity|Zone Heating Setpoint Not Met Time|Zone Cooling Setpoint Not Met Time,
seasonal,public_volume_1_00,winter,category,breakroom,,,9,1516.6932212803674,408.1387490873193,1381.549665660576,293.8598993428697,01/15  12:45:00,0.1937503875007749,119.64704970528145,46.13891017398764,35.89411491158439,3189.372348832909,0.0,159.5142945785109,01/15  06:00:00,0.0,01/15  00:15:00,3110.1849044208493,0.0,4.622288820020281,01/15  09:45:00,20.000000000000043,9.82035412709225,0.0,0.0,Zone People Occupant Count|Zone People Sensible Heating Energy|Zone People Latent Gain Energy|Zone People Radiant Heating Energy|Zone Ideal Loads Supply Air Total Heating Energy|Zone Ideal Loads Supply Air Total Cooling Energy|Zone Ideal Loads Supply Air Total Heating Rate|Zone Ideal Loads Supply Air Total Cooling Rate|Zone Ideal Loads Outdoor Air Total Heating Energy|Zone Ideal Loads Outdoor Air Total Cooling Energy|Zone Ideal Loads Outdoor Air Mass Flow Rate|Zone Air Temperature|Zone Air Relative Humidity|Zone Heating Setpoint Not Met Time|Zone Cooling Setpoint Not Met Time,
seasonal,public_volume_1_00,winter,category,commerce_retail,,,51,13348.413025695763,2669.6826051391527,20316.284625108958,1860.2845821249691,01/15  19:30:00,0.1393637265002148,1747.824769256534,690.1293857565371,524.3474307769607,18144.05827544202,987.7354341274395,1018.5139730585882,01/15  06:00:00,285.25193555888774,01/15  15:15:00,17063.681649763945,0.0,25.960201810650442,01/15  09:45:00,20.08526133134841,11.465159485157802,0.0,0.0,Zone People Occupant Count|Zone People Sensible Heating Energy|Zone People Latent Gain Energy|Zone People Radiant Heating Energy|Zone Ideal Loads Supply Air Total Heating Energy|Zone Ideal Loads Supply Air Total Cooling Energy|Zone Ideal Loads Supply Air Total Heating Rate|Zone Ideal Loads Supply Air Total Cooling Rate|Zone Ideal Loads Outdoor Air Total Heating Energy|Zone Ideal Loads Outdoor Air Total Cooling Energy|Zone Ideal Loads Outdoor Air Mass Flow Rate|Zone Air Temperature|Zone Air Relative Humidity|Zone Heating Setpoint Not Met Time|Zone Cooling Setpoint Not Met Time,
seasonal,public_volume_1_00,winter,category,dining,,,22,4713.506777109117,1885.4027108436467,11698.923820784827,1601.730295002767,01/15  19:30:00,0.3398171193433901,1008.3508603067718,395.5199981874074,302.5052580920317,10513.609461725375,344.3281218314728,562.2061131967131,01/15  06:00:00,104.58864031876074,01/15  15:00:00,10553.625267278892,0.0,16.014546323505325,01/15  09:45:00,20.07191327549308,11.366744535925996,0.0,0.0,Zone People Occupant Count|Zone People Sensible Heating Energy|Zone People Latent Gain Energy|Zone People Radiant Heating Energy|Zone Ideal Loads Supply Air Total Heating Energy|Zone Ideal Loads Supply Air Total Cooling Energy|Zone Ideal Loads Supply Air Total Heating Rate|Zone Ideal Loads Supply Air Total Cooling Rate|Zone Ideal Loads Outdoor Air Total Heating Energy|Zone Ideal Loads Outdoor Air Total Cooling Energy|Zone Ideal Loads Outdoor Air Mass Flow Rate|Zone Air Temperature|Zone Air Relative Humidity|Zone Heating Setpoint Not Met Time|Zone Cooling Setpoint Not Met Time,
seasonal,public_volume_1_00,winter,category,office,,,69,20239.356559767635,3316.4684849583873,28621.12302519089,2818.9982122146303,01/15  09:15:00,0.13928299567676547,2545.8014014795754,1230.3637680725155,763.7404204438744,24683.333491197198,207.05643961505476,1402.6499640093093,01/15  06:00:00,68.65108339719526,01/15  15:15:00,24967.87688989907,0.0,37.4066776329424,01/15  09:45:00,20.04409355268785,12.283661910884213,0.0,0.0,Zone People Occupant Count|Zone People Sensible Heating Energy|Zone People Latent Gain Energy|Zone People Radiant Heating Energy|Zone Ideal Loads Supply Air Total Heating Energy|Zone Ideal Loads Supply Air Total Cooling Energy|Zone Ideal Loads Supply Air Total Heating Rate|Zone Ideal Loads Supply Air Total Cooling Rate|Zone Ideal Loads Outdoor Air Total Heating Energy|Zone Ideal Loads Outdoor Air Total Cooling Energy|Zone Ideal Loads Outdoor Air Mass Flow Rate|Zone Air Temperature|Zone Air Relative Humidity|Zone Heating Setpoint Not Met Time|Zone Cooling Setpoint Not Met Time,
seasonal,public_volume_1_00,winter,category,restroom,,,27,7190.122546267738,773.9383497319058,1606.8353229463867,117.94305742997388,01/15  19:30:00,0.016403483622291805,143.3955762477497,68.7066863811733,43.01867287432484,29698.27148075631,0.0,1372.4250641322342,01/15  06:00:00,0.0,01/15  00:15:00,28302.67451955328,0.0,42.072358061767446,01/15  09:45:00,20.00000000000017,8.922961883373036,0.0,0.0,Zone People Occupant Count|Zone People Sensible Heating Energy|Zone People Latent Gain Energy|Zone People Radiant Heating Energy|Zone Ideal Loads Supply Air Total Heating Energy|Zone Ideal Loads Supply Air Total Cooling Energy|Zone Ideal Loads Supply Air Total Heating Rate|Zone Ideal Loads Supply Air Total Cooling Rate|Zone Ideal Loads Outdoor Air Total Heating Energy|Zone Ideal Loads Outdoor Air Total Cooling Energy|Zone Ideal Loads Outdoor Air Mass Flow Rate|Zone Air Temperature|Zone Air Relative Humidity|Zone Heating Setpoint Not Met Time|Zone Cooling Setpoint Not Met Time,
seasonal,public_volume_1_00,winter,category,terminal_hall,,,126,150117.49023392878,8079.256084296528,58615.00289157131,4932.758721787308,01/15  17:30:00,0.032859320483579674,5076.246422002384,1957.5539249861768,1522.8739266007192,86289.35960065051,0.0,5691.912604466373,01/15  05:00:00,0.0,01/15  00:15:00,61567.790441229205,0.0,91.49990084507996,01/15  09:45:00,20.000052112944246,10.765512220640666,0.0,0.0,Zone People Occupant Count|Zone People Sensible Heating Energy|Zone People Latent Gain Energy|Zone People Radiant Heating Energy|Zone Ideal Loads Supply Air Total Heating Energy|Zone Ideal Loads Supply Air Total Cooling Energy|Zone Ideal Loads Supply Air Total Heating Rate|Zone Ideal Loads Supply Air Total Cooling Rate|Zone Ideal Loads Outdoor Air Total Heating Energy|Zone Ideal Loads Outdoor Air Total Cooling Energy|Zone Ideal Loads Outdoor Air Mass Flow Rate|Zone Air Temperature|Zone Air Relative Humidity|Zone Heating Setpoint Not Met Time|Zone Cooling Setpoint Not Met Time,
seasonal,public_volume_1_25,winter,category,breakroom,,,9,1516.6932212803674,408.1387490873193,1381.549665660576,293.8598993428697,01/15  12:45:00,0.1937503875007749,119.64704970528145,46.138910173987654,35.89411491158438,3188.923595300669,0.0,159.51108978661557,01/15  06:00:00,0.0,01/15  00:15:00,3110.1849044208493,0.0,4.622288820020281,01/15  09:45:00,20.000000000000043,9.820354105516184,0.0,0.0,Zone People Occupant Count|Zone People Sensible Heating Energy|Zone People Latent Gain Energy|Zone People Radiant Heating Energy|Zone Ideal Loads Supply Air Total Heating Energy|Zone Ideal Loads Supply Air Total Cooling Energy|Zone Ideal Loads Supply Air Total Heating Rate|Zone Ideal Loads Supply Air Total Cooling Rate|Zone Ideal Loads Outdoor Air Total Heating Energy|Zone Ideal Loads Outdoor Air Total Cooling Energy|Zone Ideal Loads Outdoor Air Mass Flow Rate|Zone Air Temperature|Zone Air Relative Humidity|Zone Heating Setpoint Not Met Time|Zone Cooling Setpoint Not Met Time,
seasonal,public_volume_1_25,winter,category,commerce_retail,,,51,13348.413025695763,2669.6826051391527,20316.284625108958,1860.2845821249691,01/15  19:30:00,0.1393637265002148,1747.8207044786675,690.1334505344024,524.3462113436004,18141.199531214294,988.1201076996673,1018.4864915835543,01/15  06:00:00,285.3157819179248,01/15  15:15:00,17063.504901752854,0.0,25.960201810650442,01/15  09:45:00,20.085293607956835,11.465149181020639,0.0,0.0,Zone People Occupant Count|Zone People Sensible Heating Energy|Zone People Latent Gain Energy|Zone People Radiant Heating Energy|Zone Ideal Loads Supply Air Total Heating Energy|Zone Ideal Loads Supply Air Total Cooling Energy|Zone Ideal Loads Supply Air Total Heating Rate|Zone Ideal Loads Supply Air Total Cooling Rate|Zone Ideal Loads Outdoor Air Total Heating Energy|Zone Ideal Loads Outdoor Air Total Cooling Energy|Zone Ideal Loads Outdoor Air Mass Flow Rate|Zone Air Temperature|Zone Air Relative Humidity|Zone Heating Setpoint Not Met Time|Zone Cooling Setpoint Not Met Time,
seasonal,public_volume_1_25,winter,category,dining,,,22,4713.506777109117,1885.4027108436467,11698.923820784827,1601.730295002767,01/15  19:30:00,0.3398171193433901,1008.3495237425832,395.52133475159644,302.50485712277487,10512.691569550563,344.43868845088514,562.1976945131863,01/15  06:00:00,104.60805771165765,01/15  15:00:00,10553.625795376282,0.0,16.014546323505325,01/15  09:45:00,20.071936111386314,11.366736911159826,0.0,0.0,Zone People Occupant Count|Zone People Sensible Heating Energy|Zone People Latent Gain Energy|Zone People Radiant Heating Energy|Zone Ideal Loads Supply Air Total Heating Energy|Zone Ideal Loads Supply Air Total Cooling Energy|Zone Ideal Loads Supply Air Total Heating Rate|Zone Ideal Loads Supply Air Total Cooling Rate|Zone Ideal Loads Outdoor Air Total Heating Energy|Zone Ideal Loads Outdoor Air Total Cooling Energy|Zone Ideal Loads Outdoor Air Mass Flow Rate|Zone Air Temperature|Zone Air Relative Humidity|Zone Heating Setpoint Not Met Time|Zone Cooling Setpoint Not Met Time,
seasonal,public_volume_1_25,winter,category,office,,,69,20239.356559767635,3316.4684849583873,28621.12302519089,2818.9982122146303,01/15  09:15:00,0.13928299567676547,2545.797210169218,1230.3679593828729,763.739163050766,24679.79384237534,207.1515669628074,1402.6226524495698,01/15  06:00:00,68.66685430366938,01/15  15:15:00,24966.624533180704,0.0,37.4066776329424,01/15  09:45:00,20.044127042517257,12.284458571622626,0.0,0.0,Zone People Occupant Count|Zone People Sensible Heating Energy|Zone People Latent Gain Energy|Zone People Radiant Heating Energy|Zone Ideal Loads Supply Air Total Heating Energy|Zone Ideal Loads Supply Air Total Cooling Energy|Zone Ideal Loads Supply Air Total Heating Rate|Zone Ideal Loads Supply Air Total Cooling Rate|Zone Ideal Loads Outdoor Air Total Heating Energy|Zone Ideal Loads Outdoor Air Total Cooling Energy|Zone Ideal Loads Outdoor Air Mass Flow Rate|Zone Air Temperature|Zone Air Relative Humidity|Zone Heating Setpoint Not Met Time|Zone Cooling Setpoint Not Met Time,
seasonal,public_volume_1_25,winter,category,restroom,,,27,7190.122546267738,773.9383497319058,1606.8353229463867,117.94305742997388,01/15  19:30:00,0.016403483622291805,143.3955762477497,68.70668638117331,43.01867287432484,29696.22673233408,0.0,1372.4099781007833,01/15  06:00:00,0.0,01/15  00:15:00,28302.684751173292,0.0,42.072358061767446,01/15  09:45:00,20.00000000000017,8.924344858331256,0.0,0.0,Zone People Occupant Count|Zone People Sensible Heating Energy|Zone People Latent Gain Energy|Zone People Radiant Heating Energy|Zone Ideal Loads Supply Air Total Heating Energy|Zone Ideal Loads Supply Air Total Cooling Energy|Zone Ideal Loads Supply Air Total Heating Rate|Zone Ideal Loads Supply Air Total Cooling Rate|Zone Ideal Loads Outdoor Air Total Heating Energy|Zone Ideal Loads Outdoor Air Total Cooling Energy|Zone Ideal Loads Outdoor Air Mass Flow Rate|Zone Air Temperature|Zone Air Relative Humidity|Zone Heating Setpoint Not Met Time|Zone Cooling Setpoint Not Met Time,
seasonal,public_volume_1_25,winter,category,terminal_hall,,,126,150117.49023392878,8079.256084296528,73268.7536144641,6165.948402234135,01/15  17:30:00,0.04107415060447459,6345.3017425543185,2446.948691181411,1903.5905227662909,85220.44715022243,0.0,5685.479467819703,01/15  05:00:00,0.0,01/15  00:15:00,61565.44178155411,0.0,91.49990084507996,01/15  09:45:00,20.000066283186985,11.247942424450425,0.0,0.0,Zone People Occupant Count|Zone People Sensible Heating Energy|Zone People Latent Gain Energy|Zone People Radiant Heating Energy|Zone Ideal Loads Supply Air Total Heating Energy|Zone Ideal Loads Supply Air Total Cooling Energy|Zone Ideal Loads Supply Air Total Heating Rate|Zone Ideal Loads Supply Air Total Cooling Rate|Zone Ideal Loads Outdoor Air Total Heating Energy|Zone Ideal Loads Outdoor Air Total Cooling Energy|Zone Ideal Loads Outdoor Air Mass Flow Rate|Zone Air Temperature|Zone Air Relative Humidity|Zone Heating Setpoint Not Met Time|Zone Cooling Setpoint Not Met Time,
seasonal,public_volume_1_50,winter,category,breakroom,,,9,1516.6932212803674,408.1387490873193,1381.549665660576,293.8598993428697,01/15  12:45:00,0.1937503875007749,119.64704970528145,46.138910173987654,35.89411491158438,3188.4733845473484,0.0,159.507845745902,01/15  06:00:00,0.0,01/15  00:15:00,3110.1849044208493,0.0,4.622288820020281,01/15  09:45:00,20.000000000000043,9.820354103331935,0.0,0.0,Zone People Occupant Count|Zone People Sensible Heating Energy|Zone People Latent Gain Energy|Zone People Radiant Heating Energy|Zone Ideal Loads Supply Air Total Heating Energy|Zone Ideal Loads Supply Air Total Cooling Energy|Zone Ideal Loads Supply Air Total Heating Rate|Zone Ideal Loads Supply Air Total Cooling Rate|Zone Ideal Loads Outdoor Air Total Heating Energy|Zone Ideal Loads Outdoor Air Total Cooling Energy|Zone Ideal Loads Outdoor Air Mass Flow Rate|Zone Air Temperature|Zone Air Relative Humidity|Zone Heating Setpoint Not Met Time|Zone Cooling Setpoint Not Met Time,
seasonal,public_volume_1_50,winter,category,commerce_retail,,,51,13348.413025695763,2669.6826051391527,20316.284625108958,1860.2845821249691,01/15  19:30:00,0.1393637265002148,1747.8166341120984,690.1375209009732,524.34499023363,18138.324903479413,988.5074588270651,1018.45852119765,01/15  06:00:00,285.3800761229858,01/15  15:15:00,17063.50596195888,0.0,25.960201810650442,01/15  09:45:00,20.085325960047477,11.465138832287291,0.0,0.0,Zone People Occupant Count|Zone People Sensible Heating Energy|Zone People Latent Gain Energy|Zone People Radiant Heating Energy|Zone Ideal Loads Supply Air Total Heating Energy|Zone Ideal Loads Supply Air Total Cooling Energy|Zone Ideal Loads Supply Air Total Heating Rate|Zone Ideal Loads Supply Air Total Cooling Rate|Zone Ideal Loads Outdoor Air Total Heating Energy|Zone Ideal Loads Outdoor Air Total Cooling Energy|Zone Ideal Loads Outdoor Air Mass Flow Rate|Zone Air Temperature|Zone Air Relative Humidity|Zone Heating Setpoint Not Met Time|Zone Cooling Setpoint Not Met Time,
seasonal,public_volume_1_50,winter,category,dining,,,22,4713.506777109117,1885.4027108436467,11698.923820784827,1601.730295002767,01/15  19:30:00,0.3398171193433901,1008.3481809559548,395.52267753822366,302.50445428678677,10511.766652929973,344.55609378702303,562.1891198865412,01/15  06:00:00,104.62753565515817,01/15  15:00:00,10553.626327825523,0.0,16.014546323505325,01/15  09:45:00,20.07195955108514,11.366729938349806,0.0,0.0,Zone People Occupant Count|Zone People Sensible Heating Energy|Zone People Latent Gain Energy|Zone People Radiant Heating Energy|Zone Ideal Loads Supply Air Total Heating Energy|Zone Ideal Loads Supply Air Total Cooling Energy|Zone Ideal Loads Supply Air Total Heating Rate|Zone Ideal Loads Supply Air Total Cooling Rate|Zone Ideal Loads Outdoor Air Total Heating Energy|Zone Ideal Loads Outdoor Air Total Cooling Energy|Zone Ideal Loads Outdoor Air Mass Flow Rate|Zone Air Temperature|Zone Air Relative Humidity|Zone Heating Setpoint Not Met Time|Zone Cooling Setpoint Not Met Time,
seasonal,public_volume_1_50,winter,category,office,,,69,20239.356559767635,3316.4684849583873,28621.12302519089,2818.9982122146303,01/15  09:15:00,0.13928299567676547,2545.7929876316443,1230.3721819204472,763.7378962894944,24676.238289570723,207.24762221376884,1402.5949119776733,01/15  06:00:00,68.68293504126984,01/15  15:15:00,24966.630361811032,0.0,37.4066776329424,01/15  09:45:00,20.0441616442621,12.285253947115567,0.0,0.0,Zone People Occupant Count|Zone People Sensible Heating Energy|Zone People Latent Gain Energy|Zone People Radiant Heating Energy|Zone Ideal Loads Supply Air Total Heating Energy|Zone Ideal Loads Supply Air Total Cooling Energy|Zone Ideal Loads Supply Air Total Heating Rate|Zone Ideal Loads Supply Air Total Cooling Rate|Zone Ideal Loads Outdoor Air Total Heating Energy|Zone Ideal Loads Outdoor Air Total Cooling Energy|Zone Ideal Loads Outdoor Air Mass Flow Rate|Zone Air Temperature|Zone Air Relative Humidity|Zone Heating Setpoint Not Met Time|Zone Cooling Setpoint Not Met Time,
seasonal,public_volume_1_50,winter,category,restroom,,,27,7190.122546267738,773.9383497319058,1606.8353229463867,117.94305742997388,01/15  19:30:00,0.016403483622291805,143.3955762477497,68.7066863811733,43.01867287432484,29694.175853805325,0.0,1372.394728642704,01/15  06:00:00,0.0,01/15  00:15:00,28302.694980925324,0.0,42.072358061767446,01/15  09:45:00,20.00000000000017,8.925727549247316,0.0,0.0,Zone People Occupant Count|Zone People Sensible Heating Energy|Zone People Latent Gain Energy|Zone People Radiant Heating Energy|Zone Ideal Loads Supply Air Total Heating Energy|Zone Ideal Loads Supply Air Total Cooling Energy|Zone Ideal Loads Supply Air Total Heating Rate|Zone Ideal Loads Supply Air Total Cooling Rate|Zone Ideal Loads Outdoor Air Total Heating Energy|Zone Ideal Loads Outdoor Air Total Cooling Energy|Zone Ideal Loads Outdoor Air Mass Flow Rate|Zone Air Temperature|Zone Air Relative Humidity|Zone Heating Setpoint Not Met Time|Zone Cooling Setpoint Not Met Time,
seasonal,public_volume_1_50,winter,category,terminal_hall,,,126,150117.49023392878,8079.256084296528,87922.50433735696,7399.138082680962,01/15  17:30:00,0.04928898072536951,7614.351210006288,2936.3493104765607,2284.3053630018826,84152.00367915136,0.0,5679.042424272835,01/15  05:00:00,0.0,01/15  00:15:00,61565.375283230846,0.0,91.49990084507996,01/15  09:45:00,20.000087358568756,11.730220841947165,0.0,0.0,Zone People Occupant Count|Zone People Sensible Heating Energy|Zone People Latent Gain Energy|Zone People Radiant Heating Energy|Zone Ideal Loads Supply Air Total Heating Energy|Zone Ideal Loads Supply Air Total Cooling Energy|Zone Ideal Loads Supply Air Total Heating Rate|Zone Ideal Loads Supply Air Total Cooling Rate|Zone Ideal Loads Outdoor Air Total Heating Energy|Zone Ideal Loads Outdoor Air Total Cooling Energy|Zone Ideal Loads Outdoor Air Mass Flow Rate|Zone Air Temperature|Zone Air Relative Humidity|Zone Heating Setpoint Not Met Time|Zone Cooling Setpoint Not Met Time,
annual,baseline_r,annual,category,breakroom,,,9,1516.6932212803674,408.1387490873193,504265.6279660795,241.99226664975743,01/01  13:00:00,0.1595525471165959,40548.11229037874,19963.763065553092,12164.433687115788,368865.3747128669,50777.25035326083,174.67128376711415,01/18  05:00:00,172.45833384707964,08/02  17:00:00,,,,,,,,,Zone People Occupant Count|Zone People Sensible Heating Energy|Zone People Latent Gain Energy|Zone People Radiant Heating Energy|Zone Ideal Loads Supply Air Total Heating Energy|Zone Ideal Loads Supply Air Total Cooling Energy|Zone Ideal Loads Supply Air Total Heating Rate|Zone Ideal Loads Supply Air Total Cooling Rate,
annual,baseline_r,annual,category,commerce_retail,,,51,13348.413025695763,2669.6826051391527,7415443.888164519,1809.787912928457,01/01  20:00:00,0.13558075476422599,586765.4786461632,303087.7879333591,176029.64359388096,2048746.3804779772,1489342.3499763247,1111.7113816174392,01/18  06:00:00,1524.4948502158734,08/02  16:00:00,,,,,,,,,Zone People Occupant Count|Zone People Sensible Heating Energy|Zone People Latent Gain Energy|Zone People Radiant Heating Energy|Zone Ideal Loads Supply Air Total Heating Energy|Zone Ideal Loads Supply Air Total Cooling Energy|Zone Ideal Loads Supply Air Total Heating Rate|Zone Ideal Loads Supply Air Total Cooling Rate,
annual,baseline_r,annual,category,dining,,,22,4713.506777109117,1885.4027108436467,4270107.194586507,1505.5953799426584,01/01  20:00:00,0.31942149468300296,338567.244558203,173845.6187921407,101570.17336747385,1184030.6251510654,717960.7385023674,616.0522496802672,01/18  06:00:00,786.6182536021562,08/01  14:00:00,,,,,,,,,Zone People Occupant Count|Zone People Sensible Heating Energy|Zone People Latent Gain Energy|Zone People Radiant Heating Energy|Zone Ideal Loads Supply Air Total Heating Energy|Zone Ideal Loads Supply Air Total Cooling Energy|Zone Ideal Loads Supply Air Total Heating Rate|Zone Ideal Loads Supply Air Total Cooling Rate,
annual,baseline_r,annual,category,office,,,69,20239.356559767635,3316.4684849583873,10446709.90419465,2806.5614553960354,01/01  10:00:00,0.1386685118723091,846006.1635461849,532294.1233403268,253801.84906394698,2757406.912008162,1016294.5657131089,1537.860525590271,01/18  05:00:00,2137.8083100821927,08/02  17:00:00,,,,,,,,,Zone People Occupant Count|Zone People Sensible Heating Energy|Zone People Latent Gain Energy|Zone People Radiant Heating Energy|Zone Ideal Loads Supply Air Total Heating Energy|Zone Ideal Loads Supply Air Total Cooling Energy|Zone Ideal Loads Supply Air Total Heating Rate|Zone Ideal Loads Supply Air Total Cooling Rate,
annual,baseline_r,annual,category,restroom,,,27,7190.122546267738,773.9383497319058,586494.8928754367,117.13042216275537,01/01  19:00:00,0.01629046256291635,49103.21657841288,28314.109281133875,14730.964973524198,3567196.3273548423,344503.8510368157,1503.8529321505216,01/19  06:00:00,1380.7977636751914,08/03  01:00:00,,,,,,,,,Zone People Occupant Count|Zone People Sensible Heating Energy|Zone People Latent Gain Energy|Zone People Radiant Heating Energy|Zone Ideal Loads Supply Air Total Heating Energy|Zone Ideal Loads Supply Air Total Cooling Energy|Zone Ideal Loads Supply Air Total Heating Rate|Zone Ideal Loads Supply Air Total Cooling Rate,
annual,baseline_r,annual,category,terminal_hall,,,126,150117.49023392878,8079.256084296528,21394476.055423457,4872.567478314463,01/01  18:00:00,0.03245835958702426,1685576.084883396,881761.0417674998,505672.8254650213,9614446.75009014,3244351.210355766,6327.259783313188,01/18  05:00:00,7050.618814967244,08/02  17:00:00,,,,,,,,,Zone People Occupant Count|Zone People Sensible Heating Energy|Zone People Latent Gain Energy|Zone People Radiant Heating Energy|Zone Ideal Loads Supply Air Total Heating Energy|Zone Ideal Loads Supply Air Total Cooling Energy|Zone Ideal Loads Supply Air Total Heating Rate|Zone Ideal Loads Supply Air Total Cooling Rate,
annual,baseline_s,annual,category,breakroom,,,9,1516.6932212803674,81.62774981746384,231333.0429827071,77.54636232659068,01/02  09:00:00,0.05112857447937119,18175.532161618616,9584.43299630436,5452.659648485426,88494.20359082206,14428.10379846459,55.01757795716639,01/18  05:00:00,61.70763718344015,08/02  17:00:00,,,,,,,,,Zone People Occupant Count|Zone People Sensible Heating Energy|Zone People Latent Gain Energy|Zone People Radiant Heating Energy|Zone Ideal Loads Supply Air Total Heating Energy|Zone Ideal Loads Supply Air Total Cooling Energy|Zone Ideal Loads Supply Air Total Heating Rate|Zone Ideal Loads Supply Air Total Cooling Rate,
annual,baseline_s,annual,category,commerce_retail,,,51,13348.413025695763,1772.554287171465,4353612.780413248,1446.7431204648708,01/02  16:00:00,0.10838315518705353,342282.3661094352,180151.1675402236,102684.70983281342,1706160.110714932,1371757.9537478406,922.5029156818474,01/18  06:00:00,1352.5352093554486,08/02  16:00:00,,,,,,,,,Zone People Occupant Count|Zone People Sensible Heating Energy|Zone People Latent Gain Energy|Zone People Radiant Heating Energy|Zone Ideal Loads Supply Air Total Heating Energy|Zone Ideal Loads Supply Air Total Cooling Energy|Zone Ideal Loads Supply Air Total Heating Rate|Zone Ideal Loads Supply Air Total Cooling Rate,
annual,baseline_s,annual,category,dining,,,22,4713.506777109117,507.3576469735659,1282498.6600197747,481.9897646248876,01/02  09:00:00,0.10225714895874215,100038.13864847328,53861.700553883085,30011.441594551234,392130.8788419664,545942.3704053453,236.70738275413788,01/18  06:00:00,466.5052573049299,09/01  16:00:00,,,,,,,,,Zone People Occupant Count|Zone People Sensible Heating Energy|Zone People Latent Gain Energy|Zone People Radiant Heating Energy|Zone Ideal Loads Supply Air Total Heating Energy|Zone Ideal Loads Supply Air Total Cooling Energy|Zone Ideal Loads Supply Air Total Heating Rate|Zone Ideal Loads Supply Air Total Cooling Rate,
annual,baseline_s,annual,category,office,,,69,20239.356559767635,1036.4471356845213,2661314.156833942,869.3674609904442,01/02  09:00:00,0.04295430333583813,211410.48046643494,139689.66517147847,63423.14413995536,1053491.9012504346,575579.5216289944,702.9578777318354,01/18  05:00:00,927.430362796866,08/02  17:00:00,,,,,,,,,Zone People Occupant Count|Zone People Sensible Heating Energy|Zone People Latent Gain Energy|Zone People Radiant Heating Energy|Zone Ideal Loads Supply Air Total Heating Energy|Zone Ideal Loads Supply Air Total Cooling Energy|Zone Ideal Loads Supply Air Total Heating Rate|Zone Ideal Loads Supply Air Total Cooling Rate,
annual,baseline_s,annual,category,restroom,,,27,7190.122546267738,773.9383497319058,1167099.0478873125,309.57534450579396,01/02  09:00:00,0.0430556423084178,97243.10709060871,56813.967230509545,29172.93212719839,3542611.1714555225,358469.69192104123,1505.3911283644782,01/19  06:00:00,1377.0635014572779,08/03  01:00:00,,,,,,,,,Zone People Occupant Count|Zone People Sensible Heating Energy|Zone People Latent Gain Energy|Zone People Radiant Heating Energy|Zone Ideal Loads Supply Air Total Heating Energy|Zone Ideal Loads Supply Air Total Cooling Energy|Zone Ideal Loads Supply Air Total Heating Rate|Zone Ideal Loads Supply Air Total Cooling Rate,
annual,baseline_s,annual,category,terminal_hall,,,126,150117.49023392878,8079.256084296528,22896611.742895667,7675.293280081697,01/02  09:00:00,0.051128574479371136,1767172.947587254,980420.4615603405,530151.8842760504,9743464.009885432,3455674.187691995,6347.633337449344,01/18  05:00:00,7341.340758794986,08/02  16:00:00,,,,,,,,,Zone People Occupant Count|Zone People Sensible Heating Energy|Zone People Latent Gain Energy|Zone People Radiant Heating Energy|Zone Ideal Loads Supply Air Total Heating Energy|Zone Ideal Loads Supply Air Total Cooling Energy|Zone Ideal Loads Supply Air Total Heating Rate|Zone Ideal Loads Supply Air Total Cooling Rate,
annual,entrance_2_lead,annual,category,breakroom,,,9,1516.6932212803674,408.1387490873193,504265.6279660795,241.99226664975743,01/01  13:00:00,0.1595525471165959,40547.8838959418,19963.991459990168,12164.365168784758,368863.6472976702,50777.702970151695,174.67079809144164,01/18  05:00:00,172.46300948049884,08/02  17:00:00,,,,,,,,,Zone People Occupant Count|Zone People Sensible Heating Energy|Zone People Latent Gain Energy|Zone People Radiant Heating Energy|Zone Ideal Loads Supply Air Total Heating Energy|Zone Ideal Loads Supply Air Total Cooling Energy|Zone Ideal Loads Supply Air Total Heating Rate|Zone Ideal Loads Supply Air Total Cooling Rate,
annual,entrance_2_lead,annual,category,commerce_retail,,,51,13348.413025695763,2669.6826051391527,7415443.888164562,1756.2016072196323,01/01  20:00:00,0.13156632206682062,587050.1067090709,302803.15987057803,176115.03201275403,2047593.1617195576,1487557.069354575,1111.6976324520945,01/18  06:00:00,1524.607234835975,08/02  16:00:00,,,,,,,,,Zone People Occupant Count|Zone People Sensible Heating Energy|Zone People Latent Gain Energy|Zone People Radiant Heating Energy|Zone Ideal Loads Supply Air Total Heating Energy|Zone Ideal Loads Supply Air Total Cooling Energy|Zone Ideal Loads Supply Air Total Heating Rate|Zone Ideal Loads Supply Air Total Cooling Rate,
annual,entrance_2_lead,annual,category,dining,,,22,4713.506777109117,1885.4027108436467,4270107.194586393,1371.3999728552167,01/01  20:00:00,0.29095109813257175,338629.866108675,173782.9972416183,101588.95983262181,1183751.0175264364,717678.5063770547,614.5063445068159,01/18  06:00:00,787.634402654276,08/02  16:00:00,,,,,,,,,Zone People Occupant Count|Zone People Sensible Heating Energy|Zone People Latent Gain Energy|Zone People Radiant Heating Energy|Zone Ideal Loads Supply Air Total Heating Energy|Zone Ideal Loads Supply Air Total Cooling Energy|Zone Ideal Loads Supply Air Total Heating Rate|Zone Ideal Loads Supply Air Total Cooling Rate,
annual,entrance_2_lead,annual,category,office,,,69,20239.356559767635,3316.4684849583873,10446709.90419465,2806.5614553960354,01/01  10:00:00,0.1386685118723091,845987.1481475766,532313.1387389194,253796.1444443705,2757365.2420181944,1016374.2311543805,1537.8582542408992,01/18  05:00:00,2137.8040976153193,08/02  17:00:00,,,,,,,,,Zone People Occupant Count|Zone People Sensible Heating Energy|Zone People Latent Gain Energy|Zone People Radiant Heating Energy|Zone Ideal Loads Supply Air Total Heating Energy|Zone Ideal Loads Supply Air Total Cooling Energy|Zone Ideal Loads Supply Air Total Heating Rate|Zone Ideal Loads Supply Air Total Cooling Rate,
annual,entrance_2_lead,annual,category,restroom,,,27,7190.122546267738,773.9383497319058,586494.8928754253,117.02892807015888,01/01  19:00:00,0.01627634679619007,49103.746492220555,28313.579367337657,14731.123947667986,3567181.561448808,344495.2246698803,1503.8437321730407,01/19  06:00:00,1381.178076808706,08/03  01:00:00,,,,,,,,,Zone People Occupant Count|Zone People Sensible Heating Energy|Zone People Latent Gain Energy|Zone People Radiant Heating Energy|Zone Ideal Loads Supply Air Total Heating Energy|Zone Ideal Loads Supply Air Total Cooling Energy|Zone Ideal Loads Supply Air Total Heating Rate|Zone Ideal Loads Supply Air Total Cooling Rate,
annual,entrance_2_lead,annual,category,terminal_hall,,,126,150117.49023392878,8079.256084296528,21394476.055424195,4752.4899452515265,01/01  18:00:00,0.03165846922864018,1685950.8932398737,881386.2334112669,505785.2679717749,9611474.93374658,3242198.899086825,6324.976011552621,01/18  05:00:00,7050.844646126161,08/02  17:00:00,,,,,,,,,Zone People Occupant Count|Zone People Sensible Heating Energy|Zone People Latent Gain Energy|Zone People Radiant Heating Energy|Zone Ideal Loads Supply Air Total Heating Energy|Zone Ideal Loads Supply Air Total Cooling Energy|Zone Ideal Loads Supply Air Total Heating Rate|Zone Ideal Loads Supply Air Total Cooling Rate,
annual,entrance_3_lead,annual,category,breakroom,,,9,1516.6932212803674,408.1387490873193,504265.6279660795,241.99226664975743,01/01  13:00:00,0.1595525471165959,40547.597978031605,19964.277377900293,12164.279393411702,368868.56307805766,50783.203986239576,174.67124326126876,01/18  05:00:00,172.45727276477643,08/02  17:00:00,,,,,,,,,Zone People Occupant Count|Zone People Sensible Heating Energy|Zone People Latent Gain Energy|Zone People Radiant Heating Energy|Zone Ideal Loads Supply Air Total Heating Energy|Zone Ideal Loads Supply Air Total Cooling Energy|Zone Ideal Loads Supply Air Total Heating Rate|Zone Ideal Loads Supply Air Total Cooling Rate,
annual,entrance_3_lead,annual,category,commerce_retail,,,51,13348.413025695763,2669.6826051391527,7415443.888164818,1758.3400469758483,01/01  20:00:00,0.13172652386400052,586665.395871305,303187.8707083632,175999.61876141911,2049095.689556492,1490216.9681737165,1111.70571759734,01/18  06:00:00,1524.2496026206602,08/02  16:00:00,,,,,,,,,Zone People Occupant Count|Zone People Sensible Heating Energy|Zone People Latent Gain Energy|Zone People Radiant Heating Energy|Zone Ideal Loads Supply Air Total Heating Energy|Zone Ideal Loads Supply Air Total Cooling Energy|Zone Ideal Loads Supply Air Total Heating Rate|Zone Ideal Loads Supply Air Total Cooling Rate,
annual,entrance_3_lead,annual,category,dining,,,22,4713.506777109117,1885.4027108436467,4270107.194586406,1358.1968296636096,01/01  20:00:00,0.2881499685668464,338513.5349391732,173899.32841112546,101554.0604817692,1184187.0454331634,718183.1933736993,614.3566293213925,01/18  06:00:00,788.7311518394716,08/02  16:00:00,,,,,,,,,Zone People Occupant Count|Zone People Sensible Heating Energy|Zone People Latent Gain Energy|Zone People Radiant Heating Energy|Zone Ideal Loads Supply Air Total Heating Energy|Zone Ideal Loads Supply Air Total Cooling Energy|Zone Ideal Loads Supply Air Total Heating Rate|Zone Ideal Loads Supply Air Total Cooling Rate,
annual,entrance_3_lead,annual,category,office,,,69,20239.356559767635,3316.4684849583873,10446709.90419465,2806.5614553960354,01/01  10:00:00,0.1386685118723091,845987.3432329602,532312.9436535706,253796.20296998063,2757433.463225485,1016395.3926917532,1537.8576026846272,01/18  05:00:00,2137.8324663156195,08/02  17:00:00,,,,,,,,,Zone People Occupant Count|Zone People Sensible Heating Energy|Zone People Latent Gain Energy|Zone People Radiant Heating Energy|Zone Ideal Loads Supply Air Total Heating Energy|Zone Ideal Loads Supply Air Total Cooling Energy|Zone Ideal Loads Supply Air Total Heating Rate|Zone Ideal Loads Supply Air Total Cooling Rate,
annual,entrance_3_lead,annual,category,restroom,,,27,7190.122546267738,773.9383497319058,586494.8928754203,117.17350441316182,01/01  19:00:00,0.01629645442885872,49110.38740480998,28306.938454748426,14733.116221444667,3567186.317597368,344479.3453672855,1503.8034539519579,01/19  06:00:00,1380.9415112442878,08/03  01:00:00,,,,,,,,,Zone People Occupant Count|Zone People Sensible Heating Energy|Zone People Latent Gain Energy|Zone People Radiant Heating Energy|Zone Ideal Loads Supply Air Total Heating Energy|Zone Ideal Loads Supply Air Total Cooling Energy|Zone Ideal Loads Supply Air Total Heating Rate|Zone Ideal Loads Supply Air Total Cooling Rate,
annual,entrance_3_lead,annual,category,terminal_hall,,,126,150117.49023392878,8079.256084296528,21394476.055424035,4746.8347067273735,01/01  18:00:00,0.03162079714582464,1685955.598221888,881381.5284292694,505786.6794663898,9612218.379268982,3243197.7242183215,6324.897623023109,01/18  05:00:00,7050.82313628956,08/02  17:00:00,,,,,,,,,Zone People Occupant Count|Zone People Sensible Heating Energy|Zone People Latent Gain Energy|Zone People Radiant Heating Energy|Zone Ideal Loads Supply Air Total Heating Energy|Zone Ideal Loads Supply Air Total Cooling Energy|Zone Ideal Loads Supply Air Total Heating Rate|Zone Ideal Loads Supply Air Total Cooling Rate,
annual,public_core,annual,category,breakroom,,,9,1516.6932212803674,408.1387490873193,504265.6279660795,241.99226664975743,01/01  13:00:00,0.1595525471165959,40549.80057394543,19962.0747819865,12164.940172185788,368876.47025448165,50753.80709741344,174.67236356600668,01/18  05:00:00,172.4403540230896,08/02  17:00:00,,,,,,,,,Zone People Occupant Count|Zone People Sensible Heating Energy|Zone People Latent Gain Energy|Zone People Radiant Heating Energy|Zone Ideal Loads Supply Air Total Heating Energy|Zone Ideal Loads Supply Air Total Cooling Energy|Zone Ideal Loads Supply Air Total Heating Rate|Zone Ideal Loads Supply Air Total Cooling Rate,
annual,public_core,annual,category,commerce_retail,,,51,13348.413025695763,2669.6826051391527,7415443.888163883,1809.787912928719,01/01  20:00:00,0.1355807547642456,584784.6429307493,305068.62364895205,175435.3928792077,2052722.8008464258,1499178.643824265,1111.7202930716765,01/18  06:00:00,1521.4755471402264,08/02  16:00:00,,,,,,,,,Zone People Occupant Count|Zone People Sensible Heating Energy|Zone People Latent Gain Energy|Zone People Radiant Heating Energy|Zone Ideal Loads Supply Air Total Heating Energy|Zone Ideal Loads Supply Air Total Cooling Energy|Zone Ideal Loads Supply Air Total Heating Rate|Zone Ideal Loads Supply Air Total Cooling Rate,
annual,public_core,annual,category,dining,,,22,4713.506777109117,1885.4027108436467,4270107.19458585,1505.595379942457,01/01  20:00:00,0.3194214946829602,338195.5501517503,174217.3131985524,101458.6650455336,1184067.5242217171,718945.4062699529,616.0478002793573,01/18  06:00:00,787.6876592912249,08/01  14:00:00,,,,,,,,,Zone People Occupant Count|Zone People Sensible Heating Energy|Zone People Latent Gain Energy|Zone People Radiant Heating Energy|Zone Ideal Loads Supply Air Total Heating Energy|Zone Ideal Loads Supply Air Total Cooling Energy|Zone Ideal Loads Supply Air Total Heating Rate|Zone Ideal Loads Supply Air Total Cooling Rate,
annual,public_core,annual,category,office,,,69,20239.356559767635,3316.4684849583873,10446709.90419465,2806.5614553960354,01/01  10:00:00,0.1386685118723091,846031.0553913737,532269.231495155,253809.3166175045,2757382.6083769575,1016126.3857133739,1537.865790776794,01/18  05:00:00,2137.7037557267204,08/02  17:00:00,,,,,,,,,Zone People Occupant Count|Zone People Sensible Heating Energy|Zone People Latent Gain Energy|Zone People Radiant Heating Energy|Zone Ideal Loads Supply Air Total Heating Energy|Zone Ideal Loads Supply Air Total Cooling Energy|Zone Ideal Loads Supply Air Total Heating Rate|Zone Ideal Loads Supply Air Total Cooling Rate,
annual,public_core,annual,category,restroom,,,27,7190.122546267738,773.9383497319058,586494.8928755579,117.1304221626705,01/01  19:00:00,0.016290462562904548,49094.04473362589,28323.2811259289,14728.21342008835,3567278.01639796,344497.676321783,1503.8550434463993,01/19  06:00:00,1380.7320279480857,08/03  01:00:00,,,,,,,,,Zone People Occupant Count|Zone People Sensible Heating Energy|Zone People Latent Gain Energy|Zone People Radiant Heating Energy|Zone Ideal Loads Supply Air Total Heating Energy|Zone Ideal Loads Supply Air Total Cooling Energy|Zone Ideal Loads Supply Air Total Heating Rate|Zone Ideal Loads Supply Air Total Cooling Rate,
annual,public_core,annual,category,terminal_hall,,,126,150117.49023392878,8079.256084296528,21394476.055428095,4872.567478313288,01/01  18:00:00,0.032458359587016435,1683379.392612775,883957.7340379799,505013.8177840724,9619973.620463056,3247692.9281721134,6327.279787960664,01/18  05:00:00,7050.219061798843,08/02  17:00:00,,,,,,,,,Zone People Occupant Count|Zone People Sensible Heating Energy|Zone People Latent Gain Energy|Zone People Radiant Heating Energy|Zone Ideal Loads Supply Air Total Heating Energy|Zone Ideal Loads Supply Air Total Cooling Energy|Zone Ideal Loads Supply Air Total Heating Rate|Zone Ideal Loads Supply Air Total Cooling Rate,
annual,public_evening,annual,category,breakroom,,,9,1516.6932212803674,408.1387490873193,504265.6279660795,241.99226664975743,01/01  13:00:00,0.1595525471165959,40554.59069684476,19957.284659087174,12166.3772090557,368814.521612716,50676.753858205026,174.62958322272968,01/18  05:00:00,172.4186530116821,08/02  17:00:00,,,,,,,,,Zone People Occupant Count|Zone People Sensible Heating Energy|Zone People Latent Gain Energy|Zone People Radiant Heating Energy|Zone Ideal Loads Supply Air Total Heating Energy|Zone Ideal Loads Supply Air Total Cooling Energy|Zone Ideal Loads Supply Air Total Heating Rate|Zone Ideal Loads Supply Air Total Cooling Rate,
annual,public_evening,annual,category,commerce_retail,,,51,13348.413025695763,2669.6826051391527,7415443.888164518,1809.787912928457,01/01  24:00:00,0.13558075476422599,592160.8665866004,297692.39999299543,177648.25997599118,2018052.491172621,1446328.1234609014,1109.8568770373206,01/18  06:00:00,1477.6612513810176,08/02  16:00:00,,,,,,,,,Zone People Occupant Count|Zone People Sensible Heating Energy|Zone People Latent Gain Energy|Zone People Radiant Heating Energy|Zone Ideal Loads Supply Air Total Heating Energy|Zone Ideal Loads Supply Air Total Cooling Energy|Zone Ideal Loads Supply Air Total Heating Rate|Zone Ideal Loads Supply Air Total Cooling Rate,
annual,public_evening,annual,category,dining,,,22,4713.506777109117,1885.4027108436467,4270107.194586508,1505.5953799426584,01/01  24:00:00,0.31942149468300296,339972.0409727027,172440.82237764398,101991.61229182148,1175216.5020246152,708868.1977626369,615.2391485762489,01/18  06:00:00,891.300609871868,08/02  17:00:00,,,,,,,,,Zone People Occupant Count|Zone People Sensible Heating Energy|Zone People Latent Gain Energy|Zone People Radiant Heating Energy|Zone Ideal Loads Supply Air Total Heating Energy|Zone Ideal Loads Supply Air Total Cooling Energy|Zone Ideal Loads Supply Air Total Heating Rate|Zone Ideal Loads Supply Air Total Cooling Rate,
annual,public_evening,annual,category,office,,,69,20239.356559767635,3316.4684849583873,10446709.90419465,2806.5614553960354,01/01  10:00:00,0.1386685118723091,846105.8862637746,532194.4006227482,253831.7658792231,2756459.9851968423,1014660.9879455239,1537.4591918189626,01/18  05:00:00,2137.3936140510423,08/02  17:00:00,,,,,,,,,Zone People Occupant Count|Zone People Sensible Heating Energy|Zone People Latent Gain Energy|Zone People Radiant Heating Energy|Zone Ideal Loads Supply Air Total Heating Energy|Zone Ideal Loads Supply Air Total Cooling Energy|Zone Ideal Loads Supply Air Total Heating Rate|Zone Ideal Loads Supply Air Total Cooling Rate,
annual,public_evening,annual,category,restroom,,,27,7190.122546267738,773.9383497319058,586494.8928754365,117.13042216275537,01/01  23:00:00,0.01629046256291635,49138.70201011559,28278.623849431442,14741.610603034675,3566597.608671056,343673.54137415823,1504.65163809939,01/19  08:00:00,1399.862451674467,08/03  01:00:00,,,,,,,,,Zone People Occupant Count|Zone People Sensible Heating Energy|Zone People Latent Gain Energy|Zone People Radiant Heating Energy|Zone Ideal Loads Supply Air Total Heating Energy|Zone Ideal Loads Supply Air Total Cooling Energy|Zone Ideal Loads Supply Air Total Heating Rate|Zone Ideal Loads Supply Air Total Cooling Rate,
annual,public_evening,annual,category,terminal_hall,,,126,150117.49023392878,8079.256084296528,21394476.05542346,4872.567478314463,01/01  22:00:00,0.03245835958702426,1693946.9434707037,873390.1831801649,508184.0830411612,9533802.478706552,3119126.714113678,6318.746291482744,01/18  05:00:00,7008.02629010681,08/02  16:00:00,,,,,,,,,Zone People Occupant Count|Zone People Sensible Heating Energy|Zone People Latent Gain Energy|Zone People Radiant Heating Energy|Zone Ideal Loads Supply Air Total Heating Energy|Zone Ideal Loads Supply Air Total Cooling Energy|Zone Ideal Loads Supply Air Total Heating Rate|Zone Ideal Loads Supply Air Total Cooling Rate,
annual,public_midday,annual,category,breakroom,,,9,1516.6932212803674,408.1387490873193,504265.6279660795,241.99226664975743,01/01  13:00:00,0.1595525471165959,40548.11229037874,19963.763065553092,12164.433687115788,368865.3747128669,50777.25035326083,174.67128376711415,01/18  05:00:00,172.45833384707964,08/02  17:00:00,,,,,,,,,Zone People Occupant Count|Zone People Sensible Heating Energy|Zone People Latent Gain Energy|Zone People Radiant Heating Energy|Zone Ideal Loads Supply Air Total Heating Energy|Zone Ideal Loads Supply Air Total Cooling Energy|Zone Ideal Loads Supply Air Total Heating Rate|Zone Ideal Loads Supply Air Total Cooling Rate,
annual,public_midday,annual,category,commerce_retail,,,51,13348.413025695763,2669.6826051391527,7415443.888164519,1809.787912928457,01/01  20:00:00,0.13558075476422599,586765.4786461632,303087.7879333591,176029.64359388096,2048746.3804779772,1489342.3499763247,1111.7113816174392,01/18  06:00:00,1524.4948502158734,08/02  16:00:00,,,,,,,,,Zone People Occupant Count|Zone People Sensible Heating Energy|Zone People Latent Gain Energy|Zone People Radiant Heating Energy|Zone Ideal Loads Supply Air Total Heating Energy|Zone Ideal Loads Supply Air Total Cooling Energy|Zone Ideal Loads Supply Air Total Heating Rate|Zone Ideal Loads Supply Air Total Cooling Rate,
annual,public_midday,annual,category,dining,,,22,4713.506777109117,1885.4027108436467,4270107.194586507,1505.5953799426584,01/01  20:00:00,0.31942149468300296,338567.244558203,173845.6187921407,101570.17336747385,1184030.6251510654,717960.7385023674,616.0522496802672,01/18  06:00:00,786.6182536021562,08/01  14:00:00,,,,,,,,,Zone People Occupant Count|Zone People Sensible Heating Energy|Zone People Latent Gain Energy|Zone People Radiant Heating Energy|Zone Ideal Loads Supply Air Total Heating Energy|Zone Ideal Loads Supply Air Total Cooling Energy|Zone Ideal Loads Supply Air Total Heating Rate|Zone Ideal Loads Supply Air Total Cooling Rate,
annual,public_midday,annual,category,office,,,69,20239.356559767635,3316.4684849583873,10446709.90419465,2806.5614553960354,01/01  10:00:00,0.1386685118723091,846006.1635461849,532294.1233403268,253801.84906394698,2757406.912008162,1016294.5657131089,1537.860525590271,01/18  05:00:00,2137.8083100821927,08/02  17:00:00,,,,,,,,,Zone People Occupant Count|Zone People Sensible Heating Energy|Zone People Latent Gain Energy|Zone People Radiant Heating Energy|Zone Ideal Loads Supply Air Total Heating Energy|Zone Ideal Loads Supply Air Total Cooling Energy|Zone Ideal Loads Supply Air Total Heating Rate|Zone Ideal Loads Supply Air Total Cooling Rate,
annual,public_midday,annual,category,restroom,,,27,7190.122546267738,773.9383497319058,586494.8928754367,117.13042216275537,01/01  19:00:00,0.01629046256291635,49103.21657841288,28314.109281133875,14730.964973524198,3567196.3273548423,344503.8510368157,1503.8529321505216,01/19  06:00:00,1380.7977636751914,08/03  01:00:00,,,,,,,,,Zone People Occupant Count|Zone People Sensible Heating Energy|Zone People Latent Gain Energy|Zone People Radiant Heating Energy|Zone Ideal Loads Supply Air Total Heating Energy|Zone Ideal Loads Supply Air Total Cooling Energy|Zone Ideal Loads Supply Air Total Heating Rate|Zone Ideal Loads Supply Air Total Cooling Rate,
annual,public_midday,annual,category,terminal_hall,,,126,150117.49023392878,8079.256084296528,21394476.055423457,4872.567478314463,01/01  18:00:00,0.03245835958702426,1685576.084883396,881761.0417674998,505672.8254650213,9614446.75009014,3244351.210355766,6327.259783313188,01/18  05:00:00,7050.618814967244,08/02  17:00:00,,,,,,,,,Zone People Occupant Count|Zone People Sensible Heating Energy|Zone People Latent Gain Energy|Zone People Radiant Heating Energy|Zone Ideal Loads Supply Air Total Heating Energy|Zone Ideal Loads Supply Air Total Cooling Energy|Zone Ideal Loads Supply Air Total Heating Rate|Zone Ideal Loads Supply Air Total Cooling Rate,
annual,public_morning,annual,category,breakroom,,,9,1516.6932212803674,408.1387490873193,504265.6279660795,241.99226664975743,01/01  13:00:00,0.1595525471165959,40546.18085568738,19965.694500244583,12163.854256708395,368922.36302301515,50864.31820799233,174.63926505986268,01/18  05:00:00,172.5361616385572,08/02  17:00:00,,,,,,,,,Zone People Occupant Count|Zone People Sensible Heating Energy|Zone People Latent Gain Energy|Zone People Radiant Heating Energy|Zone Ideal Loads Supply Air Total Heating Energy|Zone Ideal Loads Supply Air Total Cooling Energy|Zone Ideal Loads Supply Air Total Heating Rate|Zone Ideal Loads Supply Air Total Cooling Rate,
annual,public_morning,annual,category,commerce_retail,,,51,13348.413025695763,2669.6826051391527,7415443.8881645175,1809.787912928457,01/01  16:00:00,0.13558075476422599,593020.8924786496,296832.37410084164,177906.2677436718,2033921.762278056,1471988.865680961,1091.163188946762,01/18  03:00:00,1588.6575607912766,08/02  16:00:00,,,,,,,,,Zone People Occupant Count|Zone People Sensible Heating Energy|Zone People Latent Gain Energy|Zone People Radiant Heating Energy|Zone Ideal Loads Supply Air Total Heating Energy|Zone Ideal Loads Supply Air Total Cooling Energy|Zone Ideal Loads Supply Air Total Heating Rate|Zone Ideal Loads Supply Air Total Cooling Rate,
annual,public_morning,annual,category,dining,,,22,4713.506777109117,1885.4027108436467,4270107.194586507,1505.5953799426584,01/01  16:00:00,0.31942149468300296,340642.79836765525,171770.06498268596,102192.83951030944,1179006.1457556577,709129.1401594814,600.6164291881992,01/18  02:00:00,966.6374572887638,08/02  16:00:00,,,,,,,,,Zone People Occupant Count|Zone People Sensible Heating Energy|Zone People Latent Gain Energy|Zone People Radiant Heating Energy|Zone Ideal Loads Supply Air Total Heating Energy|Zone Ideal Loads Supply Air Total Cooling Energy|Zone Ideal Loads Supply Air Total Heating Rate|Zone Ideal Loads Supply Air Total Cooling Rate,
annual,public_morning,annual,category,office,,,69,20239.356559767635,3316.4684849583873,10446709.90419465,2806.5614553960354,01/01  10:00:00,0.1386685118723091,845931.0767944513,532369.2100920457,253779.3230384374,2757996.8924827524,1017964.0569627142,1537.5929712528464,01/18  05:00:00,2138.291466003041,08/02  17:00:00,,,,,,,,,Zone People Occupant Count|Zone People Sensible Heating Energy|Zone People Latent Gain Energy|Zone People Radiant Heating Energy|Zone Ideal Loads Supply Air Total Heating Energy|Zone Ideal Loads Supply Air Total Cooling Energy|Zone Ideal Loads Supply Air Total Heating Rate|Zone Ideal Loads Supply Air Total Cooling Rate,
annual,public_morning,annual,category,restroom,,,27,7190.122546267738,773.9383497319058,586494.8928754369,117.13042216275537,01/01  15:00:00,0.01629046256291635,49559.71564307229,27857.610216471665,14867.914692922534,3566077.639918021,342575.9256830208,1498.6866871356679,01/19  06:00:00,1379.6297690027654,08/03  01:00:00,,,,,,,,,Zone People Occupant Count|Zone People Sensible Heating Energy|Zone People Latent Gain Energy|Zone People Radiant Heating Energy|Zone Ideal Loads Supply Air Total Heating Energy|Zone Ideal Loads Supply Air Total Cooling Energy|Zone Ideal Loads Supply Air Total Heating Rate|Zone Ideal Loads Supply Air Total Cooling Rate,
annual,public_morning,annual,category,terminal_hall,,,126,150117.49023392878,8079.256084296528,21394476.05542346,4872.567478314463,01/01  14:00:00,0.03245835958702426,1715304.822599421,852032.3040514633,514591.4467799166,9525853.809120022,3159263.737993549,6202.716385961056,01/18  03:00:00,7021.532666172255,08/02  16:00:00,,,,,,,,,Zone People Occupant Count|Zone People Sensible Heating Energy|Zone People Latent Gain Energy|Zone People Radiant Heating Energy|Zone Ideal Loads Supply Air Total Heating Energy|Zone Ideal Loads Supply Air Total Cooling Energy|Zone Ideal Loads Supply Air Total Heating Rate|Zone Ideal Loads Supply Air Total Cooling Rate,
annual,public_perimeter,annual,category,breakroom,,,9,1516.6932212803674,408.1387490873193,504265.6279660795,241.99226664975743,01/01  13:00:00,0.1595525471165959,40547.05427371179,19964.82108222062,12164.116282115612,368846.4704629644,50788.28179211056,174.67049286433584,01/18  05:00:00,172.47319383374952,08/02  17:00:00,,,,,,,,,Zone People Occupant Count|Zone People Sensible Heating Energy|Zone People Latent Gain Energy|Zone People Radiant Heating Energy|Zone Ideal Loads Supply Air Total Heating Energy|Zone Ideal Loads Supply Air Total Cooling Energy|Zone Ideal Loads Supply Air Total Heating Rate|Zone Ideal Loads Supply Air Total Cooling Rate,
annual,public_perimeter,annual,category,commerce_retail,,,51,13348.413025695763,2669.6826051391527,7415443.888163957,1809.7879129284795,01/01  20:00:00,0.13558075476422768,584649.9971288715,305203.26945083274,175394.9991386318,2054568.0152544905,1497683.8186634448,1111.6970505154723,01/18  06:00:00,1520.3838950395127,08/02  16:00:00,,,,,,,,,Zone People Occupant Count|Zone People Sensible Heating Energy|Zone People Latent Gain Energy|Zone People Radiant Heating Energy|Zone Ideal Loads Supply Air Total Heating Energy|Zone Ideal Loads Supply Air Total Cooling Energy|Zone Ideal Loads Supply Air Total Heating Rate|Zone Ideal Loads Supply Air Total Cooling Rate,
annual,public_perimeter,annual,category,dining,,,22,4713.506777109117,1885.4027108436467,4270107.194587196,1505.5953799427261,01/01  20:00:00,0.31942149468301734,337221.8357932781,175191.02755725308,101166.55073798014,1188026.784337089,723696.5665601292,616.0534461848798,01/18  06:00:00,781.9054943871147,08/01  14:00:00,,,,,,,,,Zone People Occupant Count|Zone People Sensible Heating Energy|Zone People Latent Gain Energy|Zone People Radiant Heating Energy|Zone Ideal Loads Supply Air Total Heating Energy|Zone Ideal Loads Supply Air Total Cooling Energy|Zone Ideal Loads Supply Air Total Heating Rate|Zone Ideal Loads Supply Air Total Cooling Rate,
annual,public_perimeter,annual,category,office,,,69,20239.356559767635,3316.4684849583873,10446709.90419465,2806.5614553960354,01/01  10:00:00,0.1386685118723091,845994.3328417971,532305.954044725,253798.29985262925,2757306.761314853,1016420.6470898387,1537.8576636545693,01/18  05:00:00,2137.8908908732924,08/02  17:00:00,,,,,,,,,Zone People Occupant Count|Zone People Sensible Heating Energy|Zone People Latent Gain Energy|Zone People Radiant Heating Energy|Zone Ideal Loads Supply Air Total Heating Energy|Zone Ideal Loads Supply Air Total Cooling Energy|Zone Ideal Loads Supply Air Total Heating Rate|Zone Ideal Loads Supply Air Total Cooling Rate,
annual,public_perimeter,annual,category,restroom,,,27,7190.122546267738,773.9383497319058,586494.8928746118,117.1304221627179,01/01  19:00:00,0.01629046256291114,49097.20687507762,28320.11898437539,14729.162062526357,3567139.4711745656,344543.70545231574,1503.8516348454707,01/19  06:00:00,1380.830809191234,08/03  01:00:00,,,,,,,,,Zone People Occupant Count|Zone People Sensible Heating Energy|Zone People Latent Gain Energy|Zone People Radiant Heating Energy|Zone Ideal Loads Supply Air Total Heating Energy|Zone Ideal Loads Supply Air Total Cooling Energy|Zone Ideal Loads Supply Air Total Heating Rate|Zone Ideal Loads Supply Air Total Cooling Rate,
annual,public_perimeter,annual,category,terminal_hall,,,126,150117.49023392878,8079.256084296528,21394476.055421904,4872.567478315257,01/01  18:00:00,0.03245835958702955,1685161.204901715,882175.9217489468,505548.3614702733,9611293.391038869,3246137.8505285326,6327.256680128295,01/18  05:00:00,7054.268543189861,08/02  17:00:00,,,,,,,,,Zone People Occupant Count|Zone People Sensible Heating Energy|Zone People Latent Gain Energy|Zone People Radiant Heating Energy|Zone Ideal Loads Supply Air Total Heating Energy|Zone Ideal Loads Supply Air Total Cooling Energy|Zone Ideal Loads Supply Air Total Heating Rate|Zone Ideal Loads Supply Air Total Cooling Rate,
