source_space_name,room_category,matched_token,classification_status,thermal_zone,floor_area_m2,exterior_area_m2,design_people,people_per_m2,m2_per_person,space_type_defaulted,explicit_space_type,effective_space_type,metadata_status,metadata_conflicts,people_source_kinds,people_source_names,people_definition_names,people_calculation_methods,people_definition_values,number_schedules,activity_schedules,fraction_radiant_values,sensible_heat_fraction_values,co2_generation_rate_m3_s_person_values,oa_defaulted,oa_name,oa_method,oa_flow_per_person_m3_s_person,oa_flow_per_area_m3_s_m2,oa_flow_rate_m3_s,oa_ach_per_h,oa_schedule,source_handle
P1-1-commerce 1,commerce_retail,commerce,CLASSIFIED,Thermal Zone: P1-1-commerce 1,130.757686,130.757686,21.11196,0.161459,6.193536,false,Retail Retail,Retail Retail,SOURCE_METADATA_CONSISTENT,,space_type,Retail Retail,Retail Retail People Definition,People/Area,0.161458656250646,RetailStandalone BLDG_OCC_SCH,RetailStandalone ACTIVITY_SCH,0.3,,3.82e-08,true,Retail Retail Ventilation,Sum,0,0.001524,0,0,,{3a9418d4-18a9-4e2c-8c56-f52b22811bf3}
P1-1-dining 1,dining,dining,CLASSIFIED,Thermal Zone: P1-1-dining 1,143.813209,143.813209,15.479925,0.107639,9.290304,false,Office Dining,Office Dining,SOURCE_METADATA_CONSISTENT,,space_type,Office Dining,Office Dining People Definition,People/Area,0.107639104167097,OfficeLarge BLDG_OCC_SCH,OfficeMedium ACTIVITY_SCH,0.3,,3.82e-08,true,Office Dining Ventilation,Sum,0.007079,0,0,0,,{ee965843-42b7-449c-965b-8a3711316e95}
P1-1-office 1,office,office,CLASSIFIED,Thermal Zone: P1-1-office 1,109.768763,109.768763,5.61232,0.051129,19.558535,false,189.1-2009 - Office - ClosedOffice - CZ4-8 1,189.1-2009 - Office - ClosedOffice - CZ4-8 1,SOURCE_METADATA_CONSISTENT,,space_type,189.1-2009 - Office - ClosedOffice - CZ4-8 1,189.1-2009 - Office - ClosedOffice - CZ4-8 People Definition,People/Area,0.0511285744793712,Office Work Occ,Office Activity,0.3,,3.82e-08,true,189.1-2009 - Office - ClosedOffice - CZ4-8 Ventilation,Sum,0.009439,0,0,0,,{1775da27-42b3-40cb-824e-238886989abb}
P1-1-office 2,office,office,CLASSIFIED,Thermal Zone: P1-1-office 2,97.715192,97.715192,4.996038,0.051129,19.558535,false,189.1-2009 - Office - ClosedOffice - CZ4-8 1,189.1-2009 - Office - ClosedOffice - CZ4-8 1,SOURCE_METADATA_CONSISTENT,,space_type,189.1-2009 - Office - ClosedOffice - CZ4-8 1,189.1-2009 - Office - ClosedOffice - CZ4-8 People Definition,People/Area,0.0511285744793712,Office Work Occ,Office Activity,0.3,,3.82e-08,true,189.1-2009 - Office - ClosedOffice - CZ4-8 Ventilation,Sum,0.009439,0,0,0,,{db1040b4-0eed-4c9d-a654-b4b12c4b8bfa}
P1-10-restroom 1,restroom,restroom,CLASSIFIED,Thermal Zone: P1-10-restroom 1,135,135,14.531279,0.107639,9.290304,false,189.1-2009 - Office - Restroom - CZ4-8,189.1-2009 - Office - Restroom - CZ4-8,SOURCE_METADATA_CONSISTENT,,space_type,189.1-2009 - Office - Restroom - CZ4-8,189.1-2009 - Office - Restroom - CZ4-8 People Definition,People/Area,0.107639104167097,Office Misc Occ,Office Activity,0.3,,3.82e-08,true,189.1-2009 - Office - Restroom - CZ4-8 Ventilation,Sum,0,0.004877,0,0,,{2a069d9c-46be-45f6-9482-9a0d49b6f03e}
P1-11-commerce 1,commerce_retail,commerce,CLASSIFIED,Thermal Zone: P1-11-commerce 1,75.133929,75.133929,12.131023,0.161459,6.193536,false,Retail Retail,Retail Retail,SOURCE_METADATA_CONSISTENT,,space_type,Retail Retail,Retail Retail People Definition,People/Area,0.161458656250646,RetailStandalone BLDG_OCC_SCH,RetailStandalone ACTIVITY_SCH,0.3,,3.82e-08,true,Retail Retail Ventilation,Sum,0,0.001524,0,0,,{57e44cb6-827e-4a7f-95aa-d81e9e545c7c}
P1-11-commerce 2,commerce_retail,commerce,CLASSIFIED,Thermal Zone: P1-11-commerce 2,87.1875,87.1875,14.077177,0.161459,6.193536,false,Retail Retail,Retail Retail,SOURCE_METADATA_CONSISTENT,,space_type,Retail Retail,Retail Retail People Definition,People/Area,0.161458656250646,RetailStandalone BLDG_OCC_SCH,RetailStandalone ACTIVITY_SCH,0.3,,3.82e-08,true,Retail Retail Ventilation,Sum,0,0.001524,0,0,,{ce586cfc-8a3a-407c-afd2-5c147526abce}
P1-11-office 1,office,office,CLASSIFIED,Thermal Zone: P1-11-office 1,51.026786,51.026786,2.608927,0.051129,19.558535,false,189.1-2009 - Office - ClosedOffice - CZ4-8 1,189.1-2009 - Office - ClosedOffice - CZ4-8 1,SOURCE_METADATA_CONSISTENT,,space_type,189.1-2009 - Office - ClosedOffice - CZ4-8 1,189.1-2009 - Office - ClosedOffice - CZ4-8 People Definition,People/Area,0.0511285744793712,Office Work Occ,Office Activity,0.3,,3.82e-08,true,189.1-2009 - Office - ClosedOffice - CZ4-8 Ventilation,Sum,0.009439,0,0,0,,{6d68261b-566a-42e9-a8db-7ec4a81b317f}
P1-11-office 2,office,office,CLASSIFIED,Thermal Zone: P1-11-office 2,63.080357,63.080357,3.225209,0.051129,19.558535,false,189.1-2009 - Office - ClosedOffice - CZ4-8 1,189.1-2009 - Office - ClosedOffice - CZ4-8 1,SOURCE_METADATA_CONSISTENT,,space_type,189.1-2009 - Office - ClosedOffice - CZ4-8 1,189.1-2009 - Office - ClosedOffice - CZ4-8 People Definition,People/Area,0.0511285744793712,Office Work Occ,Office Activity,0.3,,3.82e-08,true,189.1-2009 - Office - ClosedOffice - CZ4-8 Ventilation,Sum,0.009439,0,0,0,,{bf75f226-c3de-41b9-9365-a6d8080f6665}
P1-2-breakroom 1,breakroom,breakroom,CLASSIFIED,Thermal Zone: P1-2-breakroom 1,26.5625,26.5625,1.429582,0.05382,18.580608,true,,189.1-2009 - Office - WholeBuilding - Lg Office - CZ4-8,SOURCE_METADATA_DEFAULTED,,building_default_space_type,189.1-2009 - Office - WholeBuilding - Lg Office - CZ4-8,189.1-2009 - Office - WholeBuilding - Lg Office - CZ4-8 People Definition,People/Area,0.0538195520835486,Large Office Bldg Occ,Large Office Activity,0.3,,3.82e-08,true,189.1-2009 - Office - WholeBuilding - Lg Office - CZ4-8 Ventilation,Sum,0.009439,0,0,0,,{a4678978-7475-4a80-9cee-bf9c7678383f}
P1-2-dining 1,dining,dining,CLASSIFIED,Thermal Zone: P1-2-dining 1,43.526786,43.526786,4.685184,0.107639,9.290304,false,Office Dining,Office Dining,SOURCE_METADATA_CONSISTENT,,space_type,Office Dining,Office Dining People Definition,People/Area,0.107639104167097,OfficeLarge BLDG_OCC_SCH,OfficeMedium ACTIVITY_SCH,0.3,,3.82e-08,true,Office Dining Ventilation,Sum,0.007079,0,0,0,,{8e9b99a0-0b33-4b71-88ff-f7e014b7488d}
P1-2-restroom 1,restroom,restroom,CLASSIFIED,Thermal Zone: P1-2-restroom 1,148.4375,148.4375,15.97768,0.107639,9.290304,false,189.1-2009 - Office - Restroom - CZ4-8,189.1-2009 - Office - Restroom - CZ4-8,SOURCE_METADATA_CONSISTENT,,space_type,189.1-2009 - Office - Restroom - CZ4-8,189.1-2009 - Office - Restroom - CZ4-8 People Definition,People/Area,0.107639104167097,Office Misc Occ,Office Activity,0.3,,3.82e-08,true,189.1-2009 - Office - Restroom - CZ4-8 Ventilation,Sum,0,0.004877,0,0,,{f2541420-0269-4e60-9ab5-e47c5a810c4a}
P1-3-commerce 1,commerce_retail,commerce,CLASSIFIED,Thermal Zone: P1-3-commerce 1,53.017825,53.017825,8.560187,0.161459,6.193536,false,Retail Retail,Retail Retail,SOURCE_METADATA_CONSISTENT,,space_type,Retail Retail,Retail Retail People Definition,People/Area,0.161458656250646,RetailStandalone BLDG_OCC_SCH,RetailStandalone ACTIVITY_SCH,0.3,,3.82e-08,true,Retail Retail Ventilation,Sum,0,0.001524,0,0,,{7423f7f2-ac75-46f8-99de-ed5ec84ef2fb}
P1-4-commerce 1,commerce_retail,commerce,CLASSIFIED,Thermal Zone: P1-4-commerce 1,53.017825,53.017825,8.560187,0.161459,6.193536,false,Retail Retail,Retail Retail,SOURCE_METADATA_CONSISTENT,,space_type,Retail Retail,Retail Retail People Definition,People/Area,0.161458656250646,RetailStandalone BLDG_OCC_SCH,RetailStandalone ACTIVITY_SCH,0.3,,3.82e-08,true,Retail Retail Ventilation,Sum,0,0.001524,0,0,,{5e7f7fc0-0a95-4d4c-aac9-32c047b08db9}
P1-4-dining 1,dining,dining,CLASSIFIED,Thermal Zone: P1-4-dining 1,53.017825,53.017825,5.706791,0.107639,9.290304,false,Office Dining,Office Dining,SOURCE_METADATA_CONSISTENT,,space_type,Office Dining,Office Dining People Definition,People/Area,0.107639104167097,OfficeLarge BLDG_OCC_SCH,OfficeMedium ACTIVITY_SCH,0.3,,3.82e-08,true,Office Dining Ventilation,Sum,0.007079,0,0,0,,{60008ca3-11f5-47cb-920c-c5060a696a70}
P1-5-commerce 1,commerce_retail,commerce,CLASSIFIED,Thermal Zone: P1-5-commerce 1,70.184311,70.184311,11.331865,0.161459,6.193536,false,Retail Retail,Retail Retail,SOURCE_METADATA_CONSISTENT,,space_type,Retail Retail,Retail Retail People Definition,People/Area,0.161458656250646,RetailStandalone BLDG_OCC_SCH,RetailStandalone ACTIVITY_SCH,0.3,,3.82e-08,true,Retail Retail Ventilation,Sum,0,0.001524,0,0,,{ffa4e3da-24c2-48ac-a831-9a66fd24633c}
P1-6-commerce 1,commerce_retail,commerce,CLASSIFIED,Thermal Zone: P1-6-commerce 1,101.958981,101.958981,16.46216,0.161459,6.193536,false,Retail Retail,Retail Retail,SOURCE_METADATA_CONSISTENT,,space_type,Retail Retail,Retail Retail People Definition,People/Area,0.161458656250646,RetailStandalone BLDG_OCC_SCH,RetailStandalone ACTIVITY_SCH,0.3,,3.82e-08,true,Retail Retail Ventilation,Sum,0,0.001524,0,0,,{09be10f9-000f-4b2c-aa3c-f29b0767afdd}
P1-7-dining 1,dining,dining,CLASSIFIED,Thermal Zone: P1-7-dining 1,35.955146,35.955146,3.87018,0.107639,9.290304,false,Office Dining,Office Dining,SOURCE_METADATA_CONSISTENT,,space_type,Office Dining,Office Dining People Definition,People/Area,0.107639104167097,OfficeLarge BLDG_OCC_SCH,OfficeMedium ACTIVITY_SCH,0.3,,3.82e-08,true,Office Dining Ventilation,Sum,0.007079,0,0,0,,{4151d9a2-61b8-42b6-bc7c-ca77dbaf9765}
P1-7-office 1,office,office,CLASSIFIED,Thermal Zone: P1-7-office 1,50.44269,50.44269,2.579063,0.051129,19.558535,false,189.1-2009 - Office - ClosedOffice - CZ4-8 1,189.1-2009 - Office - ClosedOffice - CZ4-8 1,SOURCE_METADATA_CONSISTENT,,space_type,189.1-2009 - Office - ClosedOffice - CZ4-8 1,189.1-2009 - Office - ClosedOffice - CZ4-8 People Definition,People/Area,0.0511285744793712,Office Work Occ,Office Activity,0.3,,3.82e-08,true,189.1-2009 - Office - ClosedOffice - CZ4-8 Ventilation,Sum,0.009439,0,0,0,,{0f9daf0d-6bdd-44cd-9388-46e5c0c5c260}
P1-8-restroom 1,restroom,restroom,CLASSIFIED,Thermal Zone: P1-8-restroom 1,154.546965,154.546965,16.635297,0.107639,9.290304,false,189.1-2009 - Office - Restroom - CZ4-8,189.1-2009 - Office - Restroom - CZ4-8,SOURCE_METADATA_CONSISTENT,,space_type,189.1-2009 - Office - Restroom - CZ4-8,189.1-2009 - Office - Restroom - CZ4-8 People Definition,People/Area,0.107639104167097,Office Misc Occ,Office Activity,0.3,,3.82e-08,true,189.1-2009 - Office - Restroom - CZ4-8 Ventilation,Sum,0,0.004877,0,0,,{9d7a6812-62cb-466c-a08e-fad225d6ec21}
P1-9-commerce 1,commerce_retail,commerce,CLASSIFIED,Thermal Zone: P1-9-commerce 1,45,45,7.26564,0.161459,6.193536,false,Retail Retail,Retail Retail,SOURCE_METADATA_CONSISTENT,,space_type,Retail Retail,Retail Retail People Definition,People/Area,0.161458656250646,RetailStandalone BLDG_OCC_SCH,RetailStandalone ACTIVITY_SCH,0.3,,3.82e-08,true,Retail Retail Ventilation,Sum,0,0.001524,0,0,,{252086f0-dcff-47c3-931b-735b97b11353}
P2-1-commerce 2,commerce_retail,commerce,CLASSIFIED,Thermal Zone: P2-1-commerce 2,40.848987,40.848987,6.595423,0.161459,6.193536,false,Retail Retail,Retail Retail,SOURCE_METADATA_CONSISTENT,,space_type,Retail Retail,Retail Retail People Definition,People/Area,0.161458656250646,RetailStandalone BLDG_OCC_SCH,RetailStandalone ACTIVITY_SCH,0.3,,3.82e-08,true,Retail Retail Ventilation,Sum,0,0.001524,0,0,,{70675e6d-143b-4d8a-92f2-120f80ff6719}
P2-1-commerce 3,commerce_retail,commerce,CLASSIFIED,Thermal Zone: P2-1-commerce 3,46.007133,46.007133,7.42825,0.161459,6.193536,false,Retail Retail,Retail Retail,SOURCE_METADATA_CONSISTENT,,space_type,Retail Retail,Retail Retail People Definition,People/Area,0.161458656250646,RetailStandalone BLDG_OCC_SCH,RetailStandalone ACTIVITY_SCH,0.3,,3.82e-08,true,Retail Retail Ventilation,Sum,0,0.001524,0,0,,{5b944cef-8d75-452e-a2cc-0cfd58d246ac}
P2-2-restroom 1,restroom,restroom,CLASSIFIED,Thermal Zone: P2-2-restroom 1,183.726529,183.726529,19.776159,0.107639,9.290304,false,189.1-2009 - Office - Restroom - CZ4-8,189.1-2009 - Office - Restroom - CZ4-8,SOURCE_METADATA_CONSISTENT,,space_type,189.1-2009 - Office - Restroom - CZ4-8,189.1-2009 - Office - Restroom - CZ4-8 People Definition,People/Area,0.107639104167097,Office Misc Occ,Office Activity,0.3,,3.82e-08,true,189.1-2009 - Office - Restroom - CZ4-8 Ventilation,Sum,0,0.004877,0,0,,{19ab3a2d-9d0e-4d6b-b814-5911c5923560}
P3-1-commerce 1,commerce_retail,commerce,CLASSIFIED,Thermal Zone: P3-1-commerce 1,100,100,16.145866,0.161459,6.193536,false,Retail Retail,Retail Retail,SOURCE_METADATA_CONSISTENT,,space_type,Retail Retail,Retail Retail People Definition,People/Area,0.161458656250646,RetailStandalone BLDG_OCC_SCH,RetailStandalone ACTIVITY_SCH,0.3,,3.82e-08,true,Retail Retail Ventilation,Sum,0,0.001524,0,0,,{076ea771-a2e3-44d2-a5be-06c6bf253720}
P3-1-dining 1,dining,dining,CLASSIFIED,Thermal Zone: P3-1-dining 1,100,100,10.76391,0.107639,9.290304,false,Office Dining,Office Dining,SOURCE_METADATA_CONSISTENT,,space_type,Office Dining,Office Dining People Definition,People/Area,0.107639104167097,OfficeLarge BLDG_OCC_SCH,OfficeMedium ACTIVITY_SCH,0.3,,3.82e-08,true,Office Dining Ventilation,Sum,0.007079,0,0,0,,{8061f5ca-493a-444d-86c2-29142c588ae4}
P3-2-dining 1,dining,dining,CLASSIFIED,Thermal Zone: P3-2-dining 1,50,50,5.381955,0.107639,9.290304,false,Office Dining,Office Dining,SOURCE_METADATA_CONSISTENT,,space_type,Office Dining,Office Dining People Definition,People/Area,0.107639104167097,OfficeLarge BLDG_OCC_SCH,OfficeMedium ACTIVITY_SCH,0.3,,3.82e-08,true,Office Dining Ventilation,Sum,0.007079,0,0,0,,{e2851f05-25fd-4edd-adb1-3c2cef3b98d5}
P3-2-restroom 1,restroom,restroom,CLASSIFIED,Thermal Zone: P3-2-restroom 1,150,150,16.145866,0.107639,9.290304,false,189.1-2009 - Office - Restroom - CZ4-8,189.1-2009 - Office - Restroom - CZ4-8,SOURCE_METADATA_CONSISTENT,,space_type,189.1-2009 - Office - Restroom - CZ4-8,189.1-2009 - Office - Restroom - CZ4-8 People Definition,People/Area,0.107639104167097,Office Misc Occ,Office Activity,0.3,,3.82e-08,true,189.1-2009 - Office - Restroom - CZ4-8 Ventilation,Sum,0,0.004877,0,0,,{10ad3ef5-ed0c-41d4-85b6-23ba569fd63b}
P4-1-commerce 1,commerce_retail,commerce,CLASSIFIED,Thermal Zone: P4-1-commerce 1,73.587979,73.587979,11.881416,0.161459,6.193536,false,Retail Retail,Retail Retail,SOURCE_METADATA_CONSISTENT,,space_type,Retail Retail,Retail Retail People Definition,People/Area,0.161458656250646,RetailStandalone BLDG_OCC_SCH,RetailStandalone ACTIVITY_SCH,0.3,,3.82e-08,true,Retail Retail Ventilation,Sum,0,0.001524,0,0,,{152cdc14-9c93-4821-b56e-91f700f77b06}
P4-2-commerce 1,commerce_retail,commerce,CLASSIFIED,Thermal Zone: P4-2-commerce 1,46.177098,46.177098,7.455692,0.161459,6.193536,false,Retail Retail,Retail Retail,SOURCE_METADATA_CONSISTENT,,space_type,Retail Retail,Retail Retail People Definition,People/Area,0.161458656250646,RetailStandalone BLDG_OCC_SCH,RetailStandalone ACTIVITY_SCH,0.3,,3.82e-08,true,Retail Retail Ventilation,Sum,0,0.001524,0,0,,{6fdc3cd0-31dd-4de1-a103-4e61a5ec9b8c}
P4-2-commerce 2,commerce_retail,commerce,CLASSIFIED,Thermal Zone: P4-2-commerce 2,36.808969,36.808969,5.943127,0.161459,6.193536,false,Retail Retail,Retail Retail,SOURCE_METADATA_CONSISTENT,,space_type,Retail Retail,Retail Retail People Definition,People/Area,0.161458656250646,RetailStandalone BLDG_OCC_SCH,RetailStandalone ACTIVITY_SCH,0.3,,3.82e-08,true,Retail Retail Ventilation,Sum,0,0.001524,0,0,,{db98b838-f208-40c7-8eef-66d22ace40fc}
P4-3-commerce 1,commerce_retail,commerce,CLASSIFIED,Thermal Zone: P4-3-commerce 1,27.239078,27.239078,4.397985,0.161459,6.193536,false,Retail Retail,Retail Retail,SOURCE_METADATA_CONSISTENT,,space_type,Retail Retail,Retail Retail People Definition,People/Area,0.161458656250646,RetailStandalone BLDG_OCC_SCH,RetailStandalone ACTIVITY_SCH,0.3,,3.82e-08,true,Retail Retail Ventilation,Sum,0,0.001524,0,0,,{fbac359b-5c51-49e3-bef7-af08905f0a34}
P4-3-commerce 2,commerce_retail,commerce,CLASSIFIED,Thermal Zone: P4-3-commerce 2,23.982457,23.982457,3.872175,0.161459,6.193536,false,Retail Retail,Retail Retail,SOURCE_METADATA_CONSISTENT,,space_type,Retail Retail,Retail Retail People Definition,People/Area,0.161458656250646,RetailStandalone BLDG_OCC_SCH,RetailStandalone ACTIVITY_SCH,0.3,,3.82e-08,true,Retail Retail Ventilation,Sum,0,0.001524,0,0,,{a3ca5b0f-c96a-494f-8745-5cc56c076027}
d-b-breakroom-1,breakroom,breakroom,CLASSIFIED,dbbreakroom1,105.623973,105.623973,5.684635,0.05382,18.580608,true,,189.1-2009 - Office - WholeBuilding - Lg Office - CZ4-8,SOURCE_METADATA_DEFAULTED,,building_default_space_type,189.1-2009 - Office - WholeBuilding - Lg Office - CZ4-8,189.1-2009 - Office - WholeBuilding - Lg Office - CZ4-8 People Definition,People/Area,0.0538195520835486,Large Office Bldg Occ,Large Office Activity,0.3,,3.82e-08,true,189.1-2009 - Office - WholeBuilding - Lg Office - CZ4-8 Ventilation,Sum,0.009439,0,0,0,,{20426492-5476-4e65-8968-30d57e443174}
d-b-breakroom-2,breakroom,breakroom,CLASSIFIED,dbbreakroom2,70.184311,70.184311,3.777288,0.05382,18.580608,true,,189.1-2009 - Office - WholeBuilding - Lg Office - CZ4-8,SOURCE_METADATA_DEFAULTED,,building_default_space_type,189.1-2009 - Office - WholeBuilding - Lg Office - CZ4-8,189.1-2009 - Office - WholeBuilding - Lg Office - CZ4-8 People Definition,People/Area,0.0538195520835486,Large Office Bldg Occ,Large Office Activity,0.3,,3.82e-08,true,189.1-2009 - Office - WholeBuilding - Lg Office - CZ4-8 Ventilation,Sum,0.009439,0,0,0,,{b8adc1f9-023a-4395-965c-62e225eee35c}
d-b-breakroom-3,breakroom,breakroom,CLASSIFIED,dbbreakroom3,81.64455,81.64455,4.394073,0.05382,18.580608,true,,189.1-2009 - Office - WholeBuilding - Lg Office - CZ4-8,SOURCE_METADATA_DEFAULTED,,building_default_space_type,189.1-2009 - Office - WholeBuilding - Lg Office - CZ4-8,189.1-2009 - Office - WholeBuilding - Lg Office - CZ4-8 People Definition,People/Area,0.0538195520835486,Large Office Bldg Occ,Large Office Activity,0.3,,3.82e-08,true,189.1-2009 - Office - WholeBuilding - Lg Office - CZ4-8 Ventilation,Sum,0.009439,0,0,0,,{d09e2b2e-0e3a-4dfa-8f2c-750044bb358c}
d-b-commerce-1,commerce_retail,commerce,CLASSIFIED,dbcommerce1,46.007133,46.007133,7.42825,0.161459,6.193536,false,Retail Retail,Retail Retail,SOURCE_METADATA_CONSISTENT,,space_type,Retail Retail,Retail Retail People Definition,People/Area,0.161458656250646,RetailStandalone BLDG_OCC_SCH,RetailStandalone ACTIVITY_SCH,0.3,,3.82e-08,true,Retail Retail Ventilation,Sum,0,0.001524,0,0,,{899c26fc-fc7d-44aa-a639-b985fd4caf45}
d-b-commerce-2,commerce_retail,commerce,CLASSIFIED,dbcommerce2,134.525312,134.525312,21.720276,0.161459,6.193536,false,Retail Retail,Retail Retail,SOURCE_METADATA_CONSISTENT,,space_type,Retail Retail,Retail Retail People Definition,People/Area,0.161458656250646,RetailStandalone BLDG_OCC_SCH,RetailStandalone ACTIVITY_SCH,0.3,,3.82e-08,true,Retail Retail Ventilation,Sum,0,0.001524,0,0,,{92a1ba71-cd7b-426e-af6f-23510dbdaf3d}
d-b-commerce-3,commerce_retail,commerce,CLASSIFIED,dbcommerce3,100,100,16.145866,0.161459,6.193536,false,Retail Retail,Retail Retail,SOURCE_METADATA_CONSISTENT,,space_type,Retail Retail,Retail Retail People Definition,People/Area,0.161458656250646,RetailStandalone BLDG_OCC_SCH,RetailStandalone ACTIVITY_SCH,0.3,,3.82e-08,true,Retail Retail Ventilation,Sum,0,0.001524,0,0,,{55f9fda0-bfc8-4908-ada5-1d628739f02d}
d-b-commerce-4,commerce_retail,commerce,CLASSIFIED,dbcommerce4,73.587979,73.587979,11.881416,0.161459,6.193536,false,Retail Retail,Retail Retail,SOURCE_METADATA_CONSISTENT,,space_type,Retail Retail,Retail Retail People Definition,People/Area,0.161458656250646,RetailStandalone BLDG_OCC_SCH,RetailStandalone ACTIVITY_SCH,0.3,,3.82e-08,true,Retail Retail Ventilation,Sum,0,0.001524,0,0,,{934542b1-605a-48eb-810b-401bcf51d249}
d-b-commerce-5,commerce_retail,commerce,CLASSIFIED,dbcommerce5,23.982457,23.982457,3.872175,0.161459,6.193536,false,Retail Retail,Retail Retail,SOURCE_METADATA_CONSISTENT,,space_type,Retail Retail,Retail Retail People Definition,People/Area,0.161458656250646,RetailStandalone BLDG_OCC_SCH,RetailStandalone ACTIVITY_SCH,0.3,,3.82e-08,true,Retail Retail Ventilation,Sum,0,0.001524,0,0,,{e9095374-85eb-4014-814c-9df1cdaadea7}
d-b-commerce-6,commerce_retail,commerce,CLASSIFIED,dbcommerce6,90.807139,90.807139,14.661599,0.161459,6.193536,false,Retail Retail,Retail Retail,SOURCE_METADATA_CONSISTENT,,space_type,Retail Retail,Retail Retail People Definition,People/Area,0.161458656250646,RetailStandalone BLDG_OCC_SCH,RetailStandalone ACTIVITY_SCH,0.3,,3.82e-08,true,Retail Retail Ventilation,Sum,0,0.001524,0,0,,{df780aaa-fc89-4d1d-a62c-e532df644ed6}
d-b-commerce-7,commerce_retail,commerce,CLASSIFIED,dbcommerce7,198.737102,198.737102,32.087825,0.161459,6.193536,false,Retail Retail,Retail Retail,SOURCE_METADATA_CONSISTENT,,space_type,Retail Retail,Retail Retail People Definition,People/Area,0.161458656250646,RetailStandalone BLDG_OCC_SCH,RetailStandalone ACTIVITY_SCH,0.3,,3.82e-08,true,Retail Retail Ventilation,Sum,0,0.001524,0,0,,{9c228268-a59c-429e-96db-a788e3667b2f}
d-b-commerce-8,commerce_retail,commerce,CLASSIFIED,dbcommerce8,276.08985,276.08985,44.577096,0.161459,6.193536,false,Retail Retail,Retail Retail,SOURCE_METADATA_CONSISTENT,,space_type,Retail Retail,Retail Retail People Definition,People/Area,0.161458656250646,RetailStandalone BLDG_OCC_SCH,RetailStandalone ACTIVITY_SCH,0.3,,3.82e-08,true,Retail Retail Ventilation,Sum,0,0.001524,0,0,,{e828c01d-d8d9-4a91-895a-f9f52d7da1d6}
d-b-dining-1,dining,dining,CLASSIFIED,dbdining1,81.64455,81.64455,8.788146,0.107639,9.290304,false,Office Dining,Office Dining,SOURCE_METADATA_CONSISTENT,,space_type,Office Dining,Office Dining People Definition,People/Area,0.107639104167097,OfficeLarge BLDG_OCC_SCH,OfficeMedium ACTIVITY_SCH,0.3,,3.82e-08,true,Office Dining Ventilation,Sum,0.007079,0,0,0,,{8d57c784-3a3c-4c00-b5b6-c0e4f03d6d31}
d-b-dining-2,dining,dining,CLASSIFIED,dbdining2,100,100,10.76391,0.107639,9.290304,false,Office Dining,Office Dining,SOURCE_METADATA_CONSISTENT,,space_type,Office Dining,Office Dining People Definition,People/Area,0.107639104167097,OfficeLarge BLDG_OCC_SCH,OfficeMedium ACTIVITY_SCH,0.3,,3.82e-08,true,Office Dining Ventilation,Sum,0.007079,0,0,0,,{2f16c54b-b5f9-4961-aba5-e51d0d1388e5}
d-b-dining-3,dining,dining,CLASSIFIED,dbdining3,50,50,5.381955,0.107639,9.290304,false,Office Dining,Office Dining,SOURCE_METADATA_CONSISTENT,,space_type,Office Dining,Office Dining People Definition,People/Area,0.107639104167097,OfficeLarge BLDG_OCC_SCH,OfficeMedium ACTIVITY_SCH,0.3,,3.82e-08,true,Office Dining Ventilation,Sum,0.007079,0,0,0,,{0146f138-f6a6-4349-8336-115b4d82bbef}
d-b-dining-4,dining,dining,CLASSIFIED,dbdining4,73.176009,73.176009,7.8766,0.107639,9.290304,false,Office Dining,Office Dining,SOURCE_METADATA_CONSISTENT,,space_type,Office Dining,Office Dining People Definition,People/Area,0.107639104167097,OfficeLarge BLDG_OCC_SCH,OfficeMedium ACTIVITY_SCH,0.3,,3.82e-08,true,Office Dining Ventilation,Sum,0.007079,0,0,0,,{4de46ff4-004f-4e37-a184-cedf88f6e4d7}
d-b-dining-5,dining,dining,CLASSIFIED,dbdining5,98.428679,98.428679,10.594775,0.107639,9.290304,false,Office Dining,Office Dining,SOURCE_METADATA_CONSISTENT,,space_type,Office Dining,Office Dining People Definition,People/Area,0.107639104167097,OfficeLarge BLDG_OCC_SCH,OfficeMedium ACTIVITY_SCH,0.3,,3.82e-08,true,Office Dining Ventilation,Sum,0.007079,0,0,0,,{bfe8cdd6-778a-4483-b1cc-45773d67101c}
d-b-hall-1,terminal_hall,hall,CLASSIFIED,dbhall1,1146.764938,1182.972228,61.718375,0.05382,18.580608,true,,189.1-2009 - Office - WholeBuilding - Lg Office - CZ4-8,SOURCE_METADATA_DEFAULTED,,building_default_space_type,189.1-2009 - Office - WholeBuilding - Lg Office - CZ4-8,189.1-2009 - Office - WholeBuilding - Lg Office - CZ4-8 People Definition,People/Area,0.0538195520835486,Large Office Bldg Occ,Large Office Activity,0.3,,3.82e-08,true,189.1-2009 - Office - WholeBuilding - Lg Office - CZ4-8 Ventilation,Sum,0.009439,0,0,0,,{e1a94f55-8668-49cd-8999-38d087edcdda}
d-b-hall-10,terminal_hall,hall,CLASSIFIED,dbhall10,850,1150,45.746619,0.05382,18.580608,true,,189.1-2009 - Office - WholeBuilding - Lg Office - CZ4-8,SOURCE_METADATA_DEFAULTED,,building_default_space_type,189.1-2009 - Office - WholeBuilding - Lg Office - CZ4-8,189.1-2009 - Office - WholeBuilding - Lg Office - CZ4-8 People Definition,People/Area,0.0538195520835486,Large Office Bldg Occ,Large Office Activity,0.3,,3.82e-08,true,189.1-2009 - Office - WholeBuilding - Lg Office - CZ4-8 Ventilation,Sum,0.009439,0,0,0,,{c0ce87f8-019d-467b-8fd4-cf473f1d95a4}
d-b-hall-11,terminal_hall,hall,CLASSIFIED,dbhall11,588.438608,825.598177,31.669502,0.05382,18.580608,true,,189.1-2009 - Office - WholeBuilding - Lg Office - CZ4-8,SOURCE_METADATA_DEFAULTED,,building_default_space_type,189.1-2009 - Office - WholeBuilding - Lg Office - CZ4-8,189.1-2009 - Office - WholeBuilding - Lg Office - CZ4-8 People Definition,People/Area,0.0538195520835486,Large Office Bldg Occ,Large Office Activity,0.3,,3.82e-08,true,189.1-2009 - Office - WholeBuilding - Lg Office - CZ4-8 Ventilation,Sum,0.009439,0,0,0,,{d387660e-e724-466a-9cd8-f029f503201b}
d-b-hall-12,terminal_hall,hall,CLASSIFIED,dbhall12,704.491659,1038.383396,37.915426,0.05382,18.580608,true,,189.1-2009 - Office - WholeBuilding - Lg Office - CZ4-8,SOURCE_METADATA_DEFAULTED,,building_default_space_type,189.1-2009 - Office - WholeBuilding - Lg Office - CZ4-8,189.1-2009 - Office - WholeBuilding - Lg Office - CZ4-8 People Definition,People/Area,0.0538195520835486,Large Office Bldg Occ,Large Office Activity,0.3,,3.82e-08,true,189.1-2009 - Office - WholeBuilding - Lg Office - CZ4-8 Ventilation,Sum,0.009439,0,0,0,,{f1935945-be73-47c1-abf1-885fc4643124}
d-b-hall-13,terminal_hall,hall,CLASSIFIED,dbhall13,542.041166,839.489351,29.172413,0.05382,18.580608,true,,189.1-2009 - Office - WholeBuilding - Lg Office - CZ4-8,SOURCE_METADATA_DEFAULTED,,building_default_space_type,189.1-2009 - Office - WholeBuilding - Lg Office - CZ4-8,189.1-2009 - Office - WholeBuilding - Lg Office - CZ4-8 People Definition,People/Area,0.0538195520835486,Large Office Bldg Occ,Large Office Activity,0.3,,3.82e-08,true,189.1-2009 - Office - WholeBuilding - Lg Office - CZ4-8 Ventilation,Sum,0.009439,0,0,0,,{48d78af9-8c0d-4766-bf41-992ceb4eb189}
d-b-hall-14,terminal_hall,hall,CLASSIFIED,dbhall14,634.445557,742.338535,34.145576,0.05382,18.580608,true,,189.1-2009 - Office - WholeBuilding - Lg Office - CZ4-8,SOURCE_METADATA_DEFAULTED,,building_default_space_type,189.1-2009 - Office - WholeBuilding - Lg Office - CZ4-8,189.1-2009 - Office - WholeBuilding - Lg Office - CZ4-8 People Definition,People/Area,0.0538195520835486,Large Office Bldg Occ,Large Office Activity,0.3,,3.82e-08,true,189.1-2009 - Office - WholeBuilding - Lg Office - CZ4-8 Ventilation,Sum,0.009439,0,0,0,,{ffb91a81-b04b-429f-940e-bf609f83765a}
d-b-hall-15,terminal_hall,hall,CLASSIFIED,dbhall15,1270.00422,1621.044484,68.351058,0.05382,18.580608,true,,189.1-2009 - Office - WholeBuilding - Lg Office - CZ4-8,SOURCE_METADATA_DEFAULTED,,building_default_space_type,189.1-2009 - Office - WholeBuilding - Lg Office - CZ4-8,189.1-2009 - Office - WholeBuilding - Lg Office - CZ4-8 People Definition,People/Area,0.0538195520835486,Large Office Bldg Occ,Large Office Activity,0.3,,3.82e-08,true,189.1-2009 - Office - WholeBuilding - Lg Office - CZ4-8 Ventilation,Sum,0.009439,0,0,0,,{3afaa7fc-ac90-492c-ab1d-e68855e45cee}
d-b-hall-16,terminal_hall,hall,CLASSIFIED,dbhall16,1352.227846,1780.326501,72.776297,0.05382,18.580608,true,,189.1-2009 - Office - WholeBuilding - Lg Office - CZ4-8,SOURCE_METADATA_DEFAULTED,,building_default_space_type,189.1-2009 - Office - WholeBuilding - Lg Office - CZ4-8,189.1-2009 - Office - WholeBuilding - Lg Office - CZ4-8 People Definition,People/Area,0.0538195520835486,Large Office Bldg Occ,Large Office Activity,0.3,,3.82e-08,true,189.1-2009 - Office - WholeBuilding - Lg Office - CZ4-8 Ventilation,Sum,0.009439,0,0,0,,{97854c1b-b5a5-4f5a-bc91-981a2b626300}
d-b-hall-17,terminal_hall,hall,CLASSIFIED,dbhall17,844.014633,1017.307715,45.42449,0.05382,18.580608,true,,189.1-2009 - Office - WholeBuilding - Lg Office - CZ4-8,SOURCE_METADATA_DEFAULTED,,building_default_space_type,189.1-2009 - Office - WholeBuilding - Lg Office - CZ4-8,189.1-2009 - Office - WholeBuilding - Lg Office - CZ4-8 People Definition,People/Area,0.0538195520835486,Large Office Bldg Occ,Large Office Activity,0.3,,3.82e-08,true,189.1-2009 - Office - WholeBuilding - Lg Office - CZ4-8 Ventilation,Sum,0.009439,0,0,0,,{e5dbb701-9fc1-44fb-a49a-bd67d4489d5c}
d-b-hall-2,terminal_hall,hall,CLASSIFIED,dbhall2,1179.223698,1971.607171,63.465291,0.05382,18.580608,true,,189.1-2009 - Office - WholeBuilding - Lg Office - CZ4-8,SOURCE_METADATA_DEFAULTED,,building_default_space_type,189.1-2009 - Office - WholeBuilding - Lg Office - CZ4-8,189.1-2009 - Office - WholeBuilding - Lg Office - CZ4-8 People Definition,People/Area,0.0538195520835486,Large Office Bldg Occ,Large Office Activity,0.3,,3.82e-08,true,189.1-2009 - Office - WholeBuilding - Lg Office - CZ4-8 Ventilation,Sum,0.009439,0,0,0,,{9ece0669-7035-4fe9-b746-3188a1ee7bfd}
d-b-hall-3,terminal_hall,hall,CLASSIFIED,dbhall3,563.023481,734.16434,30.301672,0.05382,18.580608,true,,189.1-2009 - Office - WholeBuilding - Lg Office - CZ4-8,SOURCE_METADATA_DEFAULTED,,building_default_space_type,189.1-2009 - Office - WholeBuilding - Lg Office - CZ4-8,189.1-2009 - Office - WholeBuilding - Lg Office - CZ4-8 People Definition,People/Area,0.0538195520835486,Large Office Bldg Occ,Large Office Activity,0.3,,3.82e-08,true,189.1-2009 - Office - WholeBuilding - Lg Office - CZ4-8 Ventilation,Sum,0.009439,0,0,0,,{4db0470c-494c-47d5-8c46-70e04f9f0c11}
d-b-hall-4,terminal_hall,hall,CLASSIFIED,dbhall4,495.449869,586.902951,26.66489,0.05382,18.580608,true,,189.1-2009 - Office - WholeBuilding - Lg Office - CZ4-8,SOURCE_METADATA_DEFAULTED,,building_default_space_type,189.1-2009 - Office - WholeBuilding - Lg Office - CZ4-8,189.1-2009 - Office - WholeBuilding - Lg Office - CZ4-8 People Definition,People/Area,0.0538195520835486,Large Office Bldg Occ,Large Office Activity,0.3,,3.82e-08,true,189.1-2009 - Office - WholeBuilding - Lg Office - CZ4-8 Ventilation,Sum,0.009439,0,0,0,,{d6e12176-a304-4944-81c2-48c4e9266ff5}
d-b-hall-5,terminal_hall,hall,CLASSIFIED,dbhall5,337.917225,489.008504,18.186554,0.05382,18.580608,true,,189.1-2009 - Office - WholeBuilding - Lg Office - CZ4-8,SOURCE_METADATA_DEFAULTED,,building_default_space_type,189.1-2009 - Office - WholeBuilding - Lg Office - CZ4-8,189.1-2009 - Office - WholeBuilding - Lg Office - CZ4-8 People Definition,People/Area,0.0538195520835486,Large Office Bldg Occ,Large Office Activity,0.3,,3.82e-08,true,189.1-2009 - Office - WholeBuilding - Lg Office - CZ4-8 Ventilation,Sum,0.009439,0,0,0,,{4279ce9c-27e1-495f-8e14-3a4a690699d4}
d-b-hall-6,terminal_hall,hall,CLASSIFIED,dbhall6,668.878285,1046.976267,35.99873,0.05382,18.580608,true,,189.1-2009 - Office - WholeBuilding - Lg Office - CZ4-8,SOURCE_METADATA_DEFAULTED,,building_default_space_type,189.1-2009 - Office - WholeBuilding - Lg Office - CZ4-8,189.1-2009 - Office - WholeBuilding - Lg Office - CZ4-8 People Definition,People/Area,0.0538195520835486,Large Office Bldg Occ,Large Office Activity,0.3,,3.82e-08,true,189.1-2009 - Office - WholeBuilding - Lg Office - CZ4-8 Ventilation,Sum,0.009439,0,0,0,,{c6c49733-9e01-487c-9b52-b370302c2e16}
d-b-hall-7,terminal_hall,hall,CLASSIFIED,dbhall7,735.064619,1074.374848,39.560849,0.05382,18.580608,true,,189.1-2009 - Office - WholeBuilding - Lg Office - CZ4-8,SOURCE_METADATA_DEFAULTED,,building_default_space_type,189.1-2009 - Office - WholeBuilding - Lg Office - CZ4-8,189.1-2009 - Office - WholeBuilding - Lg Office - CZ4-8 People Definition,People/Area,0.0538195520835486,Large Office Bldg Occ,Large Office Activity,0.3,,3.82e-08,true,189.1-2009 - Office - WholeBuilding - Lg Office - CZ4-8 Ventilation,Sum,0.009439,0,0,0,,{f9a27d80-3b45-4306-a3bd-6fcd20cfb914}
d-b-hall-8,terminal_hall,hall,CLASSIFIED,dbhall8,850,1150,45.746619,0.05382,18.580608,true,,189.1-2009 - Office - WholeBuilding - Lg Office - CZ4-8,SOURCE_METADATA_DEFAULTED,,building_default_space_type,189.1-2009 - Office - WholeBuilding - Lg Office - CZ4-8,189.1-2009 - Office - WholeBuilding - Lg Office - CZ4-8 People Definition,People/Area,0.0538195520835486,Large Office Bldg Occ,Large Office Activity,0.3,,3.82e-08,true,189.1-2009 - Office - WholeBuilding - Lg Office - CZ4-8 Ventilation,Sum,0.009439,0,0,0,,{11804338-4526-435c-a4d7-b78dd177e19c}
d-b-hall-9,terminal_hall,hall,CLASSIFIED,dbhall9,175,225,9.418422,0.05382,18.580608,true,,189.1-2009 - Office - WholeBuilding - Lg Office - CZ4-8,SOURCE_METADATA_DEFAULTED,,building_default_space_type,189.1-2009 - Office - WholeBuilding - Lg Office - CZ4-8,189.1-2009 - Office - WholeBuilding - Lg Office - CZ4-8 People Definition,People/Area,0.0538195520835486,Large Office Bldg Occ,Large Office Activity,0.3,,3.82e-08,true,189.1-2009 - Office - WholeBuilding - Lg Office - CZ4-8 Ventilation,Sum,0.009439,0,0,0,,{72c399f5-2052-4261-9844-b56ee713ad79}
d-b-office-1,office,office,CLASSIFIED,dboffice1,215.053364,215.053364,10.995372,0.051129,19.558535,false,189.1-2009 - Office - ClosedOffice - CZ4-8 1,189.1-2009 - Office - ClosedOffice - CZ4-8 1,SOURCE_METADATA_CONSISTENT,,space_type,189.1-2009 - Office - ClosedOffice - CZ4-8 1,189.1-2009 - Office - ClosedOffice - CZ4-8 People Definition,People/Area,0.0511285744793712,Office Work Occ,Office Activity,0.3,,3.82e-08,true,189.1-2009 - Office - ClosedOffice - CZ4-8 Ventilation,Sum,0.009439,0,0,0,,{9fe3007f-2ca2-455d-b0fa-5c43c118bd2d}
d-b-office-10,office,office,CLASSIFIED,dboffice10,51.60134,51.60134,2.638303,0.051129,19.558535,false,189.1-2009 - Office - ClosedOffice - CZ4-8 1,189.1-2009 - Office - ClosedOffice - CZ4-8 1,SOURCE_METADATA_CONSISTENT,,space_type,189.1-2009 - Office - ClosedOffice - CZ4-8 1,189.1-2009 - Office - ClosedOffice - CZ4-8 People Definition,People/Area,0.0511285744793712,Office Work Occ,Office Activity,0.3,,3.82e-08,true,189.1-2009 - Office - ClosedOffice - CZ4-8 Ventilation,Sum,0.009439,0,0,0,,{254487bc-a579-4de1-8cd7-8c04e40c9a8e}
d-b-office-11,office,office,CLASSIFIED,dboffice11,172.019219,172.019219,8.795097,0.051129,19.558535,false,189.1-2009 - Office - ClosedOffice - CZ4-8 1,189.1-2009 - Office - ClosedOffice - CZ4-8 1,SOURCE_METADATA_CONSISTENT,,space_type,189.1-2009 - Office - ClosedOffice - CZ4-8 1,189.1-2009 - Office - ClosedOffice - CZ4-8 People Definition,People/Area,0.0511285744793712,Office Work Occ,Office Activity,0.3,,3.82e-08,true,189.1-2009 - Office - ClosedOffice - CZ4-8 Ventilation,Sum,0.009439,0,0,0,,{bf4b51fd-0722-4247-a387-2dea7093f845}
d-b-office-2,office,office,CLASSIFIED,dboffice2,307.741473,307.741473,15.734383,0.051129,19.558535,false,189.1-2009 - Office - ClosedOffice - CZ4-8 1,189.1-2009 - Office - ClosedOffice - CZ4-8 1,SOURCE_METADATA_CONSISTENT,,space_type,189.1-2009 - Office - ClosedOffice - CZ4-8 1,189.1-2009 - Office - ClosedOffice - CZ4-8 People Definition,People/Area,0.0511285744793712,Office Work Occ,Office Activity,0.3,,3.82e-08,true,189.1-2009 - Office - ClosedOffice - CZ4-8 Ventilation,Sum,0.009439,0,0,0,,{df76bff8-9b46-408f-b272-10b7eb1fa08d}
d-b-office-3,office,office,CLASSIFIED,dboffice3,178.653937,178.653937,9.134321,0.051129,19.558535,false,189.1-2009 - Office - ClosedOffice - CZ4-8 1,189.1-2009 - Office - ClosedOffice - CZ4-8 1,SOURCE_METADATA_CONSISTENT,,space_type,189.1-2009 - Office - ClosedOffice - CZ4-8 1,189.1-2009 - Office - ClosedOffice - CZ4-8 People Definition,People/Area,0.0511285744793712,Office Work Occ,Office Activity,0.3,,3.82e-08,true,189.1-2009 - Office - ClosedOffice - CZ4-8 Ventilation,Sum,0.009439,0,0,0,,{c21d7b14-facb-4672-ba4d-5a46c9e51abb}
d-b-office-4,office,office,CLASSIFIED,dboffice4,60.980963,60.980963,3.11787,0.051129,19.558535,false,189.1-2009 - Office - ClosedOffice - CZ4-8 1,189.1-2009 - Office - ClosedOffice - CZ4-8 1,SOURCE_METADATA_CONSISTENT,,space_type,189.1-2009 - Office - ClosedOffice - CZ4-8 1,189.1-2009 - Office - ClosedOffice - CZ4-8 People Definition,People/Area,0.0511285744793712,Office Work Occ,Office Activity,0.3,,3.82e-08,true,189.1-2009 - Office - ClosedOffice - CZ4-8 Ventilation,Sum,0.009439,0,0,0,,{20fc0199-191f-4a36-8b56-d962db01e312}
d-b-office-5,office,office,CLASSIFIED,dboffice 5,60.980963,89.397068,3.11787,0.051129,19.558535,false,189.1-2009 - Office - ClosedOffice - CZ4-8 1,189.1-2009 - Office - ClosedOffice - CZ4-8 1,SOURCE_METADATA_CONSISTENT,,space_type,189.1-2009 - Office - ClosedOffice - CZ4-8 1,189.1-2009 - Office - ClosedOffice - CZ4-8 People Definition,People/Area,0.0511285744793712,Office Work Occ,Office Activity,0.3,,3.82e-08,true,189.1-2009 - Office - ClosedOffice - CZ4-8 Ventilation,Sum,0.009439,0,0,0,,{a385a907-0e42-408b-9e19-18e735f4b8e9}
d-b-office-6,office,office,CLASSIFIED,dboffice6,105.623973,164.896685,5.684635,0.05382,18.580608,true,,189.1-2009 - Office - WholeBuilding - Lg Office - CZ4-8,SOURCE_METADATA_DEFAULTED,,building_default_space_type,189.1-2009 - Office - WholeBuilding - Lg Office - CZ4-8,189.1-2009 - Office - WholeBuilding - Lg Office - CZ4-8 People Definition,People/Area,0.0538195520835486,Large Office Bldg Occ,Large Office Activity,0.3,,3.82e-08,true,189.1-2009 - Office - WholeBuilding - Lg Office - CZ4-8 Ventilation,Sum,0.009439,0,0,0,,{a03f3043-3a15-4b9c-8f99-40491f05a51c}
d-b-office-7,office,office,CLASSIFIED,dboffice7,40.848987,40.848987,2.08855,0.051129,19.558535,false,189.1-2009 - Office - ClosedOffice - CZ4-8 1,189.1-2009 - Office - ClosedOffice - CZ4-8 1,SOURCE_METADATA_CONSISTENT,,space_type,189.1-2009 - Office - ClosedOffice - CZ4-8 1,189.1-2009 - Office - ClosedOffice - CZ4-8 People Definition,People/Area,0.0511285744793712,Office Work Occ,Office Activity,0.3,,3.82e-08,true,189.1-2009 - Office - ClosedOffice - CZ4-8 Ventilation,Sum,0.009439,0,0,0,,{f34e2e06-d72c-4f4b-ac94-8364cfae3906}
d-b-office-8,office,office,CLASSIFIED,dboffice8,79.593792,79.593792,4.069517,0.051129,19.558535,false,189.1-2009 - Office - ClosedOffice - CZ4-8 1,189.1-2009 - Office - ClosedOffice - CZ4-8 1,SOURCE_METADATA_CONSISTENT,,space_type,189.1-2009 - Office - ClosedOffice - CZ4-8 1,189.1-2009 - Office - ClosedOffice - CZ4-8 People Definition,People/Area,0.0511285744793712,Office Work Occ,Office Activity,0.3,,3.82e-08,true,189.1-2009 - Office - ClosedOffice - CZ4-8 Ventilation,Sum,0.009439,0,0,0,,{e2240422-6506-4280-a730-281e9b2ed95f}
d-b-office-9,office,office,CLASSIFIED,dboffice9,62.864338,62.864338,3.214164,0.051129,19.558535,false,189.1-2009 - Office - ClosedOffice - CZ4-8 1,189.1-2009 - Office - ClosedOffice - CZ4-8 1,SOURCE_METADATA_CONSISTENT,,space_type,189.1-2009 - Office - ClosedOffice - CZ4-8 1,189.1-2009 - Office - ClosedOffice - CZ4-8 People Definition,People/Area,0.0511285744793712,Office Work Occ,Office Activity,0.3,,3.82e-08,true,189.1-2009 - Office - ClosedOffice - CZ4-8 Ventilation,Sum,0.009439,0,0,0,,{e82da268-ac74-4326-937f-4bd665ef5ec8}
d-b-restroom-1,restroom,restroom,CLASSIFIED,dbrestroom1,478.676674,478.676674,51.524328,0.107639,9.290304,false,189.1-2009 - Office - Restroom - CZ4-8,189.1-2009 - Office - Restroom - CZ4-8,SOURCE_METADATA_CONSISTENT,,space_type,189.1-2009 - Office - Restroom - CZ4-8,189.1-2009 - Office - Restroom - CZ4-8 People Definition,People/Area,0.107639104167097,Office Misc Occ,Office Activity,0.3,,3.82e-08,true,189.1-2009 - Office - Restroom - CZ4-8 Ventilation,Sum,0,0.004877,0,0,,{3184e84c-493d-49c6-a62b-50f17c7e3996}
d-b-restroom-2,restroom,restroom,CLASSIFIED,dbrestroom2,111.758438,111.758438,12.029578,0.107639,9.290304,false,189.1-2009 - Office - Restroom - CZ4-8,189.1-2009 - Office - Restroom - CZ4-8,SOURCE_METADATA_CONSISTENT,,space_type,189.1-2009 - Office - Restroom - CZ4-8,189.1-2009 - Office - Restroom - CZ4-8 People Definition,People/Area,0.107639104167097,Office Misc Occ,Office Activity,0.3,,3.82e-08,true,189.1-2009 - Office - Restroom - CZ4-8 Ventilation,Sum,0,0.004877,0,0,,{bf5c85e2-aba7-470a-aaf0-412788ddf562}
d-b-restroom-3,restroom,restroom,CLASSIFIED,dbrestroom3,150,150,16.145866,0.107639,9.290304,false,189.1-2009 - Office - Restroom - CZ4-8,189.1-2009 - Office - Restroom - CZ4-8,SOURCE_METADATA_CONSISTENT,,space_type,189.1-2009 - Office - Restroom - CZ4-8,189.1-2009 - Office - Restroom - CZ4-8 People Definition,People/Area,0.107639104167097,Office Misc Occ,Office Activity,0.3,,3.82e-08,true,189.1-2009 - Office - Restroom - CZ4-8 Ventilation,Sum,0,0.004877,0,0,,{4d0f7af5-c3ad-4fdf-90a4-77567a54bdc5}
d-b-restroom-4,restroom,restroom,CLASSIFIED,dbrestroom4,69.698405,69.698405,7.502274,0.107639,9.290304,false,189.1-2009 - Office - Restroom - CZ4-8,189.1-2009 - Office - Restroom - CZ4-8,SOURCE_METADATA_CONSISTENT,,space_type,189.1-2009 - Office - Restroom - CZ4-8,189.1-2009 - Office - Restroom - CZ4-8 People Definition,People/Area,0.107639104167097,Office Misc Occ,Office Activity,0.3,,3.82e-08,true,189.1-2009 - Office - Restroom - CZ4-8 Ventilation,Sum,0,0.004877,0,0,,{7e4292be-6021-444f-bf21-7e0dad721a23}
hall-1-1,terminal_hall,hall,CLASSIFIED,Thermal Zone: hall-1-1,585.123686,728.516329,31.491095,0.05382,18.580608,true,,189.1-2009 - Office - WholeBuilding - Lg Office - CZ4-8,SOURCE_METADATA_DEFAULTED,,building_default_space_type,189.1-2009 - Office - WholeBuilding - Lg Office - CZ4-8,189.1-2009 - Office - WholeBuilding - Lg Office - CZ4-8 People Definition,People/Area,0.0538195520835486,Large Office Bldg Occ,Large Office Activity,0.3,,3.82e-08,true,189.1-2009 - Office - WholeBuilding - Lg Office - CZ4-8 Ventilation,Sum,0.009439,0,0,0,,{859c43d8-e0ae-4860-9065-a497b356f7b6}
hall-1-10,terminal_hall,hall,CLASSIFIED,Thermal Zone: hall-1-10,924.322701,1231.973232,49.746634,0.05382,18.580608,true,,189.1-2009 - Office - WholeBuilding - Lg Office - CZ4-8,SOURCE_METADATA_DEFAULTED,,building_default_space_type,189.1-2009 - Office - WholeBuilding - Lg Office - CZ4-8,189.1-2009 - Office - WholeBuilding - Lg Office - CZ4-8 People Definition,People/Area,0.0538195520835486,Large Office Bldg Occ,Large Office Activity,0.3,,3.82e-08,true,189.1-2009 - Office - WholeBuilding - Lg Office - CZ4-8 Ventilation,Sum,0.009439,0,0,0,,{45aa26ff-5a14-4270-8c04-41d1acd6e25f}
hall-1-11,terminal_hall,hall,CLASSIFIED,Thermal Zone: hall-1-11,236.478761,290.340634,12.727181,0.05382,18.580608,true,,189.1-2009 - Office - WholeBuilding - Lg Office - CZ4-8,SOURCE_METADATA_DEFAULTED,,building_default_space_type,189.1-2009 - Office - WholeBuilding - Lg Office - CZ4-8,189.1-2009 - Office - WholeBuilding - Lg Office - CZ4-8 People Definition,People/Area,0.0538195520835486,Large Office Bldg Occ,Large Office Activity,0.3,,3.82e-08,true,189.1-2009 - Office - WholeBuilding - Lg Office - CZ4-8 Ventilation,Sum,0.009439,0,0,0,,{638b319c-9dbb-4b84-8645-28c77ea62902}
hall-1-12,terminal_hall,hall,CLASSIFIED,Thermal Zone: hall-1-12,1456.653839,1848.416975,78.396457,0.05382,18.580608,true,,189.1-2009 - Office - WholeBuilding - Lg Office - CZ4-8,SOURCE_METADATA_DEFAULTED,,building_default_space_type,189.1-2009 - Office - WholeBuilding - Lg Office - CZ4-8,189.1-2009 - Office - WholeBuilding - Lg Office - CZ4-8 People Definition,People/Area,0.0538195520835486,Large Office Bldg Occ,Large Office Activity,0.3,,3.82e-08,true,189.1-2009 - Office - WholeBuilding - Lg Office - CZ4-8 Ventilation,Sum,0.009439,0,0,0,,{965f5388-488b-486b-a983-10951bf23ef9}
hall-1-13,terminal_hall,hall,CLASSIFIED,Thermal Zone: hall-1-13,1437.613015,1687.954019,77.371689,0.05382,18.580608,true,,189.1-2009 - Office - WholeBuilding - Lg Office - CZ4-8,SOURCE_METADATA_DEFAULTED,,building_default_space_type,189.1-2009 - Office - WholeBuilding - Lg Office - CZ4-8,189.1-2009 - Office - WholeBuilding - Lg Office - CZ4-8 People Definition,People/Area,0.0538195520835486,Large Office Bldg Occ,Large Office Activity,0.3,,3.82e-08,true,189.1-2009 - Office - WholeBuilding - Lg Office - CZ4-8 Ventilation,Sum,0.009439,0,0,0,,{45e68b5b-282a-43dd-8d16-aa6d762cef98}
hall-1-2,terminal_hall,hall,CLASSIFIED,Thermal Zone: hall-1-2,694.493818,866.907129,37.377346,0.05382,18.580608,true,,189.1-2009 - Office - WholeBuilding - Lg Office - CZ4-8,SOURCE_METADATA_DEFAULTED,,building_default_space_type,189.1-2009 - Office - WholeBuilding - Lg Office - CZ4-8,189.1-2009 - Office - WholeBuilding - Lg Office - CZ4-8 People Definition,People/Area,0.0538195520835486,Large Office Bldg Occ,Large Office Activity,0.3,,3.82e-08,true,189.1-2009 - Office - WholeBuilding - Lg Office - CZ4-8 Ventilation,Sum,0.009439,0,0,0,,{65b17730-782c-4893-9397-4496b75cd76f}
hall-1-3,terminal_hall,hall,CLASSIFIED,Thermal Zone: hall-1-3,758.956935,930.703175,40.846722,0.05382,18.580608,true,,189.1-2009 - Office - WholeBuilding - Lg Office - CZ4-8,SOURCE_METADATA_DEFAULTED,,building_default_space_type,189.1-2009 - Office - WholeBuilding - Lg Office - CZ4-8,189.1-2009 - Office - WholeBuilding - Lg Office - CZ4-8 People Definition,People/Area,0.0538195520835486,Large Office Bldg Occ,Large Office Activity,0.3,,3.82e-08,true,189.1-2009 - Office - WholeBuilding - Lg Office - CZ4-8 Ventilation,Sum,0.009439,0,0,0,,{b017aefa-24fd-452e-a7b6-fa8fd6c9efaf}
hall-1-4,terminal_hall,hall,CLASSIFIED,Thermal Zone: hall-1-4,390.168004,544.84471,20.998667,0.05382,18.580608,true,,189.1-2009 - Office - WholeBuilding - Lg Office - CZ4-8,SOURCE_METADATA_DEFAULTED,,building_default_space_type,189.1-2009 - Office - WholeBuilding - Lg Office - CZ4-8,189.1-2009 - Office - WholeBuilding - Lg Office - CZ4-8 People Definition,People/Area,0.0538195520835486,Large Office Bldg Occ,Large Office Activity,0.3,,3.82e-08,true,189.1-2009 - Office - WholeBuilding - Lg Office - CZ4-8 Ventilation,Sum,0.009439,0,0,0,,{d658674d-0a70-4f62-9924-69dd9f5164d2}
hall-1-5,terminal_hall,hall,CLASSIFIED,Thermal Zone: hall-1-5,550.925686,706.427822,29.650574,0.05382,18.580608,true,,189.1-2009 - Office - WholeBuilding - Lg Office - CZ4-8,SOURCE_METADATA_DEFAULTED,,building_default_space_type,189.1-2009 - Office - WholeBuilding - Lg Office - CZ4-8,189.1-2009 - Office - WholeBuilding - Lg Office - CZ4-8 People Definition,People/Area,0.0538195520835486,Large Office Bldg Occ,Large Office Activity,0.3,,3.82e-08,true,189.1-2009 - Office - WholeBuilding - Lg Office - CZ4-8 Ventilation,Sum,0.009439,0,0,0,,{aed6d72f-ce47-4d41-88a5-e1044af95e25}
hall-1-6,terminal_hall,hall,CLASSIFIED,Thermal Zone: hall-1-6,393.844357,516.629979,21.196527,0.05382,18.580608,true,,189.1-2009 - Office - WholeBuilding - Lg Office - CZ4-8,SOURCE_METADATA_DEFAULTED,,building_default_space_type,189.1-2009 - Office - WholeBuilding - Lg Office - CZ4-8,189.1-2009 - Office - WholeBuilding - Lg Office - CZ4-8 People Definition,People/Area,0.0538195520835486,Large Office Bldg Occ,Large Office Activity,0.3,,3.82e-08,true,189.1-2009 - Office - WholeBuilding - Lg Office - CZ4-8 Ventilation,Sum,0.009439,0,0,0,,{b3d9bc47-def0-44b1-99f7-4b634b389e0b}
hall-1-7,terminal_hall,hall,CLASSIFIED,Thermal Zone: hall-1-7,380.734224,475.117823,20.490945,0.05382,18.580608,true,,189.1-2009 - Office - WholeBuilding - Lg Office - CZ4-8,SOURCE_METADATA_DEFAULTED,,building_default_space_type,189.1-2009 - Office - WholeBuilding - Lg Office - CZ4-8,189.1-2009 - Office - WholeBuilding - Lg Office - CZ4-8 People Definition,People/Area,0.0538195520835486,Large Office Bldg Occ,Large Office Activity,0.3,,3.82e-08,true,189.1-2009 - Office - WholeBuilding - Lg Office - CZ4-8 Ventilation,Sum,0.009439,0,0,0,,{11e770f8-8c70-4faf-805b-52d64755ad60}
hall-1-8,terminal_hall,hall,CLASSIFIED,Thermal Zone: hall-1-8,258.827052,304.251773,13.929956,0.05382,18.580608,true,,189.1-2009 - Office - WholeBuilding - Lg Office - CZ4-8,SOURCE_METADATA_DEFAULTED,,building_default_space_type,189.1-2009 - Office - WholeBuilding - Lg Office - CZ4-8,189.1-2009 - Office - WholeBuilding - Lg Office - CZ4-8 People Definition,People/Area,0.0538195520835486,Large Office Bldg Occ,Large Office Activity,0.3,,3.82e-08,true,189.1-2009 - Office - WholeBuilding - Lg Office - CZ4-8 Ventilation,Sum,0.009439,0,0,0,,{f8794735-0aca-4108-8b9d-51290e9279dc}
hall-1-9,terminal_hall,hall,CLASSIFIED,Thermal Zone: hall-1-9,465.206147,521.914581,25.037186,0.05382,18.580608,true,,189.1-2009 - Office - WholeBuilding - Lg Office - CZ4-8,SOURCE_METADATA_DEFAULTED,,building_default_space_type,189.1-2009 - Office - WholeBuilding - Lg Office - CZ4-8,189.1-2009 - Office - WholeBuilding - Lg Office - CZ4-8 People Definition,People/Area,0.0538195520835486,Large Office Bldg Occ,Large Office Activity,0.3,,3.82e-08,true,189.1-2009 - Office - WholeBuilding - Lg Office - CZ4-8 Ventilation,Sum,0.009439,0,0,0,,{ab55cc81-ca95-4cd3-b993-8e1d6888c075}
hall-2-1,terminal_hall,hall,CLASSIFIED,Thermal Zone: hall-2-1,337.917225,489.008504,18.186554,0.05382,18.580608,true,,189.1-2009 - Office - WholeBuilding - Lg Office - CZ4-8,SOURCE_METADATA_DEFAULTED,,building_default_space_type,189.1-2009 - Office - WholeBuilding - Lg Office - CZ4-8,189.1-2009 - Office - WholeBuilding - Lg Office - CZ4-8 People Definition,People/Area,0.0538195520835486,Large Office Bldg Occ,Large Office Activity,0.3,,3.82e-08,true,189.1-2009 - Office - WholeBuilding - Lg Office - CZ4-8 Ventilation,Sum,0.009439,0,0,0,,{cb504cf4-7747-4265-8e60-06c62fda9089}
hall-2-2,terminal_hall,hall,CLASSIFIED,Thermal Zone: hall-2-2,740.02821,1107.396341,39.827987,0.05382,18.580608,true,,189.1-2009 - Office - WholeBuilding - Lg Office - CZ4-8,SOURCE_METADATA_DEFAULTED,,building_default_space_type,189.1-2009 - Office - WholeBuilding - Lg Office - CZ4-8,189.1-2009 - Office - WholeBuilding - Lg Office - CZ4-8 People Definition,People/Area,0.0538195520835486,Large Office Bldg Occ,Large Office Activity,0.3,,3.82e-08,true,189.1-2009 - Office - WholeBuilding - Lg Office - CZ4-8 Ventilation,Sum,0.009439,0,0,0,,{ebe69c89-d062-468e-937f-89701a36facc}
hall-2-3,terminal_hall,hall,CLASSIFIED,Thermal Zone: hall-2-3,726.471916,1076.511995,39.098393,0.05382,18.580608,true,,189.1-2009 - Office - WholeBuilding - Lg Office - CZ4-8,SOURCE_METADATA_DEFAULTED,,building_default_space_type,189.1-2009 - Office - WholeBuilding - Lg Office - CZ4-8,189.1-2009 - Office - WholeBuilding - Lg Office - CZ4-8 People Definition,People/Area,0.0538195520835486,Large Office Bldg Occ,Large Office Activity,0.3,,3.82e-08,true,189.1-2009 - Office - WholeBuilding - Lg Office - CZ4-8 Ventilation,Sum,0.009439,0,0,0,,{2d68532d-de16-40fd-8eb0-64aefe77947c}
hall-3-1,terminal_hall,hall,CLASSIFIED,Thermal Zone: hall-3-1,850,1150,45.746619,0.05382,18.580608,true,,189.1-2009 - Office - WholeBuilding - Lg Office - CZ4-8,SOURCE_METADATA_DEFAULTED,,building_default_space_type,189.1-2009 - Office - WholeBuilding - Lg Office - CZ4-8,189.1-2009 - Office - WholeBuilding - Lg Office - CZ4-8 People Definition,People/Area,0.0538195520835486,Large Office Bldg Occ,Large Office Activity,0.3,,3.82e-08,true,189.1-2009 - Office - WholeBuilding - Lg Office - CZ4-8 Ventilation,Sum,0.009439,0,0,0,,{61d14095-dc5a-4690-989a-24e31c5c79e5}
hall-3-2,terminal_hall,hall,CLASSIFIED,Thermal Zone: hall-3-2,175,225,9.418422,0.05382,18.580608,true,,189.1-2009 - Office - WholeBuilding - Lg Office - CZ4-8,SOURCE_METADATA_DEFAULTED,,building_default_space_type,189.1-2009 - Office - WholeBuilding - Lg Office - CZ4-8,189.1-2009 - Office - WholeBuilding - Lg Office - CZ4-8 People Definition,People/Area,0.0538195520835486,Large Office Bldg Occ,Large Office Activity,0.3,,3.82e-08,true,189.1-2009 - Office - WholeBuilding - Lg Office - CZ4-8 Ventilation,Sum,0.009439,0,0,0,,{0d23b296-e9b0-48ed-a4d9-caeedcb7c692}
hall-3-3,terminal_hall,hall,CLASSIFIED,Thermal Zone: hall-3-3,850,1150,45.746619,0.05382,18.580608,true,,189.1-2009 - Office - WholeBuilding - Lg Office - CZ4-8,SOURCE_METADATA_DEFAULTED,,building_default_space_type,189.1-2009 - Office - WholeBuilding - Lg Office - CZ4-8,189.1-2009 - Office - WholeBuilding - Lg Office - CZ4-8 People Definition,People/Area,0.0538195520835486,Large Office Bldg Occ,Large Office Activity,0.3,,3.82e-08,true,189.1-2009 - Office - WholeBuilding - Lg Office - CZ4-8 Ventilation,Sum,0.009439,0,0,0,,{caca742c-9a5d-43ee-b6c6-7509e3565fbf}
hall-4-1,terminal_hall,hall,CLASSIFIED,Thermal Zone: hall-4-1,588.438608,825.598177,31.669502,0.05382,18.580608,true,,189.1-2009 - Office - WholeBuilding - Lg Office - CZ4-8,SOURCE_METADATA_DEFAULTED,,building_default_space_type,189.1-2009 - Office - WholeBuilding - Lg Office - CZ4-8,189.1-2009 - Office - WholeBuilding - Lg Office - CZ4-8 People Definition,People/Area,0.0538195520835486,Large Office Bldg Occ,Large Office Activity,0.3,,3.82e-08,true,189.1-2009 - Office - WholeBuilding - Lg Office - CZ4-8 Ventilation,Sum,0.009439,0,0,0,,{b2917fac-0f5c-4e6a-8a2f-e79402e3f4da}
hall-4-2,terminal_hall,hall,CLASSIFIED,Thermal Zone: hall-4-2,519.358985,760.069164,27.951668,0.05382,18.580608,true,,189.1-2009 - Office - WholeBuilding - Lg Office - CZ4-8,SOURCE_METADATA_DEFAULTED,,building_default_space_type,189.1-2009 - Office - WholeBuilding - Lg Office - CZ4-8,189.1-2009 - Office - WholeBuilding - Lg Office - CZ4-8 People Definition,People/Area,0.0538195520835486,Large Office Bldg Occ,Large Office Activity,0.3,,3.82e-08,true,189.1-2009 - Office - WholeBuilding - Lg Office - CZ4-8 Ventilation,Sum,0.009439,0,0,0,,{d1d6f6f3-14d1-4700-ae7d-eb6353faf72d}
hall-4-3,terminal_hall,hall,CLASSIFIED,Thermal Zone: hall-4-3,388.816519,589.154863,20.925931,0.05382,18.580608,true,,189.1-2009 - Office - WholeBuilding - Lg Office - CZ4-8,SOURCE_METADATA_DEFAULTED,,building_default_space_type,189.1-2009 - Office - WholeBuilding - Lg Office - CZ4-8,189.1-2009 - Office - WholeBuilding - Lg Office - CZ4-8 People Definition,People/Area,0.0538195520835486,Large Office Bldg Occ,Large Office Activity,0.3,,3.82e-08,true,189.1-2009 - Office - WholeBuilding - Lg Office - CZ4-8 Ventilation,Sum,0.009439,0,0,0,,{dcfc35bd-417c-4f5a-9a59-b29a7d0a3c99}
hall-4-4,terminal_hall,hall,CLASSIFIED,Thermal Zone: hall-4-4,370.590307,560.881706,19.945004,0.05382,18.580608,true,,189.1-2009 - Office - WholeBuilding - Lg Office - CZ4-8,SOURCE_METADATA_DEFAULTED,,building_default_space_type,189.1-2009 - Office - WholeBuilding - Lg Office - CZ4-8,189.1-2009 - Office - WholeBuilding - Lg Office - CZ4-8 People Definition,People/Area,0.0538195520835486,Large Office Bldg Occ,Large Office Activity,0.3,,3.82e-08,true,189.1-2009 - Office - WholeBuilding - Lg Office - CZ4-8 Ventilation,Sum,0.009439,0,0,0,,{98db946e-b253-4829-889d-6882cc96e207}
n-hall-1,terminal_hall,hall,CLASSIFIED,nhall1,2891.903988,3508.248386,155.640977,0.05382,18.580608,true,,189.1-2009 - Office - WholeBuilding - Lg Office - CZ4-8,SOURCE_METADATA_DEFAULTED,,building_default_space_type,189.1-2009 - Office - WholeBuilding - Lg Office - CZ4-8,189.1-2009 - Office - WholeBuilding - Lg Office - CZ4-8 People Definition,People/Area,0.0538195520835486,Large Office Bldg Occ,Large Office Activity,0.3,,3.82e-08,true,189.1-2009 - Office - WholeBuilding - Lg Office - CZ4-8 Ventilation,Sum,0.009439,0,0,0,,{5b30b872-107f-4032-b48d-81005475582d}
n-hall-10,terminal_hall,hall,CLASSIFIED,nhall10,607.732855,915.736625,32.70791,0.05382,18.580608,true,,189.1-2009 - Office - WholeBuilding - Lg Office - CZ4-8,SOURCE_METADATA_DEFAULTED,,building_default_space_type,189.1-2009 - Office - WholeBuilding - Lg Office - CZ4-8,189.1-2009 - Office - WholeBuilding - Lg Office - CZ4-8 People Definition,People/Area,0.0538195520835486,Large Office Bldg Occ,Large Office Activity,0.3,,3.82e-08,true,189.1-2009 - Office - WholeBuilding - Lg Office - CZ4-8 Ventilation,Sum,0.009439,0,0,0,,{00afe183-52d4-4994-a54c-9831f02efe3c}
n-hall-11,terminal_hall,hall,CLASSIFIED,nhall11,650.542836,883.187559,35.011924,0.05382,18.580608,true,,189.1-2009 - Office - WholeBuilding - Lg Office - CZ4-8,SOURCE_METADATA_DEFAULTED,,building_default_space_type,189.1-2009 - Office - WholeBuilding - Lg Office - CZ4-8,189.1-2009 - Office - WholeBuilding - Lg Office - CZ4-8 People Definition,People/Area,0.0538195520835486,Large Office Bldg Occ,Large Office Activity,0.3,,3.82e-08,true,189.1-2009 - Office - WholeBuilding - Lg Office - CZ4-8 Ventilation,Sum,0.009439,0,0,0,,{169bbbe2-8082-48d8-9661-425eb21e817b}
n-hall-12,terminal_hall,hall,CLASSIFIED,nhall12,1123.623852,1507.1194,60.472932,0.05382,18.580608,true,,189.1-2009 - Office - WholeBuilding - Lg Office - CZ4-8,SOURCE_METADATA_DEFAULTED,,building_default_space_type,189.1-2009 - Office - WholeBuilding - Lg Office - CZ4-8,189.1-2009 - Office - WholeBuilding - Lg Office - CZ4-8 People Definition,People/Area,0.0538195520835486,Large Office Bldg Occ,Large Office Activity,0.3,,3.82e-08,true,189.1-2009 - Office - WholeBuilding - Lg Office - CZ4-8 Ventilation,Sum,0.009439,0,0,0,,{b157f112-5e4d-47bd-a2b1-af24797401eb}
n-hall-13,terminal_hall,hall,CLASSIFIED,nhall13,2837.954312,3282.139019,152.73743,0.05382,18.580608,true,,189.1-2009 - Office - WholeBuilding - Lg Office - CZ4-8,SOURCE_METADATA_DEFAULTED,,building_default_space_type,189.1-2009 - Office - WholeBuilding - Lg Office - CZ4-8,189.1-2009 - Office - WholeBuilding - Lg Office - CZ4-8 People Definition,People/Area,0.0538195520835486,Large Office Bldg Occ,Large Office Activity,0.3,,3.82e-08,true,189.1-2009 - Office - WholeBuilding - Lg Office - CZ4-8 Ventilation,Sum,0.009439,0,0,0,,{5e6b7bde-1534-4cf1-851d-d7c3dd960be1}
n-hall-2,terminal_hall,hall,CLASSIFIED,nhall2,1154.087051,1492.560883,62.112448,0.05382,18.580608,true,,189.1-2009 - Office - WholeBuilding - Lg Office - CZ4-8,SOURCE_METADATA_DEFAULTED,,building_default_space_type,189.1-2009 - Office - WholeBuilding - Lg Office - CZ4-8,189.1-2009 - Office - WholeBuilding - Lg Office - CZ4-8 People Definition,People/Area,0.0538195520835486,Large Office Bldg Occ,Large Office Activity,0.3,,3.82e-08,true,189.1-2009 - Office - WholeBuilding - Lg Office - CZ4-8 Ventilation,Sum,0.009439,0,0,0,,{2ba29ccc-1b98-46bd-bcb0-fe2a8146b7b6}
n-hall-3,terminal_hall,hall,CLASSIFIED,nhall3,566.129961,671.636709,30.468861,0.05382,18.580608,true,,189.1-2009 - Office - WholeBuilding - Lg Office - CZ4-8,SOURCE_METADATA_DEFAULTED,,building_default_space_type,189.1-2009 - Office - WholeBuilding - Lg Office - CZ4-8,189.1-2009 - Office - WholeBuilding - Lg Office - CZ4-8 People Definition,People/Area,0.0538195520835486,Large Office Bldg Occ,Large Office Activity,0.3,,3.82e-08,true,189.1-2009 - Office - WholeBuilding - Lg Office - CZ4-8 Ventilation,Sum,0.009439,0,0,0,,{80d64f7b-5575-4553-bad4-81afd71534d6}
n-hall-4,terminal_hall,hall,CLASSIFIED,nhall4,660.83358,970.189119,35.565767,0.05382,18.580608,true,,189.1-2009 - Office - WholeBuilding - Lg Office - CZ4-8,SOURCE_METADATA_DEFAULTED,,building_default_space_type,189.1-2009 - Office - WholeBuilding - Lg Office - CZ4-8,189.1-2009 - Office - WholeBuilding - Lg Office - CZ4-8 People Definition,People/Area,0.0538195520835486,Large Office Bldg Occ,Large Office Activity,0.3,,3.82e-08,true,189.1-2009 - Office - WholeBuilding - Lg Office - CZ4-8 Ventilation,Sum,0.009439,0,0,0,,{b27d4f0b-83ce-4883-b486-0ddb6f33992b}
n-hall-5,terminal_hall,hall,CLASSIFIED,nhall5,1313.96642,1873.110371,70.717084,0.05382,18.580608,true,,189.1-2009 - Office - WholeBuilding - Lg Office - CZ4-8,SOURCE_METADATA_DEFAULTED,,building_default_space_type,189.1-2009 - Office - WholeBuilding - Lg Office - CZ4-8,189.1-2009 - Office - WholeBuilding - Lg Office - CZ4-8 People Definition,People/Area,0.0538195520835486,Large Office Bldg Occ,Large Office Activity,0.3,,3.82e-08,true,189.1-2009 - Office - WholeBuilding - Lg Office - CZ4-8 Ventilation,Sum,0.009439,0,0,0,,{72a397a1-9cc0-45bf-8b4d-726c69b0ceb0}
n-hall-6,terminal_hall,hall,CLASSIFIED,nhall6,552.728015,1070.872248,29.747574,0.05382,18.580608,true,,189.1-2009 - Office - WholeBuilding - Lg Office - CZ4-8,SOURCE_METADATA_DEFAULTED,,building_default_space_type,189.1-2009 - Office - WholeBuilding - Lg Office - CZ4-8,189.1-2009 - Office - WholeBuilding - Lg Office - CZ4-8 People Definition,People/Area,0.0538195520835486,Large Office Bldg Occ,Large Office Activity,0.3,,3.82e-08,true,189.1-2009 - Office - WholeBuilding - Lg Office - CZ4-8 Ventilation,Sum,0.009439,0,0,0,,{02df0a99-d72f-4046-a293-fafa9f6eb6b7}
n-hall-7,terminal_hall,hall,CLASSIFIED,nhall7,175,225,9.418422,0.05382,18.580608,true,,189.1-2009 - Office - WholeBuilding - Lg Office - CZ4-8,SOURCE_METADATA_DEFAULTED,,building_default_space_type,189.1-2009 - Office - WholeBuilding - Lg Office - CZ4-8,189.1-2009 - Office - WholeBuilding - Lg Office - CZ4-8 People Definition,People/Area,0.0538195520835486,Large Office Bldg Occ,Large Office Activity,0.3,,3.82e-08,true,189.1-2009 - Office - WholeBuilding - Lg Office - CZ4-8 Ventilation,Sum,0.009439,0,0,0,,{8cef8d9b-688a-4c5b-9163-30a9c7564c94}
n-hall-8,terminal_hall,hall,CLASSIFIED,nhall8,691.998266,1249.006099,37.243037,0.05382,18.580608,true,,189.1-2009 - Office - WholeBuilding - Lg Office - CZ4-8,SOURCE_METADATA_DEFAULTED,,building_default_space_type,189.1-2009 - Office - WholeBuilding - Lg Office - CZ4-8,189.1-2009 - Office - WholeBuilding - Lg Office - CZ4-8 People Definition,People/Area,0.0538195520835486,Large Office Bldg Occ,Large Office Activity,0.3,,3.82e-08,true,189.1-2009 - Office - WholeBuilding - Lg Office - CZ4-8 Ventilation,Sum,0.009439,0,0,0,,{9c55bc7e-ac58-4ca9-854f-1def72c1fbad}
n-hall-9,terminal_hall,hall,CLASSIFIED,nhall9,1367.067145,1927.562865,73.574941,0.05382,18.580608,true,,189.1-2009 - Office - WholeBuilding - Lg Office - CZ4-8,SOURCE_METADATA_DEFAULTED,,building_default_space_type,189.1-2009 - Office - WholeBuilding - Lg Office - CZ4-8,189.1-2009 - Office - WholeBuilding - Lg Office - CZ4-8 People Definition,People/Area,0.0538195520835486,Large Office Bldg Occ,Large Office Activity,0.3,,3.82e-08,true,189.1-2009 - Office - WholeBuilding - Lg Office - CZ4-8 Ventilation,Sum,0.009439,0,0,0,,{3207c78a-de26-4e6e-b5a2-be95effca73c}
n-office-1,office,office,CLASSIFIED,noffice1,219.762,219.762,11.236118,0.051129,19.558535,false,189.1-2009 - Office - ClosedOffice - CZ4-8 1,189.1-2009 - Office - ClosedOffice - CZ4-8 1,SOURCE_METADATA_CONSISTENT,,space_type,189.1-2009 - Office - ClosedOffice - CZ4-8 1,189.1-2009 - Office - ClosedOffice - CZ4-8 People Definition,People/Area,0.0511285744793712,Office Work Occ,Office Activity,0.3,,3.82e-08,true,189.1-2009 - Office - ClosedOffice - CZ4-8 Ventilation,Sum,0.009439,0,0,0,,{d6bddae5-20fc-4c92-ba97-14d5efa3c5cf}
n-office-2,office,office,CLASSIFIED,noffice2,219.762,219.762,11.236118,0.051129,19.558535,false,189.1-2009 - Office - ClosedOffice - CZ4-8 1,189.1-2009 - Office - ClosedOffice - CZ4-8 1,SOURCE_METADATA_CONSISTENT,,space_type,189.1-2009 - Office - ClosedOffice - CZ4-8 1,189.1-2009 - Office - ClosedOffice - CZ4-8 People Definition,People/Area,0.0511285744793712,Office Work Occ,Office Activity,0.3,,3.82e-08,true,189.1-2009 - Office - ClosedOffice - CZ4-8 Ventilation,Sum,0.009439,0,0,0,,{9683ddab-6111-4b7f-84b2-29271f1403fc}
n-office-3,office,office,CLASSIFIED,noffice3,100.2,100.2,5.123083,0.051129,19.558535,false,189.1-2009 - Office - ClosedOffice - CZ4-8 1,189.1-2009 - Office - ClosedOffice - CZ4-8 1,SOURCE_METADATA_CONSISTENT,,space_type,189.1-2009 - Office - ClosedOffice - CZ4-8 1,189.1-2009 - Office - ClosedOffice - CZ4-8 People Definition,People/Area,0.0511285744793712,Office Work Occ,Office Activity,0.3,,3.82e-08,true,189.1-2009 - Office - ClosedOffice - CZ4-8 Ventilation,Sum,0.009439,0,0,0,,{63de55ad-611a-4e9e-afdb-0982ef68fbfa}
n-office-4,office,office,CLASSIFIED,noffice4,100.2,100.2,5.123083,0.051129,19.558535,false,189.1-2009 - Office - ClosedOffice - CZ4-8 1,189.1-2009 - Office - ClosedOffice - CZ4-8 1,SOURCE_METADATA_CONSISTENT,,space_type,189.1-2009 - Office - ClosedOffice - CZ4-8 1,189.1-2009 - Office - ClosedOffice - CZ4-8 People Definition,People/Area,0.0511285744793712,Office Work Occ,Office Activity,0.3,,3.82e-08,true,189.1-2009 - Office - ClosedOffice - CZ4-8 Ventilation,Sum,0.009439,0,0,0,,{1fde5f6c-4c55-44dd-a616-bd5af2fe911a}
n-office-5,office,office,CLASSIFIED,noffice5,270,420,13.804715,0.051129,19.558535,false,189.1-2009 - Office - ClosedOffice - CZ4-8 1,189.1-2009 - Office - ClosedOffice - CZ4-8 1,SOURCE_METADATA_CONSISTENT,,space_type,189.1-2009 - Office - ClosedOffice - CZ4-8 1,189.1-2009 - Office - ClosedOffice - CZ4-8 People Definition,People/Area,0.0511285744793712,Office Work Occ,Office Activity,0.3,,3.82e-08,true,189.1-2009 - Office - ClosedOffice - CZ4-8 Ventilation,Sum,0.009439,0,0,0,,{66a7fe56-04a5-4a73-9879-65757faf2301}
n-office-6,office,office,CLASSIFIED,noffice6,236.183872,367.397134,12.075745,0.051129,19.558535,false,189.1-2009 - Office - ClosedOffice - CZ4-8 1,189.1-2009 - Office - ClosedOffice - CZ4-8 1,SOURCE_METADATA_CONSISTENT,,space_type,189.1-2009 - Office - ClosedOffice - CZ4-8 1,189.1-2009 - Office - ClosedOffice - CZ4-8 People Definition,People/Area,0.0511285744793712,Office Work Occ,Office Activity,0.3,,3.82e-08,true,189.1-2009 - Office - ClosedOffice - CZ4-8 Ventilation,Sum,0.009439,0,0,0,,{f1bbbe91-655b-4d6c-ac48-3d38be0388db}
n-restroom-1,restroom,restroom,CLASSIFIED,nrestroom1,299.367,299.367,32.223596,0.107639,9.290304,false,189.1-2009 - Office - Restroom - CZ4-8,189.1-2009 - Office - Restroom - CZ4-8,SOURCE_METADATA_CONSISTENT,,space_type,189.1-2009 - Office - Restroom - CZ4-8,189.1-2009 - Office - Restroom - CZ4-8 People Definition,People/Area,0.107639104167097,Office Misc Occ,Office Activity,0.3,,3.82e-08,true,189.1-2009 - Office - Restroom - CZ4-8 Ventilation,Sum,0,0.004877,0,0,,{863a7811-4668-45ce-9091-6bd146b5792c}
n-restroom-2,restroom,restroom,CLASSIFIED,nrestroom2,299.367,299.367,32.223596,0.107639,9.290304,false,189.1-2009 - Office - Restroom - CZ4-8,189.1-2009 - Office - Restroom - CZ4-8,SOURCE_METADATA_CONSISTENT,,space_type,189.1-2009 - Office - Restroom - CZ4-8,189.1-2009 - Office - Restroom - CZ4-8 People Definition,People/Area,0.107639104167097,Office Misc Occ,Office Activity,0.3,,3.82e-08,true,189.1-2009 - Office - Restroom - CZ4-8 Ventilation,Sum,0,0.004877,0,0,,{a007ddf7-2e71-4a4a-ac0f-393b667bdc6b}
n-restroom-3,restroom,restroom,CLASSIFIED,nrestroom3,158.188348,246.070763,17.027252,0.107639,9.290304,false,189.1-2009 - Office - Restroom - CZ4-8,189.1-2009 - Office - Restroom - CZ4-8,SOURCE_METADATA_CONSISTENT,,space_type,189.1-2009 - Office - Restroom - CZ4-8,189.1-2009 - Office - Restroom - CZ4-8 People Definition,People/Area,0.107639104167097,Office Misc Occ,Office Activity,0.3,,3.82e-08,true,189.1-2009 - Office - Restroom - CZ4-8 Ventilation,Sum,0,0.004877,0,0,,{1a42c202-c81c-426f-a56d-45c8682496a8}
n-restroom-4,restroom,restroom,CLASSIFIED,nrestroom4,190.901499,296.957888,20.548466,0.107639,9.290304,false,189.1-2009 - Office - Restroom - CZ4-8,189.1-2009 - Office - Restroom - CZ4-8,SOURCE_METADATA_CONSISTENT,,space_type,189.1-2009 - Office - Restroom - CZ4-8,189.1-2009 - Office - Restroom - CZ4-8 People Definition,People/Area,0.107639104167097,Office Misc Occ,Office Activity,0.3,,3.82e-08,true,189.1-2009 - Office - Restroom - CZ4-8 Ventilation,Sum,0,0.004877,0,0,,{54e6d4b2-9951-4d63-917f-ef54cf449d8e}
x-b-breakroom-1,breakroom,breakroom,CLASSIFIED,xbbreakroom1,92.728009,92.728009,4.99058,0.05382,18.580608,true,,189.1-2009 - Office - WholeBuilding - Lg Office - CZ4-8,SOURCE_METADATA_DEFAULTED,,building_default_space_type,189.1-2009 - Office - WholeBuilding - Lg Office - CZ4-8,189.1-2009 - Office - WholeBuilding - Lg Office - CZ4-8 People Definition,People/Area,0.0538195520835486,Large Office Bldg Occ,Large Office Activity,0.3,,3.82e-08,true,189.1-2009 - Office - WholeBuilding - Lg Office - CZ4-8 Ventilation,Sum,0.009439,0,0,0,,{e3c34c12-21bb-4f23-9d80-be05220fb6f5}
x-b-breakroom-2,breakroom,breakroom,CLASSIFIED,xbbreakroom2,130.757686,161.912127,7.03732,0.05382,18.580608,true,,189.1-2009 - Office - WholeBuilding - Lg Office - CZ4-8,SOURCE_METADATA_DEFAULTED,,building_default_space_type,189.1-2009 - Office - WholeBuilding - Lg Office - CZ4-8,189.1-2009 - Office - WholeBuilding - Lg Office - CZ4-8 People Definition,People/Area,0.0538195520835486,Large Office Bldg Occ,Large Office Activity,0.3,,3.82e-08,true,189.1-2009 - Office - WholeBuilding - Lg Office - CZ4-8 Ventilation,Sum,0.009439,0,0,0,,{1086b934-4d5e-4089-8804-1c15d3069ac1}
x-b-commerce-1,commerce_retail,commerce,CLASSIFIED,xbcommerce1,162.321429,237.321429,26.2082,0.161459,6.193536,false,Retail Retail,Retail Retail,SOURCE_METADATA_CONSISTENT,,space_type,Retail Retail,Retail Retail People Definition,People/Area,0.161458656250646,RetailStandalone BLDG_OCC_SCH,RetailStandalone ACTIVITY_SCH,0.3,,3.82e-08,true,Retail Retail Ventilation,Sum,0,0.001524,0,0,,{4d65aa5c-a3e1-4c12-8b44-e71a2c902897}
x-b-commerce-2,commerce_retail,commerce,CLASSIFIED,xbcommerce2,114.107143,189.107143,18.423586,0.161459,6.193536,false,Retail Retail,Retail Retail,SOURCE_METADATA_CONSISTENT,,space_type,Retail Retail,Retail Retail People Definition,People/Area,0.161458656250646,RetailStandalone BLDG_OCC_SCH,RetailStandalone ACTIVITY_SCH,0.3,,3.82e-08,true,Retail Retail Ventilation,Sum,0,0.001524,0,0,,{ec137d2e-f9d1-438f-ace6-a87ff4537931}
x-b-commerce-3,commerce_retail,commerce,CLASSIFIED,xbcommerce3,159.445,159.445,25.743775,0.161459,6.193536,false,Retail Retail,Retail Retail,SOURCE_METADATA_CONSISTENT,,space_type,Retail Retail,Retail Retail People Definition,People/Area,0.161458656250646,RetailStandalone BLDG_OCC_SCH,RetailStandalone ACTIVITY_SCH,0.3,,3.82e-08,true,Retail Retail Ventilation,Sum,0,0.001524,0,0,,{e98e7a2e-c900-499a-a9cd-d19693593bd5}
x-b-commerce-4,commerce_retail,commerce,CLASSIFIED,xbcommerce4,159.445,159.445,25.743775,0.161459,6.193536,false,Retail Retail,Retail Retail,SOURCE_METADATA_CONSISTENT,,space_type,Retail Retail,Retail Retail People Definition,People/Area,0.161458656250646,RetailStandalone BLDG_OCC_SCH,RetailStandalone ACTIVITY_SCH,0.3,,3.82e-08,true,Retail Retail Ventilation,Sum,0,0.001524,0,0,,{5ba0413f-cd6d-4e36-9d1d-9112c1ec3a81}
x-b-commerce-5,commerce_retail,commerce,CLASSIFIED,xbcommerce5,150,150,24.218798,0.161459,6.193536,false,Retail Retail,Retail Retail,SOURCE_METADATA_CONSISTENT,,space_type,Retail Retail,Retail Retail People Definition,People/Area,0.161458656250646,RetailStandalone BLDG_OCC_SCH,RetailStandalone ACTIVITY_SCH,0.3,,3.82e-08,true,Retail Retail Ventilation,Sum,0,0.001524,0,0,,{36400b70-762f-4ca2-988c-3c1d3734bc2c}
x-b-dining-1,dining,dining,CLASSIFIED,xbdining1,27.239078,27.239078,2.93199,0.107639,9.290304,false,Office Dining,Office Dining,SOURCE_METADATA_CONSISTENT,,space_type,Office Dining,Office Dining People Definition,People/Area,0.107639104167097,OfficeLarge BLDG_OCC_SCH,OfficeMedium ACTIVITY_SCH,0.3,,3.82e-08,true,Office Dining Ventilation,Sum,0.007079,0,0,0,,{be35155c-9320-4bb8-9f08-6e0fc0740e4c}
x-b-dining-2,dining,dining,CLASSIFIED,xbdining2,50,50,5.381955,0.107639,9.290304,false,Office Dining,Office Dining,SOURCE_METADATA_CONSISTENT,,space_type,Office Dining,Office Dining People Definition,People/Area,0.107639104167097,OfficeLarge BLDG_OCC_SCH,OfficeMedium ACTIVITY_SCH,0.3,,3.82e-08,true,Office Dining Ventilation,Sum,0.007079,0,0,0,,{40327464-c2fb-4db4-a059-95cf5d946fa8}
x-b-dining-3,dining,dining,CLASSIFIED,xbdining3,100,100,10.76391,0.107639,9.290304,false,Office Dining,Office Dining,SOURCE_METADATA_CONSISTENT,,space_type,Office Dining,Office Dining People Definition,People/Area,0.107639104167097,OfficeLarge BLDG_OCC_SCH,OfficeMedium ACTIVITY_SCH,0.3,,3.82e-08,true,Office Dining Ventilation,Sum,0.007079,0,0,0,,{77a85ec9-555d-442b-a2f6-0fd6a2c4dc03}
x-b-dining-4,dining,dining,CLASSIFIED,xbdining4,163.528387,163.528387,17.602049,0.107639,9.290304,false,Office Dining,Office Dining,SOURCE_METADATA_CONSISTENT,,space_type,Office Dining,Office Dining People Definition,People/Area,0.107639104167097,OfficeLarge BLDG_OCC_SCH,OfficeMedium ACTIVITY_SCH,0.3,,3.82e-08,true,Office Dining Ventilation,Sum,0.007079,0,0,0,,{b268dc85-59ce-4763-81c8-43b4d4836638}
x-b-hall-1,terminal_hall,hall,CLASSIFIED,xbhall1,1437.613015,1687.954019,77.371689,0.05382,18.580608,true,,189.1-2009 - Office - WholeBuilding - Lg Office - CZ4-8,SOURCE_METADATA_DEFAULTED,,building_default_space_type,189.1-2009 - Office - WholeBuilding - Lg Office - CZ4-8,189.1-2009 - Office - WholeBuilding - Lg Office - CZ4-8 People Definition,People/Area,0.0538195520835486,Large Office Bldg Occ,Large Office Activity,0.3,,3.82e-08,true,189.1-2009 - Office - WholeBuilding - Lg Office - CZ4-8 Ventilation,Sum,0.009439,0,0,0,,{0be860a2-c61f-4261-bc2b-200f6cd46912}
x-b-hall-10,terminal_hall,hall,CLASSIFIED,xbhall10,175,225,9.418422,0.05382,18.580608,true,,189.1-2009 - Office - WholeBuilding - Lg Office - CZ4-8,SOURCE_METADATA_DEFAULTED,,building_default_space_type,189.1-2009 - Office - WholeBuilding - Lg Office - CZ4-8,189.1-2009 - Office - WholeBuilding - Lg Office - CZ4-8 People Definition,People/Area,0.0538195520835486,Large Office Bldg Occ,Large Office Activity,0.3,,3.82e-08,true,189.1-2009 - Office - WholeBuilding - Lg Office - CZ4-8 Ventilation,Sum,0.009439,0,0,0,,{ef6ba7df-af8c-4e0d-81dd-5cb7f8b6ddf1}
x-b-hall-11,terminal_hall,hall,CLASSIFIED,xbhall11,850,1150,45.746619,0.05382,18.580608,true,,189.1-2009 - Office - WholeBuilding - Lg Office - CZ4-8,SOURCE_METADATA_DEFAULTED,,building_default_space_type,189.1-2009 - Office - WholeBuilding - Lg Office - CZ4-8,189.1-2009 - Office - WholeBuilding - Lg Office - CZ4-8 People Definition,People/Area,0.0538195520835486,Large Office Bldg Occ,Large Office Activity,0.3,,3.82e-08,true,189.1-2009 - Office - WholeBuilding - Lg Office - CZ4-8 Ventilation,Sum,0.009439,0,0,0,,{cbdca91b-0473-4ecf-af67-7f9ea22d5d42}
x-b-hall-12,terminal_hall,hall,CLASSIFIED,xbhall12,950.673862,1434.771157,51.164841,0.05382,18.580608,true,,189.1-2009 - Office - WholeBuilding - Lg Office - CZ4-8,SOURCE_METADATA_DEFAULTED,,building_default_space_type,189.1-2009 - Office - WholeBuilding - Lg Office - CZ4-8,189.1-2009 - Office - WholeBuilding - Lg Office - CZ4-8 People Definition,People/Area,0.0538195520835486,Large Office Bldg Occ,Large Office Activity,0.3,,3.82e-08,true,189.1-2009 - Office - WholeBuilding - Lg Office - CZ4-8 Ventilation,Sum,0.009439,0,0,0,,{610dde3e-69db-4839-b42a-2e926715e0b7}
x-b-hall-13,terminal_hall,hall,CLASSIFIED,xbhall13,578.219228,962.621422,31.1195,0.05382,18.580608,true,,189.1-2009 - Office - WholeBuilding - Lg Office - CZ4-8,SOURCE_METADATA_DEFAULTED,,building_default_space_type,189.1-2009 - Office - WholeBuilding - Lg Office - CZ4-8,189.1-2009 - Office - WholeBuilding - Lg Office - CZ4-8 People Definition,People/Area,0.0538195520835486,Large Office Bldg Occ,Large Office Activity,0.3,,3.82e-08,true,189.1-2009 - Office - WholeBuilding - Lg Office - CZ4-8 Ventilation,Sum,0.009439,0,0,0,,{7a333031-2edb-4194-afbb-9ade25d4e94b}
x-b-hall-14,terminal_hall,hall,CLASSIFIED,xbhall14,676.299042,781.488103,36.398112,0.05382,18.580608,true,,189.1-2009 - Office - WholeBuilding - Lg Office - CZ4-8,SOURCE_METADATA_DEFAULTED,,building_default_space_type,189.1-2009 - Office - WholeBuilding - Lg Office - CZ4-8,189.1-2009 - Office - WholeBuilding - Lg Office - CZ4-8 People Definition,People/Area,0.0538195520835486,Large Office Bldg Occ,Large Office Activity,0.3,,3.82e-08,true,189.1-2009 - Office - WholeBuilding - Lg Office - CZ4-8 Ventilation,Sum,0.009439,0,0,0,,{d762c862-5177-4fc4-9de3-d14e2ad25e6e}
x-b-hall-15,terminal_hall,hall,CLASSIFIED,xbhall15,763.227035,1076.134051,41.076537,0.05382,18.580608,true,,189.1-2009 - Office - WholeBuilding - Lg Office - CZ4-8,SOURCE_METADATA_DEFAULTED,,building_default_space_type,189.1-2009 - Office - WholeBuilding - Lg Office - CZ4-8,189.1-2009 - Office - WholeBuilding - Lg Office - CZ4-8 People Definition,People/Area,0.0538195520835486,Large Office Bldg Occ,Large Office Activity,0.3,,3.82e-08,true,189.1-2009 - Office - WholeBuilding - Lg Office - CZ4-8 Ventilation,Sum,0.009439,0,0,0,,{efe78430-5e63-4088-a11c-613894610247}
x-b-hall-16,terminal_hall,hall,CLASSIFIED,xbhall16,634.41644,940.800136,34.144009,0.05382,18.580608,true,,189.1-2009 - Office - WholeBuilding - Lg Office - CZ4-8,SOURCE_METADATA_DEFAULTED,,building_default_space_type,189.1-2009 - Office - WholeBuilding - Lg Office - CZ4-8,189.1-2009 - Office - WholeBuilding - Lg Office - CZ4-8 People Definition,People/Area,0.0538195520835486,Large Office Bldg Occ,Large Office Activity,0.3,,3.82e-08,true,189.1-2009 - Office - WholeBuilding - Lg Office - CZ4-8 Ventilation,Sum,0.009439,0,0,0,,{8d746258-21d9-419c-81a6-e5ea2b4b9a18}
x-b-hall-17,terminal_hall,hall,CLASSIFIED,xbhall17,827.265503,1019.718063,44.523059,0.05382,18.580608,true,,189.1-2009 - Office - WholeBuilding - Lg Office - CZ4-8,SOURCE_METADATA_DEFAULTED,,building_default_space_type,189.1-2009 - Office - WholeBuilding - Lg Office - CZ4-8,189.1-2009 - Office - WholeBuilding - Lg Office - CZ4-8 People Definition,People/Area,0.0538195520835486,Large Office Bldg Occ,Large Office Activity,0.3,,3.82e-08,true,189.1-2009 - Office - WholeBuilding - Lg Office - CZ4-8 Ventilation,Sum,0.009439,0,0,0,,{1d326373-5bd6-4831-81c0-644878f5bfd9}
x-b-hall-18,terminal_hall,hall,CLASSIFIED,xbhall18,585.123686,867.527824,31.491095,0.05382,18.580608,true,,189.1-2009 - Office - WholeBuilding - Lg Office - CZ4-8,SOURCE_METADATA_DEFAULTED,,building_default_space_type,189.1-2009 - Office - WholeBuilding - Lg Office - CZ4-8,189.1-2009 - Office - WholeBuilding - Lg Office - CZ4-8 People Definition,People/Area,0.0538195520835486,Large Office Bldg Occ,Large Office Activity,0.3,,3.82e-08,true,189.1-2009 - Office - WholeBuilding - Lg Office - CZ4-8 Ventilation,Sum,0.009439,0,0,0,,{2ad7e005-e844-4136-aa06-35f7dc731c7f}
x-b-hall-2,terminal_hall,hall,CLASSIFIED,xbhall2,1117.062129,1443.594548,60.119783,0.05382,18.580608,true,,189.1-2009 - Office - WholeBuilding - Lg Office - CZ4-8,SOURCE_METADATA_DEFAULTED,,building_default_space_type,189.1-2009 - Office - WholeBuilding - Lg Office - CZ4-8,189.1-2009 - Office - WholeBuilding - Lg Office - CZ4-8 People Definition,People/Area,0.0538195520835486,Large Office Bldg Occ,Large Office Activity,0.3,,3.82e-08,true,189.1-2009 - Office - WholeBuilding - Lg Office - CZ4-8 Ventilation,Sum,0.009439,0,0,0,,{6bbfdaa9-23ed-4e22-a09e-3975475396bf}
x-b-hall-3,terminal_hall,hall,CLASSIFIED,xbhall3,779.62798,1114.583136,41.959229,0.05382,18.580608,true,,189.1-2009 - Office - WholeBuilding - Lg Office - CZ4-8,SOURCE_METADATA_DEFAULTED,,building_default_space_type,189.1-2009 - Office - WholeBuilding - Lg Office - CZ4-8,189.1-2009 - Office - WholeBuilding - Lg Office - CZ4-8 People Definition,People/Area,0.0538195520835486,Large Office Bldg Occ,Large Office Activity,0.3,,3.82e-08,true,189.1-2009 - Office - WholeBuilding - Lg Office - CZ4-8 Ventilation,Sum,0.009439,0,0,0,,{8a25c93a-50af-4679-ac0b-f896ad11e8f7}
x-b-hall-4,terminal_hall,hall,CLASSIFIED,xbhall4,482.060393,723.848356,25.944274,0.05382,18.580608,true,,189.1-2009 - Office - WholeBuilding - Lg Office - CZ4-8,SOURCE_METADATA_DEFAULTED,,building_default_space_type,189.1-2009 - Office - WholeBuilding - Lg Office - CZ4-8,189.1-2009 - Office - WholeBuilding - Lg Office - CZ4-8 People Definition,People/Area,0.0538195520835486,Large Office Bldg Occ,Large Office Activity,0.3,,3.82e-08,true,189.1-2009 - Office - WholeBuilding - Lg Office - CZ4-8 Ventilation,Sum,0.009439,0,0,0,,{8af64b43-e651-4fed-a65d-ae1630f325bf}
x-b-hall-5,terminal_hall,hall,CLASSIFIED,xbhall5,465.206147,521.914581,25.037186,0.05382,18.580608,true,,189.1-2009 - Office - WholeBuilding - Lg Office - CZ4-8,SOURCE_METADATA_DEFAULTED,,building_default_space_type,189.1-2009 - Office - WholeBuilding - Lg Office - CZ4-8,189.1-2009 - Office - WholeBuilding - Lg Office - CZ4-8 People Definition,People/Area,0.0538195520835486,Large Office Bldg Occ,Large Office Activity,0.3,,3.82e-08,true,189.1-2009 - Office - WholeBuilding - Lg Office - CZ4-8 Ventilation,Sum,0.009439,0,0,0,,{ed92394c-ad34-4de4-87fa-8f5df856bb1f}
x-b-hall-6,terminal_hall,hall,CLASSIFIED,xbhall6,370.590307,560.881706,19.945004,0.05382,18.580608,true,,189.1-2009 - Office - WholeBuilding - Lg Office - CZ4-8,SOURCE_METADATA_DEFAULTED,,building_default_space_type,189.1-2009 - Office - WholeBuilding - Lg Office - CZ4-8,189.1-2009 - Office - WholeBuilding - Lg Office - CZ4-8 People Definition,People/Area,0.0538195520835486,Large Office Bldg Occ,Large Office Activity,0.3,,3.82e-08,true,189.1-2009 - Office - WholeBuilding - Lg Office - CZ4-8 Ventilation,Sum,0.009439,0,0,0,,{686afad6-fdd0-44a8-9ca1-5b96b85d2f72}
x-b-hall-7,terminal_hall,hall,CLASSIFIED,xbhall7,751.797993,1109.900407,40.461431,0.05382,18.580608,true,,189.1-2009 - Office - WholeBuilding - Lg Office - CZ4-8,SOURCE_METADATA_DEFAULTED,,building_default_space_type,189.1-2009 - Office - WholeBuilding - Lg Office - CZ4-8,189.1-2009 - Office - WholeBuilding - Lg Office - CZ4-8 People Definition,People/Area,0.0538195520835486,Large Office Bldg Occ,Large Office Activity,0.3,,3.82e-08,true,189.1-2009 - Office - WholeBuilding - Lg Office - CZ4-8 Ventilation,Sum,0.009439,0,0,0,,{9000d222-3765-41e0-aafe-311e34f09e98}
x-b-hall-8,terminal_hall,hall,CLASSIFIED,xbhall8,691.871453,1011.97713,37.236212,0.05382,18.580608,true,,189.1-2009 - Office - WholeBuilding - Lg Office - CZ4-8,SOURCE_METADATA_DEFAULTED,,building_default_space_type,189.1-2009 - Office - WholeBuilding - Lg Office - CZ4-8,189.1-2009 - Office - WholeBuilding - Lg Office - CZ4-8 People Definition,People/Area,0.0538195520835486,Large Office Bldg Occ,Large Office Activity,0.3,,3.82e-08,true,189.1-2009 - Office - WholeBuilding - Lg Office - CZ4-8 Ventilation,Sum,0.009439,0,0,0,,{585127dd-59c0-413f-84fe-dd83ce9f6402}
x-b-hall-9,terminal_hall,hall,CLASSIFIED,xbhall9,850,1150,45.746619,0.05382,18.580608,true,,189.1-2009 - Office - WholeBuilding - Lg Office - CZ4-8,SOURCE_METADATA_DEFAULTED,,building_default_space_type,189.1-2009 - Office - WholeBuilding - Lg Office - CZ4-8,189.1-2009 - Office - WholeBuilding - Lg Office - CZ4-8 People Definition,People/Area,0.0538195520835486,Large Office Bldg Occ,Large Office Activity,0.3,,3.82e-08,true,189.1-2009 - Office - WholeBuilding - Lg Office - CZ4-8 Ventilation,Sum,0.009439,0,0,0,,{9be9c6cd-10c0-4c3e-ade9-3fdc615e6fba}
x-b-office-1,office,office,CLASSIFIED,xboffice1,99.8148,99.8148,5.103388,0.051129,19.558535,false,189.1-2009 - Office - ClosedOffice - CZ4-8 1,189.1-2009 - Office - ClosedOffice - CZ4-8 1,SOURCE_METADATA_CONSISTENT,,space_type,189.1-2009 - Office - ClosedOffice - CZ4-8 1,189.1-2009 - Office - ClosedOffice - CZ4-8 People Definition,People/Area,0.0511285744793712,Office Work Occ,Office Activity,0.3,,3.82e-08,true,189.1-2009 - Office - ClosedOffice - CZ4-8 Ventilation,Sum,0.009439,0,0,0,,{ab027a90-998b-4ad7-b430-5e34a8ce69c5}
x-b-office-10,office,office,CLASSIFIED,xboffice10,88.8937,88.8937,4.545008,0.051129,19.558535,false,189.1-2009 - Office - ClosedOffice - CZ4-8 1,189.1-2009 - Office - ClosedOffice - CZ4-8 1,SOURCE_METADATA_CONSISTENT,,space_type,189.1-2009 - Office - ClosedOffice - CZ4-8 1,189.1-2009 - Office - ClosedOffice - CZ4-8 People Definition,People/Area,0.0511285744793712,Office Work Occ,Office Activity,0.3,,3.82e-08,true,189.1-2009 - Office - ClosedOffice - CZ4-8 Ventilation,Sum,0.009439,0,0,0,,{ca8e5b07-ee42-4a96-a303-8174fe54733a}
x-b-office-11,office,office,CLASSIFIED,xboffice11,92.728009,92.728009,4.741051,0.051129,19.558535,false,189.1-2009 - Office - ClosedOffice - CZ4-8 1,189.1-2009 - Office - ClosedOffice - CZ4-8 1,SOURCE_METADATA_CONSISTENT,,space_type,189.1-2009 - Office - ClosedOffice - CZ4-8 1,189.1-2009 - Office - ClosedOffice - CZ4-8 People Definition,People/Area,0.0511285744793712,Office Work Occ,Office Activity,0.3,,3.82e-08,true,189.1-2009 - Office - ClosedOffice - CZ4-8 Ventilation,Sum,0.009439,0,0,0,,{e2ce53c5-14b7-4979-8a81-d10243fa8dbc}
x-b-office-12,office,office,CLASSIFIED,xboffice12,111.0907,111.0907,5.679909,0.051129,19.558535,false,189.1-2009 - Office - ClosedOffice - CZ4-8 1,189.1-2009 - Office - ClosedOffice - CZ4-8 1,SOURCE_METADATA_CONSISTENT,,space_type,189.1-2009 - Office - ClosedOffice - CZ4-8 1,189.1-2009 - Office - ClosedOffice - CZ4-8 People Definition,People/Area,0.0511285744793712,Office Work Occ,Office Activity,0.3,,3.82e-08,true,189.1-2009 - Office - ClosedOffice - CZ4-8 Ventilation,Sum,0.009439,0,0,0,,{8a29cc79-2dc5-4961-8743-1c75bf54dad4}
x-b-office-13,office,office,CLASSIFIED,xboffice13,111.0907,111.0907,5.679909,0.051129,19.558535,false,189.1-2009 - Office - ClosedOffice - CZ4-8 1,189.1-2009 - Office - ClosedOffice - CZ4-8 1,SOURCE_METADATA_CONSISTENT,,space_type,189.1-2009 - Office - ClosedOffice - CZ4-8 1,189.1-2009 - Office - ClosedOffice - CZ4-8 People Definition,People/Area,0.0511285744793712,Office Work Occ,Office Activity,0.3,,3.82e-08,true,189.1-2009 - Office - ClosedOffice - CZ4-8 Ventilation,Sum,0.009439,0,0,0,,{4c35477b-80bf-45ae-9dbb-b86f5e8956d1}
x-b-office-14,office,office,CLASSIFIED,xboffice14,111.0907,111.0907,5.679909,0.051129,19.558535,false,189.1-2009 - Office - ClosedOffice - CZ4-8 1,189.1-2009 - Office - ClosedOffice - CZ4-8 1,SOURCE_METADATA_CONSISTENT,,space_type,189.1-2009 - Office - ClosedOffice - CZ4-8 1,189.1-2009 - Office - ClosedOffice - CZ4-8 People Definition,People/Area,0.0511285744793712,Office Work Occ,Office Activity,0.3,,3.82e-08,true,189.1-2009 - Office - ClosedOffice - CZ4-8 Ventilation,Sum,0.009439,0,0,0,,{eb9ba31e-b3e0-449a-8c98-7ebdba81c47e}
x-b-office-15,office,office,CLASSIFIED,xboffice15,95.612044,95.612044,4.888507,0.051129,19.558535,false,189.1-2009 - Office - ClosedOffice - CZ4-8 1,189.1-2009 - Office - ClosedOffice - CZ4-8 1,SOURCE_METADATA_CONSISTENT,,space_type,189.1-2009 - Office - ClosedOffice - CZ4-8 1,189.1-2009 - Office - ClosedOffice - CZ4-8 People Definition,People/Area,0.0511285744793712,Office Work Occ,Office Activity,0.3,,3.82e-08,true,189.1-2009 - Office - ClosedOffice - CZ4-8 Ventilation,Sum,0.009439,0,0,0,,{9bee539e-50a9-441d-82e3-3ca063a23871}
x-b-office-16,office,office,CLASSIFIED,xboffice16,95.612044,95.612044,4.888507,0.051129,19.558535,false,189.1-2009 - Office - ClosedOffice - CZ4-8 1,189.1-2009 - Office - ClosedOffice - CZ4-8 1,SOURCE_METADATA_CONSISTENT,,space_type,189.1-2009 - Office - ClosedOffice - CZ4-8 1,189.1-2009 - Office - ClosedOffice - CZ4-8 People Definition,People/Area,0.0511285744793712,Office Work Occ,Office Activity,0.3,,3.82e-08,true,189.1-2009 - Office - ClosedOffice - CZ4-8 Ventilation,Sum,0.009439,0,0,0,,{0a30feca-6ed6-4d00-ade9-3a0aa1911e64}
x-b-office-17,office,office,CLASSIFIED,xboffice17,109.768763,148.120069,5.61232,0.051129,19.558535,false,189.1-2009 - Office - ClosedOffice - CZ4-8 1,189.1-2009 - Office - ClosedOffice - CZ4-8 1,SOURCE_METADATA_CONSISTENT,,space_type,189.1-2009 - Office - ClosedOffice - CZ4-8 1,189.1-2009 - Office - ClosedOffice - CZ4-8 People Definition,People/Area,0.0511285744793712,Office Work Occ,Office Activity,0.3,,3.82e-08,true,189.1-2009 - Office - ClosedOffice - CZ4-8 Ventilation,Sum,0.009439,0,0,0,,{e4d20ff7-0d78-4c30-bb3b-661486b97ab3}
x-b-office-18,office,office,CLASSIFIED,xboffice18,143.813209,174.967651,7.352964,0.051129,19.558535,false,189.1-2009 - Office - ClosedOffice - CZ4-8 1,189.1-2009 - Office - ClosedOffice - CZ4-8 1,SOURCE_METADATA_CONSISTENT,,space_type,189.1-2009 - Office - ClosedOffice - CZ4-8 1,189.1-2009 - Office - ClosedOffice - CZ4-8 People Definition,People/Area,0.0511285744793712,Office Work Occ,Office Activity,0.3,,3.82e-08,true,189.1-2009 - Office - ClosedOffice - CZ4-8 Ventilation,Sum,0.009439,0,0,0,,{f8f4e255-ab51-49c6-ba16-2b7906229f58}
x-b-office-2,office,office,CLASSIFIED,xboffice2,154.546965,154.546965,7.901766,0.051129,19.558535,false,189.1-2009 - Office - ClosedOffice - CZ4-8 1,189.1-2009 - Office - ClosedOffice - CZ4-8 1,SOURCE_METADATA_CONSISTENT,,space_type,189.1-2009 - Office - ClosedOffice - CZ4-8 1,189.1-2009 - Office - ClosedOffice - CZ4-8 People Definition,People/Area,0.0511285744793712,Office Work Occ,Office Activity,0.3,,3.82e-08,true,189.1-2009 - Office - ClosedOffice - CZ4-8 Ventilation,Sum,0.009439,0,0,0,,{dc2361d2-0c43-4d37-a871-0c08a5438a10}
x-b-office-3,office,office,CLASSIFIED,xboffice3,23.982457,23.982457,1.226189,0.051129,19.558535,false,189.1-2009 - Office - ClosedOffice - CZ4-8 1,189.1-2009 - Office - ClosedOffice - CZ4-8 1,SOURCE_METADATA_CONSISTENT,,space_type,189.1-2009 - Office - ClosedOffice - CZ4-8 1,189.1-2009 - Office - ClosedOffice - CZ4-8 People Definition,People/Area,0.0511285744793712,Office Work Occ,Office Activity,0.3,,3.82e-08,true,189.1-2009 - Office - ClosedOffice - CZ4-8 Ventilation,Sum,0.009439,0,0,0,,{f9b54d8c-2bf8-410a-900f-afcbb3fa41ad}
x-b-office-4,office,office,CLASSIFIED,xboffice4,86.604483,86.604483,4.427964,0.051129,19.558535,false,189.1-2009 - Office - ClosedOffice - CZ4-8 1,189.1-2009 - Office - ClosedOffice - CZ4-8 1,SOURCE_METADATA_CONSISTENT,,space_type,189.1-2009 - Office - ClosedOffice - CZ4-8 1,189.1-2009 - Office - ClosedOffice - CZ4-8 People Definition,People/Area,0.0511285744793712,Office Work Occ,Office Activity,0.3,,3.82e-08,true,189.1-2009 - Office - ClosedOffice - CZ4-8 Ventilation,Sum,0.009439,0,0,0,,{eb9576fd-2f3e-4d4d-87d6-cfc165b0b099}
x-b-office-5,office,office,CLASSIFIED,xboffice5,122.914229,122.914229,6.284429,0.051129,19.558535,false,189.1-2009 - Office - ClosedOffice - CZ4-8 1,189.1-2009 - Office - ClosedOffice - CZ4-8 1,SOURCE_METADATA_CONSISTENT,,space_type,189.1-2009 - Office - ClosedOffice - CZ4-8 1,189.1-2009 - Office - ClosedOffice - CZ4-8 People Definition,People/Area,0.0511285744793712,Office Work Occ,Office Activity,0.3,,3.82e-08,true,189.1-2009 - Office - ClosedOffice - CZ4-8 Ventilation,Sum,0.009439,0,0,0,,{a9088540-f489-43be-bed1-9ea54a7e2a11}
x-b-office-6,office,office,CLASSIFIED,xboffice6,100,100,5.112857,0.051129,19.558535,false,189.1-2009 - Office - ClosedOffice - CZ4-8 1,189.1-2009 - Office - ClosedOffice - CZ4-8 1,SOURCE_METADATA_CONSISTENT,,space_type,189.1-2009 - Office - ClosedOffice - CZ4-8 1,189.1-2009 - Office - ClosedOffice - CZ4-8 People Definition,People/Area,0.0511285744793712,Office Work Occ,Office Activity,0.3,,3.82e-08,true,189.1-2009 - Office - ClosedOffice - CZ4-8 Ventilation,Sum,0.009439,0,0,0,,{1438d0c0-1cd0-4f31-865e-3a1eea357eec}
x-b-office-7,office,office,CLASSIFIED,xboffice7,128.717687,128.717687,6.581152,0.051129,19.558535,false,189.1-2009 - Office - ClosedOffice - CZ4-8 1,189.1-2009 - Office - ClosedOffice - CZ4-8 1,SOURCE_METADATA_CONSISTENT,,space_type,189.1-2009 - Office - ClosedOffice - CZ4-8 1,189.1-2009 - Office - ClosedOffice - CZ4-8 People Definition,People/Area,0.0511285744793712,Office Work Occ,Office Activity,0.3,,3.82e-08,true,189.1-2009 - Office - ClosedOffice - CZ4-8 Ventilation,Sum,0.009439,0,0,0,,{b4beff7e-cb0d-4ca3-9220-06880475fb88}
x-b-office-8,office,office,CLASSIFIED,xboffice8,128.179248,128.179248,6.553622,0.051129,19.558535,false,189.1-2009 - Office - ClosedOffice - CZ4-8 1,189.1-2009 - Office - ClosedOffice - CZ4-8 1,SOURCE_METADATA_CONSISTENT,,space_type,189.1-2009 - Office - ClosedOffice - CZ4-8 1,189.1-2009 - Office - ClosedOffice - CZ4-8 People Definition,People/Area,0.0511285744793712,Office Work Occ,Office Activity,0.3,,3.82e-08,true,189.1-2009 - Office - ClosedOffice - CZ4-8 Ventilation,Sum,0.009439,0,0,0,,{8cc7632f-c14a-45ba-ba85-20b05b790f5c}
x-b-office-9,office,office,CLASSIFIED,xboffice9,93.06885,93.06885,4.758478,0.051129,19.558535,false,189.1-2009 - Office - ClosedOffice - CZ4-8 1,189.1-2009 - Office - ClosedOffice - CZ4-8 1,SOURCE_METADATA_CONSISTENT,,space_type,189.1-2009 - Office - ClosedOffice - CZ4-8 1,189.1-2009 - Office - ClosedOffice - CZ4-8 People Definition,People/Area,0.0511285744793712,Office Work Occ,Office Activity,0.3,,3.82e-08,true,189.1-2009 - Office - ClosedOffice - CZ4-8 Ventilation,Sum,0.009439,0,0,0,,{09789d6e-9fd9-481c-a9b0-fa2e8a88ffc7}
x-b-restroom-1,restroom,restroom,CLASSIFIED,xbrestroom1,125.681589,125.681589,13.528254,0.107639,9.290304,false,189.1-2009 - Office - Restroom - CZ4-8,189.1-2009 - Office - Restroom - CZ4-8,SOURCE_METADATA_CONSISTENT,,space_type,189.1-2009 - Office - Restroom - CZ4-8,189.1-2009 - Office - Restroom - CZ4-8 People Definition,People/Area,0.107639104167097,Office Misc Occ,Office Activity,0.3,,3.82e-08,true,189.1-2009 - Office - Restroom - CZ4-8 Ventilation,Sum,0,0.004877,0,0,,{466789d1-a047-4efe-a70b-5d824cca3b84}
x-b-restroom-3,restroom,restroom,CLASSIFIED,xbrestroom3,93.06885,93.06885,10.017848,0.107639,9.290304,false,189.1-2009 - Office - Restroom - CZ4-8,189.1-2009 - Office - Restroom - CZ4-8,SOURCE_METADATA_CONSISTENT,,space_type,189.1-2009 - Office - Restroom - CZ4-8,189.1-2009 - Office - Restroom - CZ4-8 People Definition,People/Area,0.107639104167097,Office Misc Occ,Office Activity,0.3,,3.82e-08,true,189.1-2009 - Office - Restroom - CZ4-8 Ventilation,Sum,0,0.004877,0,0,,{bd95c703-7ec2-4426-987b-741fc40bc2a9}
x-b-restroom-4,restroom,restroom,CLASSIFIED,xbrestroom4,111.0907,111.0907,11.957703,0.107639,9.290304,false,189.1-2009 - Office - Restroom - CZ4-8,189.1-2009 - Office - Restroom - CZ4-8,SOURCE_METADATA_CONSISTENT,,space_type,189.1-2009 - Office - Restroom - CZ4-8,189.1-2009 - Office - Restroom - CZ4-8 People Definition,People/Area,0.107639104167097,Office Misc Occ,Office Activity,0.3,,3.82e-08,true,189.1-2009 - Office - Restroom - CZ4-8 Ventilation,Sum,0,0.004877,0,0,,{33a627c3-994a-46ce-b14b-b2165adcfc48}
x-b-restroom-5,restroom,restroom,CLASSIFIED,xbrestroom5,66.78914,66.78914,7.189123,0.107639,9.290304,false,189.1-2009 - Office - Restroom - CZ4-8,189.1-2009 - Office - Restroom - CZ4-8,SOURCE_METADATA_CONSISTENT,,space_type,189.1-2009 - Office - Restroom - CZ4-8,189.1-2009 - Office - Restroom - CZ4-8 People Definition,People/Area,0.107639104167097,Office Misc Occ,Office Activity,0.3,,3.82e-08,true,189.1-2009 - Office - Restroom - CZ4-8 Ventilation,Sum,0,0.004877,0,0,,{2ebf5d49-e6b2-4706-b6c7-afb715c64b79}
x-b-restroom-6,restroom,restroom,CLASSIFIED,xbrestroom6,97.715192,136.066498,10.517976,0.107639,9.290304,false,189.1-2009 - Office - Restroom - CZ4-8,189.1-2009 - Office - Restroom - CZ4-8,SOURCE_METADATA_CONSISTENT,,space_type,189.1-2009 - Office - Restroom - CZ4-8,189.1-2009 - Office - Restroom - CZ4-8 People Definition,People/Area,0.107639104167097,Office Misc Occ,Office Activity,0.3,,3.82e-08,true,189.1-2009 - Office - Restroom - CZ4-8 Ventilation,Sum,0,0.004877,0,0,,{dc9950a9-5ab0-447e-81e4-c232a2518070}
x-n-breakroom-1,breakroom,breakroom,CLASSIFIED,xnbreakroom1,70.184311,70.184311,3.777288,0.05382,18.580608,true,,189.1-2009 - Office - WholeBuilding - Lg Office - CZ4-8,SOURCE_METADATA_DEFAULTED,,building_default_space_type,189.1-2009 - Office - WholeBuilding - Lg Office - CZ4-8,189.1-2009 - Office - WholeBuilding - Lg Office - CZ4-8 People Definition,People/Area,0.0538195520835486,Large Office Bldg Occ,Large Office Activity,0.3,,3.82e-08,true,189.1-2009 - Office - WholeBuilding - Lg Office - CZ4-8 Ventilation,Sum,0.009439,0,0,0,,{5377ba32-a9ae-43ea-a979-8f955264afb4}
x-n-commerce-1,commerce_retail,commerce,CLASSIFIED,xncommerce1,114.107143,265.809756,18.423586,0.161459,6.193536,false,Retail Retail,Retail Retail,SOURCE_METADATA_CONSISTENT,,space_type,Retail Retail,Retail Retail People Definition,People/Area,0.161458656250646,RetailStandalone BLDG_OCC_SCH,RetailStandalone ACTIVITY_SCH,0.3,,3.82e-08,true,Retail Retail Ventilation,Sum,0,0.001524,0,0,,{0e182035-318d-4e64-82bc-2fa0f712002d}
x-n-commerce-2,commerce_retail,commerce,CLASSIFIED,xncommerce2,129,129,20.828167,0.161459,6.193536,false,Retail Retail,Retail Retail,SOURCE_METADATA_CONSISTENT,,space_type,Retail Retail,Retail Retail People Definition,People/Area,0.161458656250646,RetailStandalone BLDG_OCC_SCH,RetailStandalone ACTIVITY_SCH,0.3,,3.82e-08,true,Retail Retail Ventilation,Sum,0,0.001524,0,0,,{c3f7e8d7-e984-4d37-bacc-d159f0d0a11b}
x-n-commerce-3,commerce_retail,commerce,CLASSIFIED,xncommerce3,73.587979,73.587979,11.881416,0.161459,6.193536,false,Retail Retail,Retail Retail,SOURCE_METADATA_CONSISTENT,,space_type,Retail Retail,Retail Retail People Definition,People/Area,0.161458656250646,RetailStandalone BLDG_OCC_SCH,RetailStandalone ACTIVITY_SCH,0.3,,3.82e-08,true,Retail Retail Ventilation,Sum,0,0.001524,0,0,,{212f720a-3b24-4cbd-b5f8-ee399c14d919}
x-n-commerce-4,commerce_retail,commerce,CLASSIFIED,xncommerce4,56.367611,143.689629,9.101039,0.161459,6.193536,false,Retail Retail,Retail Retail,SOURCE_METADATA_CONSISTENT,,space_type,Retail Retail,Retail Retail People Definition,People/Area,0.161458656250646,RetailStandalone BLDG_OCC_SCH,RetailStandalone ACTIVITY_SCH,0.3,,3.82e-08,true,Retail Retail Ventilation,Sum,0,0.001524,0,0,,{3a563781-d640-41d8-a841-9d6d685ec173}
x-n-commerce-5,commerce_retail,commerce,CLASSIFIED,xncommerce5,19.904892,58.781635,3.213817,0.161459,6.193536,false,Retail Retail,Retail Retail,SOURCE_METADATA_CONSISTENT,,space_type,Retail Retail,Retail Retail People Definition,People/Area,0.161458656250646,RetailStandalone BLDG_OCC_SCH,RetailStandalone ACTIVITY_SCH,0.3,,3.82e-08,true,Retail Retail Ventilation,Sum,0,0.001524,0,0,,{10510836-70ba-45fb-bbae-37cd86700a67}
x-n-commerce-6,commerce_retail,commerce,CLASSIFIED,xncommerce6,22.533954,66.545583,3.638302,0.161459,6.193536,false,Retail Retail,Retail Retail,SOURCE_METADATA_CONSISTENT,,space_type,Retail Retail,Retail Retail People Definition,People/Area,0.161458656250646,RetailStandalone BLDG_OCC_SCH,RetailStandalone ACTIVITY_SCH,0.3,,3.82e-08,true,Retail Retail Ventilation,Sum,0,0.001524,0,0,,{66ec64a4-10e0-4fea-8afd-a12a6bf6047c}
x-n-dining-1,dining,dining,CLASSIFIED,xndining1,162.321429,314.024041,17.472133,0.107639,9.290304,false,Office Dining,Office Dining,SOURCE_METADATA_CONSISTENT,,space_type,Office Dining,Office Dining People Definition,People/Area,0.107639104167097,OfficeLarge BLDG_OCC_SCH,OfficeMedium ACTIVITY_SCH,0.3,,3.82e-08,true,Office Dining Ventilation,Sum,0.007079,0,0,0,,{0a128547-a3a0-4daf-9d2f-644ef8586281}
x-n-dining-2,dining,dining,CLASSIFIED,xndining2,50,100,5.381955,0.107639,9.290304,false,Office Dining,Office Dining,SOURCE_METADATA_CONSISTENT,,space_type,Office Dining,Office Dining People Definition,People/Area,0.107639104167097,OfficeLarge BLDG_OCC_SCH,OfficeMedium ACTIVITY_SCH,0.3,,3.82e-08,true,Office Dining Ventilation,Sum,0.007079,0,0,0,,{76557497-85f2-47ea-bc83-8f5dc752ae1f}
x-n-dining-3,dining,dining,CLASSIFIED,xndining3,100,200,10.76391,0.107639,9.290304,false,Office Dining,Office Dining,SOURCE_METADATA_CONSISTENT,,space_type,Office Dining,Office Dining People Definition,People/Area,0.107639104167097,OfficeLarge BLDG_OCC_SCH,OfficeMedium ACTIVITY_SCH,0.3,,3.82e-08,true,Office Dining Ventilation,Sum,0.007079,0,0,0,,{56e54246-04ad-4a12-a011-0df0ed66480d}
x-n-dining-4,dining,dining,CLASSIFIED,xndining4,53.017825,153.017825,5.706791,0.107639,9.290304,false,Office Dining,Office Dining,SOURCE_METADATA_CONSISTENT,,space_type,Office Dining,Office Dining People Definition,People/Area,0.107639104167097,OfficeLarge BLDG_OCC_SCH,OfficeMedium ACTIVITY_SCH,0.3,,3.82e-08,true,Office Dining Ventilation,Sum,0.007079,0,0,0,,{991fd0f2-f9a6-4c3f-8cc0-c0ab20f061b6}
x-n-dining-5,dining,dining,CLASSIFIED,xndining5,92.743697,187.603384,9.982848,0.107639,9.290304,false,Office Dining,Office Dining,SOURCE_METADATA_CONSISTENT,,space_type,Office Dining,Office Dining People Definition,People/Area,0.107639104167097,OfficeLarge BLDG_OCC_SCH,OfficeMedium ACTIVITY_SCH,0.3,,3.82e-08,true,Office Dining Ventilation,Sum,0.007079,0,0,0,,{63c46626-26b5-4eb2-88fd-070fd20debcf}
x-n-hall-1,terminal_hall,hall,CLASSIFIED,xnhall1,1437.613015,1841.359245,77.371689,0.05382,18.580608,true,,189.1-2009 - Office - WholeBuilding - Lg Office - CZ4-8,SOURCE_METADATA_DEFAULTED,,building_default_space_type,189.1-2009 - Office - WholeBuilding - Lg Office - CZ4-8,189.1-2009 - Office - WholeBuilding - Lg Office - CZ4-8 People Definition,People/Area,0.0538195520835486,Large Office Bldg Occ,Large Office Activity,0.3,,3.82e-08,true,189.1-2009 - Office - WholeBuilding - Lg Office - CZ4-8 Ventilation,Sum,0.009439,0,0,0,,{c700235d-8a45-42fa-8462-cb66fd7169f2}
x-n-hall-10,terminal_hall,hall,CLASSIFIED,xnhall10,175,225,9.418422,0.05382,18.580608,true,,189.1-2009 - Office - WholeBuilding - Lg Office - CZ4-8,SOURCE_METADATA_DEFAULTED,,building_default_space_type,189.1-2009 - Office - WholeBuilding - Lg Office - CZ4-8,189.1-2009 - Office - WholeBuilding - Lg Office - CZ4-8 People Definition,People/Area,0.0538195520835486,Large Office Bldg Occ,Large Office Activity,0.3,,3.82e-08,true,189.1-2009 - Office - WholeBuilding - Lg Office - CZ4-8 Ventilation,Sum,0.009439,0,0,0,,{48f29238-5f75-4e81-b0fb-322236f22abd}
x-n-hall-11,terminal_hall,hall,CLASSIFIED,xnhall11,850,1350,45.746619,0.05382,18.580608,true,,189.1-2009 - Office - WholeBuilding - Lg Office - CZ4-8,SOURCE_METADATA_DEFAULTED,,building_default_space_type,189.1-2009 - Office - WholeBuilding - Lg Office - CZ4-8,189.1-2009 - Office - WholeBuilding - Lg Office - CZ4-8 People Definition,People/Area,0.0538195520835486,Large Office Bldg Occ,Large Office Activity,0.3,,3.82e-08,true,189.1-2009 - Office - WholeBuilding - Lg Office - CZ4-8 Ventilation,Sum,0.009439,0,0,0,,{1a6f243b-2b95-4908-a78f-2e74e0bfbc3b}
x-n-hall-12,terminal_hall,hall,CLASSIFIED,xnhall12,726.471916,1076.511995,39.098393,0.05382,18.580608,true,,189.1-2009 - Office - WholeBuilding - Lg Office - CZ4-8,SOURCE_METADATA_DEFAULTED,,building_default_space_type,189.1-2009 - Office - WholeBuilding - Lg Office - CZ4-8,189.1-2009 - Office - WholeBuilding - Lg Office - CZ4-8 People Definition,People/Area,0.0538195520835486,Large Office Bldg Occ,Large Office Activity,0.3,,3.82e-08,true,189.1-2009 - Office - WholeBuilding - Lg Office - CZ4-8 Ventilation,Sum,0.009439,0,0,0,,{fcb74479-2a4a-4eb5-9fa6-96bad4f55021}
x-n-hall-13,terminal_hall,hall,CLASSIFIED,xnhall13,740.02821,1193.773614,39.827987,0.05382,18.580608,true,,189.1-2009 - Office - WholeBuilding - Lg Office - CZ4-8,SOURCE_METADATA_DEFAULTED,,building_default_space_type,189.1-2009 - Office - WholeBuilding - Lg Office - CZ4-8,189.1-2009 - Office - WholeBuilding - Lg Office - CZ4-8 People Definition,People/Area,0.0538195520835486,Large Office Bldg Occ,Large Office Activity,0.3,,3.82e-08,true,189.1-2009 - Office - WholeBuilding - Lg Office - CZ4-8 Ventilation,Sum,0.009439,0,0,0,,{43ac7731-d622-48f7-9ed5-c580bc668426}
x-n-hall-14,terminal_hall,hall,CLASSIFIED,xnhall14,337.917225,576.508504,18.186554,0.05382,18.580608,true,,189.1-2009 - Office - WholeBuilding - Lg Office - CZ4-8,SOURCE_METADATA_DEFAULTED,,building_default_space_type,189.1-2009 - Office - WholeBuilding - Lg Office - CZ4-8,189.1-2009 - Office - WholeBuilding - Lg Office - CZ4-8 People Definition,People/Area,0.0538195520835486,Large Office Bldg Occ,Large Office Activity,0.3,,3.82e-08,true,189.1-2009 - Office - WholeBuilding - Lg Office - CZ4-8 Ventilation,Sum,0.009439,0,0,0,,{65b906c3-808b-4188-a891-3f752d09188d}
x-n-hall-15,terminal_hall,hall,CLASSIFIED,xnhall15,725.959112,933.267432,39.070794,0.05382,18.580608,true,,189.1-2009 - Office - WholeBuilding - Lg Office - CZ4-8,SOURCE_METADATA_DEFAULTED,,building_default_space_type,189.1-2009 - Office - WholeBuilding - Lg Office - CZ4-8,189.1-2009 - Office - WholeBuilding - Lg Office - CZ4-8 People Definition,People/Area,0.0538195520835486,Large Office Bldg Occ,Large Office Activity,0.3,,3.82e-08,true,189.1-2009 - Office - WholeBuilding - Lg Office - CZ4-8 Ventilation,Sum,0.009439,0,0,0,,{0ef08725-4f39-4e4e-bcbf-5275da008311}
x-n-hall-16,terminal_hall,hall,CLASSIFIED,xnhall16,393.844357,607.079979,21.196527,0.05382,18.580608,true,,189.1-2009 - Office - WholeBuilding - Lg Office - CZ4-8,SOURCE_METADATA_DEFAULTED,,building_default_space_type,189.1-2009 - Office - WholeBuilding - Lg Office - CZ4-8,189.1-2009 - Office - WholeBuilding - Lg Office - CZ4-8 People Definition,People/Area,0.0538195520835486,Large Office Bldg Occ,Large Office Activity,0.3,,3.82e-08,true,189.1-2009 - Office - WholeBuilding - Lg Office - CZ4-8 Ventilation,Sum,0.009439,0,0,0,,{cc1acbf0-42e4-4a02-ad1a-de758fb7fcf7}
x-n-hall-17,terminal_hall,hall,CLASSIFIED,xnhall17,550.925686,806.427822,29.650574,0.05382,18.580608,true,,189.1-2009 - Office - WholeBuilding - Lg Office - CZ4-8,SOURCE_METADATA_DEFAULTED,,building_default_space_type,189.1-2009 - Office - WholeBuilding - Lg Office - CZ4-8,189.1-2009 - Office - WholeBuilding - Lg Office - CZ4-8 People Definition,People/Area,0.0538195520835486,Large Office Bldg Occ,Large Office Activity,0.3,,3.82e-08,true,189.1-2009 - Office - WholeBuilding - Lg Office - CZ4-8 Ventilation,Sum,0.009439,0,0,0,,{ef6b9c24-d0e8-4104-9b2a-7498050b9be1}
x-n-hall-18,terminal_hall,hall,CLASSIFIED,xnhall18,505.106303,848.683026,27.184595,0.05382,18.580608,true,,189.1-2009 - Office - WholeBuilding - Lg Office - CZ4-8,SOURCE_METADATA_DEFAULTED,,building_default_space_type,189.1-2009 - Office - WholeBuilding - Lg Office - CZ4-8,189.1-2009 - Office - WholeBuilding - Lg Office - CZ4-8 People Definition,People/Area,0.0538195520835486,Large Office Bldg Occ,Large Office Activity,0.3,,3.82e-08,true,189.1-2009 - Office - WholeBuilding - Lg Office - CZ4-8 Ventilation,Sum,0.009439,0,0,0,,{02ee817b-e033-4404-a1a7-79eff61a5c85}
x-n-hall-19,terminal_hall,hall,CLASSIFIED,xnhall19,623.167392,987.78914,33.53859,0.05382,18.580608,true,,189.1-2009 - Office - WholeBuilding - Lg Office - CZ4-8,SOURCE_METADATA_DEFAULTED,,building_default_space_type,189.1-2009 - Office - WholeBuilding - Lg Office - CZ4-8,189.1-2009 - Office - WholeBuilding - Lg Office - CZ4-8 People Definition,People/Area,0.0538195520835486,Large Office Bldg Occ,Large Office Activity,0.3,,3.82e-08,true,189.1-2009 - Office - WholeBuilding - Lg Office - CZ4-8 Ventilation,Sum,0.009439,0,0,0,,{03a29a0c-e935-4634-a2f0-75bd24c04a7b}
x-n-hall-2,terminal_hall,hall,CLASSIFIED,xnhall2,1092.933225,1517.530346,58.821177,0.05382,18.580608,true,,189.1-2009 - Office - WholeBuilding - Lg Office - CZ4-8,SOURCE_METADATA_DEFAULTED,,building_default_space_type,189.1-2009 - Office - WholeBuilding - Lg Office - CZ4-8,189.1-2009 - Office - WholeBuilding - Lg Office - CZ4-8 People Definition,People/Area,0.0538195520835486,Large Office Bldg Occ,Large Office Activity,0.3,,3.82e-08,true,189.1-2009 - Office - WholeBuilding - Lg Office - CZ4-8 Ventilation,Sum,0.009439,0,0,0,,{0ad4099b-48e7-4186-9647-ffa0d350b5ff}
x-n-hall-20,terminal_hall,hall,CLASSIFIED,xnhall20,585.123686,728.516329,31.491095,0.05382,18.580608,true,,189.1-2009 - Office - WholeBuilding - Lg Office - CZ4-8,SOURCE_METADATA_DEFAULTED,,building_default_space_type,189.1-2009 - Office - WholeBuilding - Lg Office - CZ4-8,189.1-2009 - Office - WholeBuilding - Lg Office - CZ4-8 People Definition,People/Area,0.0538195520835486,Large Office Bldg Occ,Large Office Activity,0.3,,3.82e-08,true,189.1-2009 - Office - WholeBuilding - Lg Office - CZ4-8 Ventilation,Sum,0.009439,0,0,0,,{ab49f0a1-6fad-4411-8511-16a69408e544}
x-n-hall-3,terminal_hall,hall,CLASSIFIED,xnhall3,465.679376,636.707262,25.062655,0.05382,18.580608,true,,189.1-2009 - Office - WholeBuilding - Lg Office - CZ4-8,SOURCE_METADATA_DEFAULTED,,building_default_space_type,189.1-2009 - Office - WholeBuilding - Lg Office - CZ4-8,189.1-2009 - Office - WholeBuilding - Lg Office - CZ4-8 People Definition,People/Area,0.0538195520835486,Large Office Bldg Occ,Large Office Activity,0.3,,3.82e-08,true,189.1-2009 - Office - WholeBuilding - Lg Office - CZ4-8 Ventilation,Sum,0.009439,0,0,0,,{94d14435-304c-4672-8364-63d4f87f13d5}
x-n-hall-4,terminal_hall,hall,CLASSIFIED,xnhall4,1008.392701,1316.043232,54.271244,0.05382,18.580608,true,,189.1-2009 - Office - WholeBuilding - Lg Office - CZ4-8,SOURCE_METADATA_DEFAULTED,,building_default_space_type,189.1-2009 - Office - WholeBuilding - Lg Office - CZ4-8,189.1-2009 - Office - WholeBuilding - Lg Office - CZ4-8 People Definition,People/Area,0.0538195520835486,Large Office Bldg Occ,Large Office Activity,0.3,,3.82e-08,true,189.1-2009 - Office - WholeBuilding - Lg Office - CZ4-8 Ventilation,Sum,0.009439,0,0,0,,{d7c38303-2246-4776-897e-0278aeda2857}
x-n-hall-5,terminal_hall,hall,CLASSIFIED,xnhall5,465.206147,521.914581,25.037186,0.05382,18.580608,true,,189.1-2009 - Office - WholeBuilding - Lg Office - CZ4-8,SOURCE_METADATA_DEFAULTED,,building_default_space_type,189.1-2009 - Office - WholeBuilding - Lg Office - CZ4-8,189.1-2009 - Office - WholeBuilding - Lg Office - CZ4-8 People Definition,People/Area,0.0538195520835486,Large Office Bldg Occ,Large Office Activity,0.3,,3.82e-08,true,189.1-2009 - Office - WholeBuilding - Lg Office - CZ4-8 Ventilation,Sum,0.009439,0,0,0,,{b74ee3ae-7a35-44f4-a34f-2e6d223a1ecb}
x-n-hall-6,terminal_hall,hall,CLASSIFIED,xnhall6,810.62836,1276.258103,43.627655,0.05382,18.580608,true,,189.1-2009 - Office - WholeBuilding - Lg Office - CZ4-8,SOURCE_METADATA_DEFAULTED,,building_default_space_type,189.1-2009 - Office - WholeBuilding - Lg Office - CZ4-8,189.1-2009 - Office - WholeBuilding - Lg Office - CZ4-8 People Definition,People/Area,0.0538195520835486,Large Office Bldg Occ,Large Office Activity,0.3,,3.82e-08,true,189.1-2009 - Office - WholeBuilding - Lg Office - CZ4-8 Ventilation,Sum,0.009439,0,0,0,,{b93def27-5944-4b75-a6a8-04620e7b81f9}
x-n-hall-7,terminal_hall,hall,CLASSIFIED,xnhall7,519.358985,826.27193,27.951668,0.05382,18.580608,true,,189.1-2009 - Office - WholeBuilding - Lg Office - CZ4-8,SOURCE_METADATA_DEFAULTED,,building_default_space_type,189.1-2009 - Office - WholeBuilding - Lg Office - CZ4-8,189.1-2009 - Office - WholeBuilding - Lg Office - CZ4-8 People Definition,People/Area,0.0538195520835486,Large Office Bldg Occ,Large Office Activity,0.3,,3.82e-08,true,189.1-2009 - Office - WholeBuilding - Lg Office - CZ4-8 Ventilation,Sum,0.009439,0,0,0,,{f468315a-d600-46e2-ab2a-422e9031279a}
x-n-hall-8,terminal_hall,hall,CLASSIFIED,xnhall8,588.438608,825.598177,31.669502,0.05382,18.580608,true,,189.1-2009 - Office - WholeBuilding - Lg Office - CZ4-8,SOURCE_METADATA_DEFAULTED,,building_default_space_type,189.1-2009 - Office - WholeBuilding - Lg Office - CZ4-8,189.1-2009 - Office - WholeBuilding - Lg Office - CZ4-8 People Definition,People/Area,0.0538195520835486,Large Office Bldg Occ,Large Office Activity,0.3,,3.82e-08,true,189.1-2009 - Office - WholeBuilding - Lg Office - CZ4-8 Ventilation,Sum,0.009439,0,0,0,,{f7b4380f-9924-41d5-91fc-90619a04d5a4}
x-n-hall-9,terminal_hall,hall,CLASSIFIED,xnhall9,850,1350,45.746619,0.05382,18.580608,true,,189.1-2009 - Office - WholeBuilding - Lg Office - CZ4-8,SOURCE_METADATA_DEFAULTED,,building_default_space_type,189.1-2009 - Office - WholeBuilding - Lg Office - CZ4-8,189.1-2009 - Office - WholeBuilding - Lg Office - CZ4-8 People Definition,People/Area,0.0538195520835486,Large Office Bldg Occ,Large Office Activity,0.3,,3.82e-08,true,189.1-2009 - Office - WholeBuilding - Lg Office - CZ4-8 Ventilation,Sum,0.009439,0,0,0,,{bd1eded1-d96c-4ed6-a9bd-cde4bb738282}
x-n-hall21,terminal_hall,hall,CLASSIFIED,xnhall21,694.493818,1182.528585,37.377346,0.05382,18.580608,true,,189.1-2009 - Office - WholeBuilding - Lg Office - CZ4-8,SOURCE_METADATA_DEFAULTED,,building_default_space_type,189.1-2009 - Office - WholeBuilding - Lg Office - CZ4-8,189.1-2009 - Office - WholeBuilding - Lg Office - CZ4-8 People Definition,People/Area,0.0538195520835486,Large Office Bldg Occ,Large Office Activity,0.3,,3.82e-08,true,189.1-2009 - Office - WholeBuilding - Lg Office - CZ4-8 Ventilation,Sum,0.009439,0,0,0,,{f807943f-2b37-47c8-9a4c-cd39e0a23805}
x-n-office-1,office,office,CLASSIFIED,xnoffice1,154.546965,154.546965,7.901766,0.051129,19.558535,false,189.1-2009 - Office - ClosedOffice - CZ4-8 1,189.1-2009 - Office - ClosedOffice - CZ4-8 1,SOURCE_METADATA_CONSISTENT,,space_type,189.1-2009 - Office - ClosedOffice - CZ4-8 1,189.1-2009 - Office - ClosedOffice - CZ4-8 People Definition,People/Area,0.0511285744793712,Office Work Occ,Office Activity,0.3,,3.82e-08,true,189.1-2009 - Office - ClosedOffice - CZ4-8 Ventilation,Sum,0.009439,0,0,0,,{4b4efa51-2f5c-414e-9da0-b128abe45f6c}
x-n-office-10,office,office,CLASSIFIED,xnoffice10,43.526786,119.378092,2.225463,0.051129,19.558535,false,189.1-2009 - Office - ClosedOffice - CZ4-8 1,189.1-2009 - Office - ClosedOffice - CZ4-8 1,SOURCE_METADATA_CONSISTENT,,space_type,189.1-2009 - Office - ClosedOffice - CZ4-8 1,189.1-2009 - Office - ClosedOffice - CZ4-8 People Definition,People/Area,0.0511285744793712,Office Work Occ,Office Activity,0.3,,3.82e-08,true,189.1-2009 - Office - ClosedOffice - CZ4-8 Ventilation,Sum,0.009439,0,0,0,,{6073a644-5b87-457c-89f5-52c75c043bef}
x-n-office-11,office,office,CLASSIFIED,xnoffice11,82.256303,189.666766,4.205648,0.051129,19.558535,false,189.1-2009 - Office - ClosedOffice - CZ4-8 1,189.1-2009 - Office - ClosedOffice - CZ4-8 1,SOURCE_METADATA_CONSISTENT,,space_type,189.1-2009 - Office - ClosedOffice - CZ4-8 1,189.1-2009 - Office - ClosedOffice - CZ4-8 People Definition,People/Area,0.0511285744793712,Office Work Occ,Office Activity,0.3,,3.82e-08,true,189.1-2009 - Office - ClosedOffice - CZ4-8 Ventilation,Sum,0.009439,0,0,0,,{af890dc0-48ed-4eda-93eb-eb61d467ccd7}
x-n-office-12,office,office,CLASSIFIED,xnoffice12,207.483954,282.483954,10.608359,0.051129,19.558535,false,189.1-2009 - Office - ClosedOffice - CZ4-8 1,189.1-2009 - Office - ClosedOffice - CZ4-8 1,SOURCE_METADATA_CONSISTENT,,space_type,189.1-2009 - Office - ClosedOffice - CZ4-8 1,189.1-2009 - Office - ClosedOffice - CZ4-8 People Definition,People/Area,0.0511285744793712,Office Work Occ,Office Activity,0.3,,3.82e-08,true,189.1-2009 - Office - ClosedOffice - CZ4-8 Ventilation,Sum,0.009439,0,0,0,,{7386bbf1-064c-421d-8399-a2142e2bf607}
x-n-office-13,office,office,CLASSIFIED,xnoffice13,274.570895,374.570895,14.038418,0.051129,19.558535,false,189.1-2009 - Office - ClosedOffice - CZ4-8 1,189.1-2009 - Office - ClosedOffice - CZ4-8 1,SOURCE_METADATA_CONSISTENT,,space_type,189.1-2009 - Office - ClosedOffice - CZ4-8 1,189.1-2009 - Office - ClosedOffice - CZ4-8 People Definition,People/Area,0.0511285744793712,Office Work Occ,Office Activity,0.3,,3.82e-08,true,189.1-2009 - Office - ClosedOffice - CZ4-8 Ventilation,Sum,0.009439,0,0,0,,{817bc94f-c1bd-4330-9bae-8dffdb22dae5}
x-n-office-2,office,office,CLASSIFIED,xnoffice2,36.808969,103.007369,1.88199,0.051129,19.558535,false,189.1-2009 - Office - ClosedOffice - CZ4-8 1,189.1-2009 - Office - ClosedOffice - CZ4-8 1,SOURCE_METADATA_CONSISTENT,,space_type,189.1-2009 - Office - ClosedOffice - CZ4-8 1,189.1-2009 - Office - ClosedOffice - CZ4-8 People Definition,People/Area,0.0511285744793712,Office Work Occ,Office Activity,0.3,,3.82e-08,true,189.1-2009 - Office - ClosedOffice - CZ4-8 Ventilation,Sum,0.009439,0,0,0,,{cc8f7a1a-98e7-4ae2-95bf-523a642f7f4c}
x-n-office-3,office,office,CLASSIFIED,xnoffice3,46.177098,121.181463,2.360969,0.051129,19.558535,false,189.1-2009 - Office - ClosedOffice - CZ4-8 1,189.1-2009 - Office - ClosedOffice - CZ4-8 1,SOURCE_METADATA_CONSISTENT,,space_type,189.1-2009 - Office - ClosedOffice - CZ4-8 1,189.1-2009 - Office - ClosedOffice - CZ4-8 People Definition,People/Area,0.0511285744793712,Office Work Occ,Office Activity,0.3,,3.82e-08,true,189.1-2009 - Office - ClosedOffice - CZ4-8 Ventilation,Sum,0.009439,0,0,0,,{75bb3c41-3741-4c83-9061-b09131f2051e}
x-n-office-4,office,office,CLASSIFIED,xnoffice4,150,300,7.669286,0.051129,19.558535,false,189.1-2009 - Office - ClosedOffice - CZ4-8 1,189.1-2009 - Office - ClosedOffice - CZ4-8 1,SOURCE_METADATA_CONSISTENT,,space_type,189.1-2009 - Office - ClosedOffice - CZ4-8 1,189.1-2009 - Office - ClosedOffice - CZ4-8 People Definition,People/Area,0.0511285744793712,Office Work Occ,Office Activity,0.3,,3.82e-08,true,189.1-2009 - Office - ClosedOffice - CZ4-8 Ventilation,Sum,0.009439,0,0,0,,{0a14cc85-3a4c-49b7-b4eb-8b82bbcfcdcf}
x-n-office-5,office,office,CLASSIFIED,xnoffice5,100,200,5.112857,0.051129,19.558535,false,189.1-2009 - Office - ClosedOffice - CZ4-8 1,189.1-2009 - Office - ClosedOffice - CZ4-8 1,SOURCE_METADATA_CONSISTENT,,space_type,189.1-2009 - Office - ClosedOffice - CZ4-8 1,189.1-2009 - Office - ClosedOffice - CZ4-8 People Definition,People/Area,0.0511285744793712,Office Work Occ,Office Activity,0.3,,3.82e-08,true,189.1-2009 - Office - ClosedOffice - CZ4-8 Ventilation,Sum,0.009439,0,0,0,,{542c465c-6c52-438d-8566-d5b48ae0abc6}
x-n-office-6,office,office,CLASSIFIED,xnoffice6,183.726529,183.726529,9.393676,0.051129,19.558535,false,189.1-2009 - Office - ClosedOffice - CZ4-8 1,189.1-2009 - Office - ClosedOffice - CZ4-8 1,SOURCE_METADATA_CONSISTENT,,space_type,189.1-2009 - Office - ClosedOffice - CZ4-8 1,189.1-2009 - Office - ClosedOffice - CZ4-8 People Definition,People/Area,0.0511285744793712,Office Work Occ,Office Activity,0.3,,3.82e-08,true,189.1-2009 - Office - ClosedOffice - CZ4-8 Ventilation,Sum,0.009439,0,0,0,,{904c3d0c-1376-4762-a158-a3f387f0f921}
x-n-office-7,office,office,CLASSIFIED,xnoffice7,46.007133,132.94577,2.352279,0.051129,19.558535,false,189.1-2009 - Office - ClosedOffice - CZ4-8 1,189.1-2009 - Office - ClosedOffice - CZ4-8 1,SOURCE_METADATA_CONSISTENT,,space_type,189.1-2009 - Office - ClosedOffice - CZ4-8 1,189.1-2009 - Office - ClosedOffice - CZ4-8 People Definition,People/Area,0.0511285744793712,Office Work Occ,Office Activity,0.3,,3.82e-08,true,189.1-2009 - Office - ClosedOffice - CZ4-8 Ventilation,Sum,0.009439,0,0,0,,{5e15d047-b8a3-441c-93fa-242418cc9b56}
x-n-office-8,office,office,CLASSIFIED,xnoffice8,40.848987,127.787623,2.08855,0.051129,19.558535,false,189.1-2009 - Office - ClosedOffice - CZ4-8 1,189.1-2009 - Office - ClosedOffice - CZ4-8 1,SOURCE_METADATA_CONSISTENT,,space_type,189.1-2009 - Office - ClosedOffice - CZ4-8 1,189.1-2009 - Office - ClosedOffice - CZ4-8 People Definition,People/Area,0.0511285744793712,Office Work Occ,Office Activity,0.3,,3.82e-08,true,189.1-2009 - Office - ClosedOffice - CZ4-8 Ventilation,Sum,0.009439,0,0,0,,{ddf52ddf-6083-4819-a1ff-c2655774145f}
x-n-office-9,office,office,CLASSIFIED,xnoffice9,31.430223,92.817377,1.606982,0.051129,19.558535,false,189.1-2009 - Office - ClosedOffice - CZ4-8 1,189.1-2009 - Office - ClosedOffice - CZ4-8 1,SOURCE_METADATA_CONSISTENT,,space_type,189.1-2009 - Office - ClosedOffice - CZ4-8 1,189.1-2009 - Office - ClosedOffice - CZ4-8 People Definition,People/Area,0.0511285744793712,Office Work Occ,Office Activity,0.3,,3.82e-08,true,189.1-2009 - Office - ClosedOffice - CZ4-8 Ventilation,Sum,0.009439,0,0,0,,{ef05158f-713b-4ab1-9767-9885e17a8646}
x-n-restroom-1,restroom,restroom,CLASSIFIED,xnrestroom1,101.45,101.45,10.919987,0.107639,9.290304,false,189.1-2009 - Office - Restroom - CZ4-8,189.1-2009 - Office - Restroom - CZ4-8,SOURCE_METADATA_CONSISTENT,,space_type,189.1-2009 - Office - Restroom - CZ4-8,189.1-2009 - Office - Restroom - CZ4-8 People Definition,People/Area,0.107639104167097,Office Misc Occ,Office Activity,0.3,,3.82e-08,true,189.1-2009 - Office - Restroom - CZ4-8 Ventilation,Sum,0,0.004877,0,0,,{6f57c938-72c6-4e94-a718-d694f166b486}
x-n-restroom-2,restroom,restroom,CLASSIFIED,xnrestroom2,45.591371,116.219352,4.907414,0.107639,9.290304,false,189.1-2009 - Office - Restroom - CZ4-8,189.1-2009 - Office - Restroom - CZ4-8,SOURCE_METADATA_CONSISTENT,,space_type,189.1-2009 - Office - Restroom - CZ4-8,189.1-2009 - Office - Restroom - CZ4-8 People Definition,People/Area,0.107639104167097,Office Misc Occ,Office Activity,0.3,,3.82e-08,true,189.1-2009 - Office - Restroom - CZ4-8 Ventilation,Sum,0,0.004877,0,0,,{7e5ee842-a6a2-4864-bc5a-b385d0aab150}
x-n-restroom-3,restroom,restroom,CLASSIFIED,xnrestroom3,53.017825,153.017825,5.706791,0.107639,9.290304,false,189.1-2009 - Office - Restroom - CZ4-8,189.1-2009 - Office - Restroom - CZ4-8,SOURCE_METADATA_CONSISTENT,,space_type,189.1-2009 - Office - Restroom - CZ4-8,189.1-2009 - Office - Restroom - CZ4-8 People Definition,People/Area,0.107639104167097,Office Misc Occ,Office Activity,0.3,,3.82e-08,true,189.1-2009 - Office - Restroom - CZ4-8 Ventilation,Sum,0,0.004877,0,0,,{104ca99c-67a8-4a94-9ec1-4ec882f1de2b}
z-d-commerce-1,commerce_retail,commerce,CLASSIFIED,zdcommerce1,577.263476,577.263476,93.204185,0.161459,6.193536,false,Retail Retail,Retail Retail,SOURCE_METADATA_CONSISTENT,,space_type,Retail Retail,Retail Retail People Definition,People/Area,0.161458656250646,RetailStandalone BLDG_OCC_SCH,RetailStandalone ACTIVITY_SCH,0.3,,3.82e-08,true,Retail Retail Ventilation,Sum,0,0.001524,0,0,,{c582b5bf-fb7c-4e5e-8820-b0c291262142}
z-d-commerce-2,commerce_retail,commerce,CLASSIFIED,zdcommerce2,577.263474,577.263474,93.204185,0.161459,6.193536,false,Retail Retail,Retail Retail,SOURCE_METADATA_CONSISTENT,,space_type,Retail Retail,Retail Retail People Definition,People/Area,0.161458656250646,RetailStandalone BLDG_OCC_SCH,RetailStandalone ACTIVITY_SCH,0.3,,3.82e-08,true,Retail Retail Ventilation,Sum,0,0.001524,0,0,,{e0b4b631-29d1-45a7-8a64-0e61b94758f3}
z-d-commerce-3,commerce_retail,commerce,CLASSIFIED,zdcommerce3,577.170652,577.170652,93.189198,0.161459,6.193536,false,Retail Retail,Retail Retail,SOURCE_METADATA_CONSISTENT,,space_type,Retail Retail,Retail Retail People Definition,People/Area,0.161458656250646,RetailStandalone BLDG_OCC_SCH,RetailStandalone ACTIVITY_SCH,0.3,,3.82e-08,true,Retail Retail Ventilation,Sum,0,0.001524,0,0,,{b16e2bf5-26ce-4be4-b3b3-a77691f49f09}
z-d-commerce-4,commerce_retail,commerce,CLASSIFIED,zdcommerce4,577.22693,577.22693,93.198285,0.161459,6.193536,false,Retail Retail,Retail Retail,SOURCE_METADATA_CONSISTENT,,space_type,Retail Retail,Retail Retail People Definition,People/Area,0.161458656250646,RetailStandalone BLDG_OCC_SCH,RetailStandalone ACTIVITY_SCH,0.3,,3.82e-08,true,Retail Retail Ventilation,Sum,0,0.001524,0,0,,{2c260cfc-3455-416e-bc6c-0f914aff9f7b}
z-d-hall-1,terminal_hall,hall,CLASSIFIED,zdhall1,1611.209967,1611.209967,86.714599,0.05382,18.580608,true,,189.1-2009 - Office - WholeBuilding - Lg Office - CZ4-8,SOURCE_METADATA_DEFAULTED,,building_default_space_type,189.1-2009 - Office - WholeBuilding - Lg Office - CZ4-8,189.1-2009 - Office - WholeBuilding - Lg Office - CZ4-8 People Definition,People/Area,0.0538195520835486,Large Office Bldg Occ,Large Office Activity,0.3,,3.82e-08,true,189.1-2009 - Office - WholeBuilding - Lg Office - CZ4-8 Ventilation,Sum,0.009439,0,0,0,,{2bc1b065-9c9a-4326-8c15-73fcfedaa128}
z-d-hall-2,terminal_hall,hall,CLASSIFIED,zdhall2,1611.209952,1611.209982,86.714598,0.05382,18.580608,true,,189.1-2009 - Office - WholeBuilding - Lg Office - CZ4-8,SOURCE_METADATA_DEFAULTED,,building_default_space_type,189.1-2009 - Office - WholeBuilding - Lg Office - CZ4-8,189.1-2009 - Office - WholeBuilding - Lg Office - CZ4-8 People Definition,People/Area,0.0538195520835486,Large Office Bldg Occ,Large Office Activity,0.3,,3.82e-08,true,189.1-2009 - Office - WholeBuilding - Lg Office - CZ4-8 Ventilation,Sum,0.009439,0,0,0,,{9f0dc810-89dc-41d4-806a-aeabc75a4980}
z-d-hall-3,terminal_hall,hall,CLASSIFIED,zdhall3,12109.794143,13107.828426,651.743697,0.05382,18.580608,true,,189.1-2009 - Office - WholeBuilding - Lg Office - CZ4-8,SOURCE_METADATA_DEFAULTED,,building_default_space_type,189.1-2009 - Office - WholeBuilding - Lg Office - CZ4-8,189.1-2009 - Office - WholeBuilding - Lg Office - CZ4-8 People Definition,People/Area,0.0538195520835486,Large Office Bldg Occ,Large Office Activity,0.3,,3.82e-08,true,189.1-2009 - Office - WholeBuilding - Lg Office - CZ4-8 Ventilation,Sum,0.009439,0,0,0,,{b4d1d440-74b0-407d-ac5e-7f4a311c83d4}
z-d-hall-4,terminal_hall,hall,CLASSIFIED,zdhall4,12109.60843,13107.64277,651.733702,0.05382,18.580608,true,,189.1-2009 - Office - WholeBuilding - Lg Office - CZ4-8,SOURCE_METADATA_DEFAULTED,,building_default_space_type,189.1-2009 - Office - WholeBuilding - Lg Office - CZ4-8,189.1-2009 - Office - WholeBuilding - Lg Office - CZ4-8 People Definition,People/Area,0.0538195520835486,Large Office Bldg Occ,Large Office Activity,0.3,,3.82e-08,true,189.1-2009 - Office - WholeBuilding - Lg Office - CZ4-8 Ventilation,Sum,0.009439,0,0,0,,{83be5e26-322f-484b-bbcf-f4306df70874}
z-d-office-1,office,office,CLASSIFIED,zdoffice1,1525.801508,1525.801508,78.012056,0.051129,19.558535,false,189.1-2009 - Office - ClosedOffice - CZ4-8 1,189.1-2009 - Office - ClosedOffice - CZ4-8 1,SOURCE_METADATA_CONSISTENT,,space_type,189.1-2009 - Office - ClosedOffice - CZ4-8 1,189.1-2009 - Office - ClosedOffice - CZ4-8 People Definition,People/Area,0.0511285744793712,Office Work Occ,Office Activity,0.3,,3.82e-08,true,189.1-2009 - Office - ClosedOffice - CZ4-8 Ventilation,Sum,0.009439,0,0,0,,{af8f8d48-1c84-4e7e-b32e-7867317be226}
z-d-office-2,office,office,CLASSIFIED,zdoffice2,2832.876202,2832.876202,144.840922,0.051129,19.558535,false,189.1-2009 - Office - ClosedOffice - CZ4-8 1,189.1-2009 - Office - ClosedOffice - CZ4-8 1,SOURCE_METADATA_CONSISTENT,,space_type,189.1-2009 - Office - ClosedOffice - CZ4-8 1,189.1-2009 - Office - ClosedOffice - CZ4-8 People Definition,People/Area,0.0511285744793712,Office Work Occ,Office Activity,0.3,,3.82e-08,true,189.1-2009 - Office - ClosedOffice - CZ4-8 Ventilation,Sum,0.009439,0,0,0,,{3c3faf7d-8d71-45e5-ad1c-3476351d654f}
z-d-office-3,office,office,CLASSIFIED,zdoffice3,1525.801508,1525.801508,78.012056,0.051129,19.558535,false,189.1-2009 - Office - ClosedOffice - CZ4-8 1,189.1-2009 - Office - ClosedOffice - CZ4-8 1,SOURCE_METADATA_CONSISTENT,,space_type,189.1-2009 - Office - ClosedOffice - CZ4-8 1,189.1-2009 - Office - ClosedOffice - CZ4-8 People Definition,People/Area,0.0511285744793712,Office Work Occ,Office Activity,0.3,,3.82e-08,true,189.1-2009 - Office - ClosedOffice - CZ4-8 Ventilation,Sum,0.009439,0,0,0,,{4e133945-30e7-4eb1-b273-c4965a0a8970}
z-d-office-4,office,office,CLASSIFIED,zdoffice4,1266.435162,1266.435162,64.751024,0.051129,19.558535,false,189.1-2009 - Office - ClosedOffice - CZ4-8 1,189.1-2009 - Office - ClosedOffice - CZ4-8 1,SOURCE_METADATA_CONSISTENT,,space_type,189.1-2009 - Office - ClosedOffice - CZ4-8 1,189.1-2009 - Office - ClosedOffice - CZ4-8 People Definition,People/Area,0.0511285744793712,Office Work Occ,Office Activity,0.3,,3.82e-08,true,189.1-2009 - Office - ClosedOffice - CZ4-8 Ventilation,Sum,0.009439,0,0,0,,{2466a1cd-1dda-420d-a50e-4d62f216e781}
z-d-office-5,office,office,CLASSIFIED,zdoffice5,1266.355508,1266.355508,64.746952,0.051129,19.558535,false,189.1-2009 - Office - ClosedOffice - CZ4-8 1,189.1-2009 - Office - ClosedOffice - CZ4-8 1,SOURCE_METADATA_CONSISTENT,,space_type,189.1-2009 - Office - ClosedOffice - CZ4-8 1,189.1-2009 - Office - ClosedOffice - CZ4-8 People Definition,People/Area,0.0511285744793712,Office Work Occ,Office Activity,0.3,,3.82e-08,true,189.1-2009 - Office - ClosedOffice - CZ4-8 Ventilation,Sum,0.009439,0,0,0,,{211aaf3f-c2e9-423c-b7f2-9fd11d97933f}
z-l-commerce-1,commerce_retail,commerce,CLASSIFIED,zlcommerce1,706.901523,706.901523,114.13537,0.161459,6.193536,false,Retail Retail,Retail Retail,SOURCE_METADATA_CONSISTENT,,space_type,Retail Retail,Retail Retail People Definition,People/Area,0.161458656250646,RetailStandalone BLDG_OCC_SCH,RetailStandalone ACTIVITY_SCH,0.3,,3.82e-08,true,Retail Retail Ventilation,Sum,0,0.001524,0,0,,{b56e0862-37aa-470b-8f9a-97d3cb5dd084}
z-l-commerce-2,commerce_retail,commerce,CLASSIFIED,zlcommerce2,355.914593,355.914593,57.465492,0.161459,6.193536,false,Retail Retail,Retail Retail,SOURCE_METADATA_CONSISTENT,,space_type,Retail Retail,Retail Retail People Definition,People/Area,0.161458656250646,RetailStandalone BLDG_OCC_SCH,RetailStandalone ACTIVITY_SCH,0.3,,3.82e-08,true,Retail Retail Ventilation,Sum,0,0.001524,0,0,,{8dd9d0f0-c41e-4547-af41-e3647b2cac00}
z-l-commerce-3,commerce_retail,commerce,CLASSIFIED,zlcommerce3,366.572213,366.572213,59.186257,0.161459,6.193536,false,Retail Retail,Retail Retail,SOURCE_METADATA_CONSISTENT,,space_type,Retail Retail,Retail Retail People Definition,People/Area,0.161458656250646,RetailStandalone BLDG_OCC_SCH,RetailStandalone ACTIVITY_SCH,0.3,,3.82e-08,true,Retail Retail Ventilation,Sum,0,0.001524,0,0,,{bb0dfa7b-16b6-4fe6-8fb7-767956843d1b}
z-l-commerce-4,commerce_retail,commerce,CLASSIFIED,zlcommerce4,668.922236,668.922236,108.003285,0.161459,6.193536,false,Retail Retail,Retail Retail,SOURCE_METADATA_CONSISTENT,,space_type,Retail Retail,Retail Retail People Definition,People/Area,0.161458656250646,RetailStandalone BLDG_OCC_SCH,RetailStandalone ACTIVITY_SCH,0.3,,3.82e-08,true,Retail Retail Ventilation,Sum,0,0.001524,0,0,,{353c8e2e-dbdf-4a6e-af37-f3a1dffaeaa6}
z-l-commerce-5,commerce_retail,commerce,CLASSIFIED,zlcommerce5,1456.74059,1456.74059,235.203378,0.161459,6.193536,false,Retail Retail,Retail Retail,SOURCE_METADATA_CONSISTENT,,space_type,Retail Retail,Retail Retail People Definition,People/Area,0.161458656250646,RetailStandalone BLDG_OCC_SCH,RetailStandalone ACTIVITY_SCH,0.3,,3.82e-08,true,Retail Retail Ventilation,Sum,0,0.001524,0,0,,{8b9f9b34-ebfb-4516-b376-568f759cb71c}
z-l-dining-1,dining,dining,CLASSIFIED,zldining1,1542.550026,1542.550026,166.038703,0.107639,9.290304,false,Office Dining,Office Dining,SOURCE_METADATA_CONSISTENT,,space_type,Office Dining,Office Dining People Definition,People/Area,0.107639104167097,OfficeLarge BLDG_OCC_SCH,OfficeMedium ACTIVITY_SCH,0.3,,3.82e-08,true,Office Dining Ventilation,Sum,0.007079,0,0,0,,{f901a043-4360-44b5-af3f-06ece38fe4be}
z-l-hall-1,terminal_hall,hall,CLASSIFIED,zlhall1,713.702422,713.702422,38.411145,0.05382,18.580608,true,,189.1-2009 - Office - WholeBuilding - Lg Office - CZ4-8,SOURCE_METADATA_DEFAULTED,,building_default_space_type,189.1-2009 - Office - WholeBuilding - Lg Office - CZ4-8,189.1-2009 - Office - WholeBuilding - Lg Office - CZ4-8 People Definition,People/Area,0.0538195520835486,Large Office Bldg Occ,Large Office Activity,0.3,,3.82e-08,true,189.1-2009 - Office - WholeBuilding - Lg Office - CZ4-8 Ventilation,Sum,0.009439,0,0,0,,{351f1b2e-48d6-445b-b2a5-e9e3c7779211}
z-l-hall-2,terminal_hall,hall,CLASSIFIED,zlhall2,717.876426,717.876426,38.635788,0.05382,18.580608,true,,189.1-2009 - Office - WholeBuilding - Lg Office - CZ4-8,SOURCE_METADATA_DEFAULTED,,building_default_space_type,189.1-2009 - Office - WholeBuilding - Lg Office - CZ4-8,189.1-2009 - Office - WholeBuilding - Lg Office - CZ4-8 People Definition,People/Area,0.0538195520835486,Large Office Bldg Occ,Large Office Activity,0.3,,3.82e-08,true,189.1-2009 - Office - WholeBuilding - Lg Office - CZ4-8 Ventilation,Sum,0.009439,0,0,0,,{c96bb396-e02d-44c2-b41e-2a8df74ee549}
z-l-hall-3,terminal_hall,hall,CLASSIFIED,zlhall3,1225.733118,1225.733118,65.968407,0.05382,18.580608,true,,189.1-2009 - Office - WholeBuilding - Lg Office - CZ4-8,SOURCE_METADATA_DEFAULTED,,building_default_space_type,189.1-2009 - Office - WholeBuilding - Lg Office - CZ4-8,189.1-2009 - Office - WholeBuilding - Lg Office - CZ4-8 People Definition,People/Area,0.0538195520835486,Large Office Bldg Occ,Large Office Activity,0.3,,3.82e-08,true,189.1-2009 - Office - WholeBuilding - Lg Office - CZ4-8 Ventilation,Sum,0.009439,0,0,0,,{cecf0581-8038-4d37-b921-9f2b90f1046f}
z-l-hall-4,terminal_hall,hall,CLASSIFIED,zlhall4,4283.358351,4782.262916,230.528428,0.05382,18.580608,true,,189.1-2009 - Office - WholeBuilding - Lg Office - CZ4-8,SOURCE_METADATA_DEFAULTED,,building_default_space_type,189.1-2009 - Office - WholeBuilding - Lg Office - CZ4-8,189.1-2009 - Office - WholeBuilding - Lg Office - CZ4-8 People Definition,People/Area,0.0538195520835486,Large Office Bldg Occ,Large Office Activity,0.3,,3.82e-08,true,189.1-2009 - Office - WholeBuilding - Lg Office - CZ4-8 Ventilation,Sum,0.009439,0,0,0,,{b61d539d-411d-4b11-9d58-d010db9ce941}
z-l-hall-5,terminal_hall,hall,CLASSIFIED,zlhall5,3432.348815,3681.389557,184.727476,0.05382,18.580608,true,,189.1-2009 - Office - WholeBuilding - Lg Office - CZ4-8,SOURCE_METADATA_DEFAULTED,,building_default_space_type,189.1-2009 - Office - WholeBuilding - Lg Office - CZ4-8,189.1-2009 - Office - WholeBuilding - Lg Office - CZ4-8 People Definition,People/Area,0.0538195520835486,Large Office Bldg Occ,Large Office Activity,0.3,,3.82e-08,true,189.1-2009 - Office - WholeBuilding - Lg Office - CZ4-8 Ventilation,Sum,0.009439,0,0,0,,{ad758e7f-df07-4165-bbad-99cc2e0f2fe4}
z-l-hall-6,terminal_hall,hall,CLASSIFIED,zlhall6,1004.605688,1254.399525,54.067428,0.05382,18.580608,true,,189.1-2009 - Office - WholeBuilding - Lg Office - CZ4-8,SOURCE_METADATA_DEFAULTED,,building_default_space_type,189.1-2009 - Office - WholeBuilding - Lg Office - CZ4-8,189.1-2009 - Office - WholeBuilding - Lg Office - CZ4-8 People Definition,People/Area,0.0538195520835486,Large Office Bldg Occ,Large Office Activity,0.3,,3.82e-08,true,189.1-2009 - Office - WholeBuilding - Lg Office - CZ4-8 Ventilation,Sum,0.009439,0,0,0,,{de3d79fd-4371-471a-8aa8-34fff85b099d}
z-l-hall-7,terminal_hall,hall,CLASSIFIED,zlhall7,1105.574902,1105.574902,59.501546,0.05382,18.580608,true,,189.1-2009 - Office - WholeBuilding - Lg Office - CZ4-8,SOURCE_METADATA_DEFAULTED,,building_default_space_type,189.1-2009 - Office - WholeBuilding - Lg Office - CZ4-8,189.1-2009 - Office - WholeBuilding - Lg Office - CZ4-8 People Definition,People/Area,0.0538195520835486,Large Office Bldg Occ,Large Office Activity,0.3,,3.82e-08,true,189.1-2009 - Office - WholeBuilding - Lg Office - CZ4-8 Ventilation,Sum,0.009439,0,0,0,,{270580c7-2e25-40a8-ba6c-74748db8bdbd}
z-l-hall-8,terminal_hall,hall,CLASSIFIED,zlhall8,804.532172,804.532172,43.299561,0.05382,18.580608,true,,189.1-2009 - Office - WholeBuilding - Lg Office - CZ4-8,SOURCE_METADATA_DEFAULTED,,building_default_space_type,189.1-2009 - Office - WholeBuilding - Lg Office - CZ4-8,189.1-2009 - Office - WholeBuilding - Lg Office - CZ4-8 People Definition,People/Area,0.0538195520835486,Large Office Bldg Occ,Large Office Activity,0.3,,3.82e-08,true,189.1-2009 - Office - WholeBuilding - Lg Office - CZ4-8 Ventilation,Sum,0.009439,0,0,0,,{b6ab47de-aa6a-443c-b471-0fb9c166ab6b}
z-l-hall-9,terminal_hall,hall,CLASSIFIED,zlhall9,705.007426,705.007426,37.943184,0.05382,18.580608,true,,189.1-2009 - Office - WholeBuilding - Lg Office - CZ4-8,SOURCE_METADATA_DEFAULTED,,building_default_space_type,189.1-2009 - Office - WholeBuilding - Lg Office - CZ4-8,189.1-2009 - Office - WholeBuilding - Lg Office - CZ4-8 People Definition,People/Area,0.0538195520835486,Large Office Bldg Occ,Large Office Activity,0.3,,3.82e-08,true,189.1-2009 - Office - WholeBuilding - Lg Office - CZ4-8 Ventilation,Sum,0.009439,0,0,0,,{bcbd3348-fb9a-41e0-957c-74f09421ed51}
z-r-commerce-1,commerce_retail,commerce,CLASSIFIED,zrcommerce1,706.901523,706.901523,38.045123,0.05382,18.580608,true,,189.1-2009 - Office - WholeBuilding - Lg Office - CZ4-8,SOURCE_METADATA_DEFAULTED,,building_default_space_type,189.1-2009 - Office - WholeBuilding - Lg Office - CZ4-8,189.1-2009 - Office - WholeBuilding - Lg Office - CZ4-8 People Definition,People/Area,0.0538195520835486,Large Office Bldg Occ,Large Office Activity,0.3,,3.82e-08,true,189.1-2009 - Office - WholeBuilding - Lg Office - CZ4-8 Ventilation,Sum,0.009439,0,0,0,,{0509e814-c687-4506-b159-9d6346892a0c}
z-r-commerce-2,commerce_retail,commerce,CLASSIFIED,zrcommerce2,355.914593,355.914593,19.155164,0.05382,18.580608,true,,189.1-2009 - Office - WholeBuilding - Lg Office - CZ4-8,SOURCE_METADATA_DEFAULTED,,building_default_space_type,189.1-2009 - Office - WholeBuilding - Lg Office - CZ4-8,189.1-2009 - Office - WholeBuilding - Lg Office - CZ4-8 People Definition,People/Area,0.0538195520835486,Large Office Bldg Occ,Large Office Activity,0.3,,3.82e-08,true,189.1-2009 - Office - WholeBuilding - Lg Office - CZ4-8 Ventilation,Sum,0.009439,0,0,0,,{6dcec1c8-899a-4444-a92c-eb1bbf423155}
z-r-commerce-3,commerce_retail,commerce,CLASSIFIED,zrcommerce3,366.572413,366.572413,19.728763,0.05382,18.580608,true,,189.1-2009 - Office - WholeBuilding - Lg Office - CZ4-8,SOURCE_METADATA_DEFAULTED,,building_default_space_type,189.1-2009 - Office - WholeBuilding - Lg Office - CZ4-8,189.1-2009 - Office - WholeBuilding - Lg Office - CZ4-8 People Definition,People/Area,0.0538195520835486,Large Office Bldg Occ,Large Office Activity,0.3,,3.82e-08,true,189.1-2009 - Office - WholeBuilding - Lg Office - CZ4-8 Ventilation,Sum,0.009439,0,0,0,,{b0245cb0-46e4-4516-8f08-701704930bc0}
z-r-commerce-4,commerce_retail,commerce,CLASSIFIED,zrcommerce4,668.922236,668.922236,36.001095,0.05382,18.580608,true,,189.1-2009 - Office - WholeBuilding - Lg Office - CZ4-8,SOURCE_METADATA_DEFAULTED,,building_default_space_type,189.1-2009 - Office - WholeBuilding - Lg Office - CZ4-8,189.1-2009 - Office - WholeBuilding - Lg Office - CZ4-8 People Definition,People/Area,0.0538195520835486,Large Office Bldg Occ,Large Office Activity,0.3,,3.82e-08,true,189.1-2009 - Office - WholeBuilding - Lg Office - CZ4-8 Ventilation,Sum,0.009439,0,0,0,,{4834b2b8-3608-408e-a321-0098f0acd079}
z-r-commerce-5,commerce_retail,commerce,CLASSIFIED,zrcommerce5,1456.74059,1456.74059,78.401126,0.05382,18.580608,true,,189.1-2009 - Office - WholeBuilding - Lg Office - CZ4-8,SOURCE_METADATA_DEFAULTED,,building_default_space_type,189.1-2009 - Office - WholeBuilding - Lg Office - CZ4-8,189.1-2009 - Office - WholeBuilding - Lg Office - CZ4-8 People Definition,People/Area,0.0538195520835486,Large Office Bldg Occ,Large Office Activity,0.3,,3.82e-08,true,189.1-2009 - Office - WholeBuilding - Lg Office - CZ4-8 Ventilation,Sum,0.009439,0,0,0,,{e752a7d6-cfb1-4ecc-bf8c-f251b2b43d2c}
z-r-dining-1,dining,dining,CLASSIFIED,zrdining1,1542.544132,1542.544132,166.038068,0.107639,9.290304,false,Office Dining,Office Dining,SOURCE_METADATA_CONSISTENT,,space_type,Office Dining,Office Dining People Definition,People/Area,0.107639104167097,OfficeLarge BLDG_OCC_SCH,OfficeMedium ACTIVITY_SCH,0.3,,3.82e-08,true,Office Dining Ventilation,Sum,0.007079,0,0,0,,{51b6cc21-323e-4d0c-9e46-b15430a64c3b}
z-r-hall-1,terminal_hall,hall,CLASSIFIED,zrhall1,713.702422,713.702422,38.411145,0.05382,18.580608,true,,189.1-2009 - Office - WholeBuilding - Lg Office - CZ4-8,SOURCE_METADATA_DEFAULTED,,building_default_space_type,189.1-2009 - Office - WholeBuilding - Lg Office - CZ4-8,189.1-2009 - Office - WholeBuilding - Lg Office - CZ4-8 People Definition,People/Area,0.0538195520835486,Large Office Bldg Occ,Large Office Activity,0.3,,3.82e-08,true,189.1-2009 - Office - WholeBuilding - Lg Office - CZ4-8 Ventilation,Sum,0.009439,0,0,0,,{48844333-ba3a-4463-9309-c9ca285b6207}
z-r-hall-2,terminal_hall,hall,CLASSIFIED,zrhall2,717.876426,717.876426,38.635788,0.05382,18.580608,true,,189.1-2009 - Office - WholeBuilding - Lg Office - CZ4-8,SOURCE_METADATA_DEFAULTED,,building_default_space_type,189.1-2009 - Office - WholeBuilding - Lg Office - CZ4-8,189.1-2009 - Office - WholeBuilding - Lg Office - CZ4-8 People Definition,People/Area,0.0538195520835486,Large Office Bldg Occ,Large Office Activity,0.3,,3.82e-08,true,189.1-2009 - Office - WholeBuilding - Lg Office - CZ4-8 Ventilation,Sum,0.009439,0,0,0,,{eda0f749-4f92-4856-86c0-d912f8668f65}
z-r-hall-3,terminal_hall,hall,CLASSIFIED,zrhall3,1225.733118,1225.733118,65.968407,0.05382,18.580608,true,,189.1-2009 - Office - WholeBuilding - Lg Office - CZ4-8,SOURCE_METADATA_DEFAULTED,,building_default_space_type,189.1-2009 - Office - WholeBuilding - Lg Office - CZ4-8,189.1-2009 - Office - WholeBuilding - Lg Office - CZ4-8 People Definition,People/Area,0.0538195520835486,Large Office Bldg Occ,Large Office Activity,0.3,,3.82e-08,true,189.1-2009 - Office - WholeBuilding - Lg Office - CZ4-8 Ventilation,Sum,0.009439,0,0,0,,{1e236376-f718-44db-91bd-0267db52718d}
z-r-hall-4,terminal_hall,hall,CLASSIFIED,zrhall4,4283.364242,4782.268813,230.528745,0.05382,18.580608,true,,189.1-2009 - Office - WholeBuilding - Lg Office - CZ4-8,SOURCE_METADATA_DEFAULTED,,building_default_space_type,189.1-2009 - Office - WholeBuilding - Lg Office - CZ4-8,189.1-2009 - Office - WholeBuilding - Lg Office - CZ4-8 People Definition,People/Area,0.0538195520835486,Large Office Bldg Occ,Large Office Activity,0.3,,3.82e-08,true,189.1-2009 - Office - WholeBuilding - Lg Office - CZ4-8 Ventilation,Sum,0.009439,0,0,0,,{4391c912-a9ba-41a6-9a5e-0cf9db4c12f3}
z-r-hall-5,terminal_hall,hall,CLASSIFIED,zrhall5,3432.348815,3681.389557,184.727476,0.05382,18.580608,true,,189.1-2009 - Office - WholeBuilding - Lg Office - CZ4-8,SOURCE_METADATA_DEFAULTED,,building_default_space_type,189.1-2009 - Office - WholeBuilding - Lg Office - CZ4-8,189.1-2009 - Office - WholeBuilding - Lg Office - CZ4-8 People Definition,People/Area,0.0538195520835486,Large Office Bldg Occ,Large Office Activity,0.3,,3.82e-08,true,189.1-2009 - Office - WholeBuilding - Lg Office - CZ4-8 Ventilation,Sum,0.009439,0,0,0,,{6b6a4f96-7b92-454d-940d-78ca7fc38e67}
z-r-hall-6,terminal_hall,hall,CLASSIFIED,zrhall6,1004.605523,1254.399306,54.067419,0.05382,18.580608,true,,189.1-2009 - Office - WholeBuilding - Lg Office - CZ4-8,SOURCE_METADATA_DEFAULTED,,building_default_space_type,189.1-2009 - Office - WholeBuilding - Lg Office - CZ4-8,189.1-2009 - Office - WholeBuilding - Lg Office - CZ4-8 People Definition,People/Area,0.0538195520835486,Large Office Bldg Occ,Large Office Activity,0.3,,3.82e-08,true,189.1-2009 - Office - WholeBuilding - Lg Office - CZ4-8 Ventilation,Sum,0.009439,0,0,0,,{9f8970c7-9ec0-44f5-b4ae-cdcc40a8c4c4}
z-r-hall-7,terminal_hall,hall,CLASSIFIED,zrhall7,1105.574902,1105.574902,59.501546,0.05382,18.580608,true,,189.1-2009 - Office - WholeBuilding - Lg Office - CZ4-8,SOURCE_METADATA_DEFAULTED,,building_default_space_type,189.1-2009 - Office - WholeBuilding - Lg Office - CZ4-8,189.1-2009 - Office - WholeBuilding - Lg Office - CZ4-8 People Definition,People/Area,0.0538195520835486,Large Office Bldg Occ,Large Office Activity,0.3,,3.82e-08,true,189.1-2009 - Office - WholeBuilding - Lg Office - CZ4-8 Ventilation,Sum,0.009439,0,0,0,,{97dce718-9b97-412d-b3f0-22f0638a84d0}
z-r-hall-8,terminal_hall,hall,CLASSIFIED,zrhall8,804.532172,804.532172,43.299561,0.05382,18.580608,true,,189.1-2009 - Office - WholeBuilding - Lg Office - CZ4-8,SOURCE_METADATA_DEFAULTED,,building_default_space_type,189.1-2009 - Office - WholeBuilding - Lg Office - CZ4-8,189.1-2009 - Office - WholeBuilding - Lg Office - CZ4-8 People Definition,People/Area,0.0538195520835486,Large Office Bldg Occ,Large Office Activity,0.3,,3.82e-08,true,189.1-2009 - Office - WholeBuilding - Lg Office - CZ4-8 Ventilation,Sum,0.009439,0,0,0,,{90c31cbb-7c18-407f-89a9-2e96ff836cdc}
z-r-hall-9,terminal_hall,hall,CLASSIFIED,zrhall9,705.007427,705.007427,37.943184,0.05382,18.580608,true,,189.1-2009 - Office - WholeBuilding - Lg Office - CZ4-8,SOURCE_METADATA_DEFAULTED,,building_default_space_type,189.1-2009 - Office - WholeBuilding - Lg Office - CZ4-8,189.1-2009 - Office - WholeBuilding - Lg Office - CZ4-8 People Definition,People/Area,0.0538195520835486,Large Office Bldg Occ,Large Office Activity,0.3,,3.82e-08,true,189.1-2009 - Office - WholeBuilding - Lg Office - CZ4-8 Ventilation,Sum,0.009439,0,0,0,,{9a58e880-1006-4e07-b664-5c0f5101eb08}
z-u-breakroom-1,breakroom,breakroom,CLASSIFIED,zubreakroom1,469.503941,469.503941,25.268492,0.05382,18.580608,true,,189.1-2009 - Office - WholeBuilding - Lg Office - CZ4-8,SOURCE_METADATA_DEFAULTED,,building_default_space_type,189.1-2009 - Office - WholeBuilding - Lg Office - CZ4-8,189.1-2009 - Office - WholeBuilding - Lg Office - CZ4-8 People Definition,People/Area,0.0538195520835486,Large Office Bldg Occ,Large Office Activity,0.3,,3.82e-08,true,189.1-2009 - Office - WholeBuilding - Lg Office - CZ4-8 Ventilation,Sum,0.009439,0,0,0,,{4e9114ca-2de9-4877-a8e1-793c012ede8a}
z-u-breakroom-2,breakroom,breakroom,CLASSIFIED,zubreakroom2,469.503941,469.503941,25.268492,0.05382,18.580608,true,,189.1-2009 - Office - WholeBuilding - Lg Office - CZ4-8,SOURCE_METADATA_DEFAULTED,,building_default_space_type,189.1-2009 - Office - WholeBuilding - Lg Office - CZ4-8,189.1-2009 - Office - WholeBuilding - Lg Office - CZ4-8 People Definition,People/Area,0.0538195520835486,Large Office Bldg Occ,Large Office Activity,0.3,,3.82e-08,true,189.1-2009 - Office - WholeBuilding - Lg Office - CZ4-8 Ventilation,Sum,0.009439,0,0,0,,{88c51aec-6b6d-4449-92d9-847efb207f1d}
z-u-commerce-1,commerce_retail,commerce,CLASSIFIED,zucommerce1,406.959552,406.959552,65.707142,0.161459,6.193536,false,Retail Retail,Retail Retail,SOURCE_METADATA_CONSISTENT,,space_type,Retail Retail,Retail Retail People Definition,People/Area,0.161458656250646,RetailStandalone BLDG_OCC_SCH,RetailStandalone ACTIVITY_SCH,0.3,,3.82e-08,true,Retail Retail Ventilation,Sum,0,0.001524,0,0,,{3b83fdba-cbb0-4bc1-be4f-e56198fdeaab}
z-u-commerce-2,commerce_retail,commerce,CLASSIFIED,zucommerce2,406.959552,406.959552,65.707142,0.161459,6.193536,false,Retail Retail,Retail Retail,SOURCE_METADATA_CONSISTENT,,space_type,Retail Retail,Retail Retail People Definition,People/Area,0.161458656250646,RetailStandalone BLDG_OCC_SCH,RetailStandalone ACTIVITY_SCH,0.3,,3.82e-08,true,Retail Retail Ventilation,Sum,0,0.001524,0,0,,{f9571ff1-a7f9-4871-b4d5-31ee41b3dad9}
z-u-hall-1,terminal_hall,hall,CLASSIFIED,zuhall1,1591.4117,1911.411821,85.649065,0.05382,18.580608,true,,189.1-2009 - Office - WholeBuilding - Lg Office - CZ4-8,SOURCE_METADATA_DEFAULTED,,building_default_space_type,189.1-2009 - Office - WholeBuilding - Lg Office - CZ4-8,189.1-2009 - Office - WholeBuilding - Lg Office - CZ4-8 People Definition,People/Area,0.0538195520835486,Large Office Bldg Occ,Large Office Activity,0.3,,3.82e-08,true,189.1-2009 - Office - WholeBuilding - Lg Office - CZ4-8 Ventilation,Sum,0.009439,0,0,0,,{92ccf96b-22f1-4fd8-9bf8-41b0bf8bd4d6}
z-u-hall-10,terminal_hall,hall,CLASSIFIED,zuhall10,1785.106583,1785.106583,96.073637,0.05382,18.580608,true,,189.1-2009 - Office - WholeBuilding - Lg Office - CZ4-8,SOURCE_METADATA_DEFAULTED,,building_default_space_type,189.1-2009 - Office - WholeBuilding - Lg Office - CZ4-8,189.1-2009 - Office - WholeBuilding - Lg Office - CZ4-8 People Definition,People/Area,0.0538195520835486,Large Office Bldg Occ,Large Office Activity,0.3,,3.82e-08,true,189.1-2009 - Office - WholeBuilding - Lg Office - CZ4-8 Ventilation,Sum,0.009439,0,0,0,,{6142a195-2183-4a4b-b7b3-83b6e8a1afeb}
z-u-hall-11,terminal_hall,hall,CLASSIFIED,zuhall11,324.820226,622.585916,17.481679,0.05382,18.580608,true,,189.1-2009 - Office - WholeBuilding - Lg Office - CZ4-8,SOURCE_METADATA_DEFAULTED,,building_default_space_type,189.1-2009 - Office - WholeBuilding - Lg Office - CZ4-8,189.1-2009 - Office - WholeBuilding - Lg Office - CZ4-8 People Definition,People/Area,0.0538195520835486,Large Office Bldg Occ,Large Office Activity,0.3,,3.82e-08,true,189.1-2009 - Office - WholeBuilding - Lg Office - CZ4-8 Ventilation,Sum,0.009439,0,0,0,,{d73e30cf-1f0b-4f29-8377-9a87ad1f724e}
z-u-hall-12,terminal_hall,hall,CLASSIFIED,zuhall12,324.82188,622.590327,17.481768,0.05382,18.580608,true,,189.1-2009 - Office - WholeBuilding - Lg Office - CZ4-8,SOURCE_METADATA_DEFAULTED,,building_default_space_type,189.1-2009 - Office - WholeBuilding - Lg Office - CZ4-8,189.1-2009 - Office - WholeBuilding - Lg Office - CZ4-8 People Definition,People/Area,0.0538195520835486,Large Office Bldg Occ,Large Office Activity,0.3,,3.82e-08,true,189.1-2009 - Office - WholeBuilding - Lg Office - CZ4-8 Ventilation,Sum,0.009439,0,0,0,,{ad1d4698-7f8c-4d37-bdee-eeacd2e6e372}
z-u-hall-2,terminal_hall,hall,CLASSIFIED,zuhall2,2169.689657,2494.492047,116.771725,0.05382,18.580608,true,,189.1-2009 - Office - WholeBuilding - Lg Office - CZ4-8,SOURCE_METADATA_DEFAULTED,,building_default_space_type,189.1-2009 - Office - WholeBuilding - Lg Office - CZ4-8,189.1-2009 - Office - WholeBuilding - Lg Office - CZ4-8 People Definition,People/Area,0.0538195520835486,Large Office Bldg Occ,Large Office Activity,0.3,,3.82e-08,true,189.1-2009 - Office - WholeBuilding - Lg Office - CZ4-8 Ventilation,Sum,0.009439,0,0,0,,{e71f887c-454d-472f-bc5a-b582053aabdf}
z-u-hall-3,terminal_hall,hall,CLASSIFIED,zuhall3,2169.917305,2494.789423,116.783977,0.05382,18.580608,true,,189.1-2009 - Office - WholeBuilding - Lg Office - CZ4-8,SOURCE_METADATA_DEFAULTED,,building_default_space_type,189.1-2009 - Office - WholeBuilding - Lg Office - CZ4-8,189.1-2009 - Office - WholeBuilding - Lg Office - CZ4-8 People Definition,People/Area,0.0538195520835486,Large Office Bldg Occ,Large Office Activity,0.3,,3.82e-08,true,189.1-2009 - Office - WholeBuilding - Lg Office - CZ4-8 Ventilation,Sum,0.009439,0,0,0,,{d669f2b1-e786-42b1-afcd-efe0f8acbf47}
z-u-hall-4,terminal_hall,hall,CLASSIFIED,zuhall4,1591.087722,1911.017608,85.631629,0.05382,18.580608,true,,189.1-2009 - Office - WholeBuilding - Lg Office - CZ4-8,SOURCE_METADATA_DEFAULTED,,building_default_space_type,189.1-2009 - Office - WholeBuilding - Lg Office - CZ4-8,189.1-2009 - Office - WholeBuilding - Lg Office - CZ4-8 People Definition,People/Area,0.0538195520835486,Large Office Bldg Occ,Large Office Activity,0.3,,3.82e-08,true,189.1-2009 - Office - WholeBuilding - Lg Office - CZ4-8 Ventilation,Sum,0.009439,0,0,0,,{2bf8672b-1dce-4109-98ec-32b3b42b40e5}
z-u-hall-5,terminal_hall,hall,CLASSIFIED,zuhall5,2269.729519,2269.729519,122.155826,0.05382,18.580608,true,,189.1-2009 - Office - WholeBuilding - Lg Office - CZ4-8,SOURCE_METADATA_DEFAULTED,,building_default_space_type,189.1-2009 - Office - WholeBuilding - Lg Office - CZ4-8,189.1-2009 - Office - WholeBuilding - Lg Office - CZ4-8 People Definition,People/Area,0.0538195520835486,Large Office Bldg Occ,Large Office Activity,0.3,,3.82e-08,true,189.1-2009 - Office - WholeBuilding - Lg Office - CZ4-8 Ventilation,Sum,0.009439,0,0,0,,{c3ae131f-76b1-440d-9bc7-e96c164f12a7}
z-u-hall-6,terminal_hall,hall,CLASSIFIED,zuhall6,4832.948133,4832.948133,260.107104,0.05382,18.580608,true,,189.1-2009 - Office - WholeBuilding - Lg Office - CZ4-8,SOURCE_METADATA_DEFAULTED,,building_default_space_type,189.1-2009 - Office - WholeBuilding - Lg Office - CZ4-8,189.1-2009 - Office - WholeBuilding - Lg Office - CZ4-8 People Definition,People/Area,0.0538195520835486,Large Office Bldg Occ,Large Office Activity,0.3,,3.82e-08,true,189.1-2009 - Office - WholeBuilding - Lg Office - CZ4-8 Ventilation,Sum,0.009439,0,0,0,,{232637a5-36a9-46b7-85e2-ff11fb39a470}
z-u-hall-7,terminal_hall,hall,CLASSIFIED,zuhall7,4832.948133,4832.948133,260.107104,0.05382,18.580608,true,,189.1-2009 - Office - WholeBuilding - Lg Office - CZ4-8,SOURCE_METADATA_DEFAULTED,,building_default_space_type,189.1-2009 - Office - WholeBuilding - Lg Office - CZ4-8,189.1-2009 - Office - WholeBuilding - Lg Office - CZ4-8 People Definition,People/Area,0.0538195520835486,Large Office Bldg Occ,Large Office Activity,0.3,,3.82e-08,true,189.1-2009 - Office - WholeBuilding - Lg Office - CZ4-8 Ventilation,Sum,0.009439,0,0,0,,{392454f5-c16f-408b-b6ee-f8f500317bc4}
z-u-hall-8,terminal_hall,hall,CLASSIFIED,zuhall8,2269.729519,2269.729519,122.155826,0.05382,18.580608,true,,189.1-2009 - Office - WholeBuilding - Lg Office - CZ4-8,SOURCE_METADATA_DEFAULTED,,building_default_space_type,189.1-2009 - Office - WholeBuilding - Lg Office - CZ4-8,189.1-2009 - Office - WholeBuilding - Lg Office - CZ4-8 People Definition,People/Area,0.0538195520835486,Large Office Bldg Occ,Large Office Activity,0.3,,3.82e-08,true,189.1-2009 - Office - WholeBuilding - Lg Office - CZ4-8 Ventilation,Sum,0.009439,0,0,0,,{31022c4a-7c28-4441-9b5f-829cd4c729f6}
z-u-hall-9,terminal_hall,hall,CLASSIFIED,zuhall9,1785.106578,2002.95998,96.073636,0.05382,18.580608,true,,189.1-2009 - Office - WholeBuilding - Lg Office - CZ4-8,SOURCE_METADATA_DEFAULTED,,building_default_space_type,189.1-2009 - Office - WholeBuilding - Lg Office - CZ4-8,189.1-2009 - Office - WholeBuilding - Lg Office - CZ4-8 People Definition,People/Area,0.0538195520835486,Large Office Bldg Occ,Large Office Activity,0.3,,3.82e-08,true,189.1-2009 - Office - WholeBuilding - Lg Office - CZ4-8 Ventilation,Sum,0.009439,0,0,0,,{0f6d1300-e211-46f3-a1bc-b2d8518db001}
z-u-office-1,office,office,CLASSIFIED,zuoffice1,1094.74377,1094.74377,55.972688,0.051129,19.558535,false,189.1-2009 - Office - ClosedOffice - CZ4-8 1,189.1-2009 - Office - ClosedOffice - CZ4-8 1,SOURCE_METADATA_CONSISTENT,,space_type,189.1-2009 - Office - ClosedOffice - CZ4-8 1,189.1-2009 - Office - ClosedOffice - CZ4-8 People Definition,People/Area,0.0511285744793712,Office Work Occ,Office Activity,0.3,,3.82e-08,true,189.1-2009 - Office - ClosedOffice - CZ4-8 Ventilation,Sum,0.009439,0,0,0,,{5b7880bb-8bf8-44d1-a2a8-ef2f1e97aad2}
z-u-office-10,office,office,CLASSIFIED,zuoffice10,316.940649,316.940649,16.204724,0.051129,19.558535,false,189.1-2009 - Office - ClosedOffice - CZ4-8 1,189.1-2009 - Office - ClosedOffice - CZ4-8 1,SOURCE_METADATA_CONSISTENT,,space_type,189.1-2009 - Office - ClosedOffice - CZ4-8 1,189.1-2009 - Office - ClosedOffice - CZ4-8 People Definition,People/Area,0.0511285744793712,Office Work Occ,Office Activity,0.3,,3.82e-08,true,189.1-2009 - Office - ClosedOffice - CZ4-8 Ventilation,Sum,0.009439,0,0,0,,{fea9921f-ae3a-455d-80af-9ed189c878a5}
z-u-office-11,office,office,CLASSIFIED,zuoffice11,502.960209,502.960209,27.069093,0.05382,18.580608,false,189.1-2009 - Office - IT_Room - CZ1-3,189.1-2009 - Office - IT_Room - CZ1-3,SOURCE_METADATA_CONFLICT,office_name_vs_it_room_space_type,space_type,189.1-2009 - Office - IT_Room - CZ1-3,189.1-2009 - Office - IT_Room - CZ1-3 People Definition,People/Area,0.0538195520835486,Office Misc Occ,Office Activity,0.3,,3.82e-08,true,189.1-2009 - Office - IT_Room - CZ1-3 Ventilation,Sum,0,0.000254,0,0,,{572df65a-4031-4428-bd08-0326e220d67a}
z-u-office-2,office,office,CLASSIFIED,zuoffice2,1041.532701,1041.532701,53.252082,0.051129,19.558535,false,189.1-2009 - Office - ClosedOffice - CZ4-8 1,189.1-2009 - Office - ClosedOffice - CZ4-8 1,SOURCE_METADATA_CONSISTENT,,space_type,189.1-2009 - Office - ClosedOffice - CZ4-8 1,189.1-2009 - Office - ClosedOffice - CZ4-8 People Definition,People/Area,0.0511285744793712,Office Work Occ,Office Activity,0.3,,3.82e-08,true,189.1-2009 - Office - ClosedOffice - CZ4-8 Ventilation,Sum,0.009439,0,0,0,,{387443eb-c5a7-4be8-833a-bb46159b16a4}
z-u-office-3,office,office,CLASSIFIED,zuoffice3,1094.74377,1094.74377,55.972688,0.051129,19.558535,false,189.1-2009 - Office - ClosedOffice - CZ4-8 1,189.1-2009 - Office - ClosedOffice - CZ4-8 1,SOURCE_METADATA_CONSISTENT,,space_type,189.1-2009 - Office - ClosedOffice - CZ4-8 1,189.1-2009 - Office - ClosedOffice - CZ4-8 People Definition,People/Area,0.0511285744793712,Office Work Occ,Office Activity,0.3,,3.82e-08,true,189.1-2009 - Office - ClosedOffice - CZ4-8 Ventilation,Sum,0.009439,0,0,0,,{f2579da7-6e76-44a0-81ba-ae8f9b58310f}
z-u-office-4,office,office,CLASSIFIED,zuoffice4,161.841315,161.841315,8.274716,0.051129,19.558535,false,189.1-2009 - Office - ClosedOffice - CZ4-8 1,189.1-2009 - Office - ClosedOffice - CZ4-8 1,SOURCE_METADATA_CONSISTENT,,space_type,189.1-2009 - Office - ClosedOffice - CZ4-8 1,189.1-2009 - Office - ClosedOffice - CZ4-8 People Definition,People/Area,0.0511285744793712,Office Work Occ,Office Activity,0.3,,3.82e-08,true,189.1-2009 - Office - ClosedOffice - CZ4-8 Ventilation,Sum,0.009439,0,0,0,,{dbea876d-6aca-41cb-8551-75e93399ebf4}
z-u-office-5,office,office,CLASSIFIED,zuoffice5,239.286872,239.286872,12.234397,0.051129,19.558535,false,189.1-2009 - Office - ClosedOffice - CZ4-8 1,189.1-2009 - Office - ClosedOffice - CZ4-8 1,SOURCE_METADATA_CONSISTENT,,space_type,189.1-2009 - Office - ClosedOffice - CZ4-8 1,189.1-2009 - Office - ClosedOffice - CZ4-8 People Definition,People/Area,0.0511285744793712,Office Work Occ,Office Activity,0.3,,3.82e-08,true,189.1-2009 - Office - ClosedOffice - CZ4-8 Ventilation,Sum,0.009439,0,0,0,,{bfb409ee-4366-46b5-9184-7818604c8065}
z-u-office-6,office,office,CLASSIFIED,zuoffice6,316.940649,411.155671,16.204724,0.051129,19.558535,false,189.1-2009 - Office - ClosedOffice - CZ4-8 1,189.1-2009 - Office - ClosedOffice - CZ4-8 1,SOURCE_METADATA_CONSISTENT,,space_type,189.1-2009 - Office - ClosedOffice - CZ4-8 1,189.1-2009 - Office - ClosedOffice - CZ4-8 People Definition,People/Area,0.0511285744793712,Office Work Occ,Office Activity,0.3,,3.82e-08,true,189.1-2009 - Office - ClosedOffice - CZ4-8 Ventilation,Sum,0.009439,0,0,0,,{2a523029-88ca-4c0f-ba66-c33770cf8b01}
z-u-office-7,office,office,CLASSIFIED,zuoffice7,502.978074,502.978074,25.716552,0.051129,19.558535,false,189.1-2009 - Office - ClosedOffice - CZ4-8 1,189.1-2009 - Office - ClosedOffice - CZ4-8 1,SOURCE_METADATA_CONSISTENT,,space_type,189.1-2009 - Office - ClosedOffice - CZ4-8 1,189.1-2009 - Office - ClosedOffice - CZ4-8 People Definition,People/Area,0.0511285744793712,Office Work Occ,Office Activity,0.3,,3.82e-08,true,189.1-2009 - Office - ClosedOffice - CZ4-8 Ventilation,Sum,0.009439,0,0,0,,{01919f3f-4f65-4db9-87d1-907293970217}
z-u-office-8,office,office,CLASSIFIED,zuoffice8,161.824598,161.824598,8.273861,0.051129,19.558535,false,189.1-2009 - Office - ClosedOffice - CZ4-8 1,189.1-2009 - Office - ClosedOffice - CZ4-8 1,SOURCE_METADATA_CONSISTENT,,space_type,189.1-2009 - Office - ClosedOffice - CZ4-8 1,189.1-2009 - Office - ClosedOffice - CZ4-8 People Definition,People/Area,0.0511285744793712,Office Work Occ,Office Activity,0.3,,3.82e-08,true,189.1-2009 - Office - ClosedOffice - CZ4-8 Ventilation,Sum,0.009439,0,0,0,,{2c3fa23d-389d-4b3a-a586-a09c5b48fda8}
z-u-office-9,office,office,CLASSIFIED,zuoffice9,239.277627,239.277627,12.233924,0.051129,19.558535,false,189.1-2009 - Office - ClosedOffice - CZ4-8 1,189.1-2009 - Office - ClosedOffice - CZ4-8 1,SOURCE_METADATA_CONSISTENT,,space_type,189.1-2009 - Office - ClosedOffice - CZ4-8 1,189.1-2009 - Office - ClosedOffice - CZ4-8 People Definition,People/Area,0.0511285744793712,Office Work Occ,Office Activity,0.3,,3.82e-08,true,189.1-2009 - Office - ClosedOffice - CZ4-8 Ventilation,Sum,0.009439,0,0,0,,{7e10bf3c-54b4-443a-86c7-2b5316ee9aeb}
z-u-restroom-1,restroom,restroom,CLASSIFIED,zurestroom1,970.001975,970.001975,104.410144,0.107639,9.290304,false,189.1-2009 - Office - Restroom - CZ4-8,189.1-2009 - Office - Restroom - CZ4-8,SOURCE_METADATA_CONSISTENT,,space_type,189.1-2009 - Office - Restroom - CZ4-8,189.1-2009 - Office - Restroom - CZ4-8 People Definition,People/Area,0.107639104167097,Office Misc Occ,Office Activity,0.3,,3.82e-08,true,189.1-2009 - Office - Restroom - CZ4-8 Ventilation,Sum,0,0.004877,0,0,,{a1e03000-bcdb-4700-86d6-e643fec0e687}
z-u-restroom-2,restroom,restroom,CLASSIFIED,zurestroom2,969.954135,969.954135,104.404994,0.107639,9.290304,false,189.1-2009 - Office - Restroom - CZ4-8,189.1-2009 - Office - Restroom - CZ4-8,SOURCE_METADATA_CONSISTENT,,space_type,189.1-2009 - Office - Restroom - CZ4-8,189.1-2009 - Office - Restroom - CZ4-8 People Definition,People/Area,0.107639104167097,Office Misc Occ,Office Activity,0.3,,3.82e-08,true,189.1-2009 - Office - Restroom - CZ4-8 Ventilation,Sum,0,0.004877,0,0,,{95a24a33-2398-4dd7-82e0-d602ef650bf0}
z-u-restroom-3,restroom,restroom,CLASSIFIED,zurestroom3,438.189128,561.8275,47.166285,0.107639,9.290304,false,189.1-2009 - Office - Restroom - CZ4-8,189.1-2009 - Office - Restroom - CZ4-8,SOURCE_METADATA_CONSISTENT,,space_type,189.1-2009 - Office - Restroom - CZ4-8,189.1-2009 - Office - Restroom - CZ4-8 People Definition,People/Area,0.107639104167097,Office Misc Occ,Office Activity,0.3,,3.82e-08,true,189.1-2009 - Office - Restroom - CZ4-8 Ventilation,Sum,0,0.004877,0,0,,{b5c50d42-b1ce-476f-8011-89695a5757c0}
z-u-restroom-4,restroom,restroom,CLASSIFIED,zurestroom4,438.189128,438.189128,47.166285,0.107639,9.290304,false,189.1-2009 - Office - Restroom - CZ4-8,189.1-2009 - Office - Restroom - CZ4-8,SOURCE_METADATA_CONSISTENT,,space_type,189.1-2009 - Office - Restroom - CZ4-8,189.1-2009 - Office - Restroom - CZ4-8 People Definition,People/Area,0.107639104167097,Office Misc Occ,Office Activity,0.3,,3.82e-08,true,189.1-2009 - Office - Restroom - CZ4-8 Ventilation,Sum,0,0.004877,0,0,,{c583353a-4774-483a-bd07-f5cfca9bf4cc}
z-u-restroom-5,restroom,restroom,CLASSIFIED,zurestroom5,574.857578,574.857578,61.877155,0.107639,9.290304,false,189.1-2009 - Office - Restroom - CZ4-8,189.1-2009 - Office - Restroom - CZ4-8,SOURCE_METADATA_CONSISTENT,,space_type,189.1-2009 - Office - Restroom - CZ4-8,189.1-2009 - Office - Restroom - CZ4-8 People Definition,People/Area,0.107639104167097,Office Misc Occ,Office Activity,0.3,,3.82e-08,true,189.1-2009 - Office - Restroom - CZ4-8 Ventilation,Sum,0,0.004877,0,0,,{61834ccd-43d3-4694-8955-e0594caa7953}
z-u-restroom-6,restroom,restroom,CLASSIFIED,zurestroom6,574.857578,574.857578,61.877155,0.107639,9.290304,false,189.1-2009 - Office - Restroom - CZ4-8,189.1-2009 - Office - Restroom - CZ4-8,SOURCE_METADATA_CONSISTENT,,space_type,189.1-2009 - Office - Restroom - CZ4-8,189.1-2009 - Office - Restroom - CZ4-8 People Definition,People/Area,0.107639104167097,Office Misc Occ,Office Activity,0.3,,3.82e-08,true,189.1-2009 - Office - Restroom - CZ4-8 Ventilation,Sum,0,0.004877,0,0,,{e4267527-dbe5-4536-8aab-b7e55a1a3259}
